-- phpMyAdmin SQL Dump
-- version 5.2.1
-- https://www.phpmyadmin.net/
--
-- Host: 127.0.0.1
-- Generation Time: Jun 28, 2026 at 11:31 PM
-- Server version: 10.4.32-MariaDB
-- PHP Version: 8.2.12

SET SQL_MODE = "NO_AUTO_VALUE_ON_ZERO";
START TRANSACTION;
SET time_zone = "+00:00";


/*!40101 SET @OLD_CHARACTER_SET_CLIENT=@@CHARACTER_SET_CLIENT */;
/*!40101 SET @OLD_CHARACTER_SET_RESULTS=@@CHARACTER_SET_RESULTS */;
/*!40101 SET @OLD_COLLATION_CONNECTION=@@COLLATION_CONNECTION */;
/*!40101 SET NAMES utf8mb4 */;

--
-- Database: `db_manajemen_smk`
--

-- --------------------------------------------------------

--
-- Table structure for table `migrations`
--

CREATE TABLE `migrations` (
  `id` bigint(20) UNSIGNED NOT NULL,
  `version` varchar(255) NOT NULL,
  `class` varchar(255) NOT NULL,
  `group` varchar(255) NOT NULL,
  `namespace` varchar(255) NOT NULL,
  `time` int(11) NOT NULL,
  `batch` int(10) UNSIGNED NOT NULL
) ENGINE=InnoDB DEFAULT CHARSET=utf8mb4 COLLATE=utf8mb4_general_ci;

--
-- Dumping data for table `migrations`
--

INSERT INTO `migrations` (`id`, `version`, `class`, `group`, `namespace`, `time`, `batch`) VALUES
(1, '2026-06-05-000000', 'App\\Database\\Migrations\\AddKelasGuruToMapel', 'default', 'App', 1780684547, 1),
(5, '2026-06-09-000001', 'App\\Database\\Migrations\\CreateGuruTable', 'default', 'App', 1782573870, 2),
(6, '2026-06-25-000001', 'App\\Database\\Migrations\\UpdateAbsensiStatusForGuru', 'default', 'App', 1782573937, 3),
(7, '2026-06-25-000002', 'App\\Database\\Migrations\\AddBkRoleToUsers', 'default', 'App', 1782573937, 3),
(8, '2026-06-27-152727', 'App\\Database\\Migrations\\AddJenisToAbsensi', 'default', 'App', 1782576862, 4),
(9, '2026-06-27-221218', 'App\\Database\\Migrations\\RemoveTerlambatStatus', 'default', 'App', 1782598394, 5),
(10, '2026-06-27-221425', 'App\\Database\\Migrations\\RemoveRuangFromJadwal', 'default', 'App', 1782598479, 6),
(11, '2026-06-27-232633', 'App\\Database\\Migrations\\AddNomorKelas', 'default', 'App', 1782602830, 7),
(12, '2026-06-28-001507', 'App\\Database\\Migrations\\DropKodeMapelFromTblMataPelajaran', 'default', 'App', 1782605730, 8),
(13, '2026-06-28-100000', 'App\\Database\\Migrations\\AddJenisAndJurusanToMapel', 'default', 'App', 1782607053, 9);

-- --------------------------------------------------------

--
-- Table structure for table `tbl_absensi`
--

CREATE TABLE `tbl_absensi` (
  `id_absensi` int(11) NOT NULL,
  `id_siswa` int(11) NOT NULL,
  `id_kelas` int(11) NOT NULL,
  `id_tahun_ajaran` int(11) NOT NULL,
  `id_jadwal` int(11) DEFAULT NULL,
  `jenis` enum('mapel','harian') NOT NULL DEFAULT 'mapel',
  `tanggal` date NOT NULL,
  `status` enum('Hadir','Izin','Sakit','Alpha') NOT NULL DEFAULT 'Hadir',
  `keterangan` varchar(255) DEFAULT NULL,
  `created_at` datetime NOT NULL DEFAULT current_timestamp(),
  `updated_at` datetime NOT NULL DEFAULT current_timestamp() ON UPDATE current_timestamp()
) ENGINE=InnoDB DEFAULT CHARSET=utf8mb4 COLLATE=utf8mb4_unicode_ci;

-- --------------------------------------------------------

--
-- Table structure for table `tbl_guru`
--

CREATE TABLE `tbl_guru` (
  `id_guru` int(11) NOT NULL,
  `nip` varchar(20) NOT NULL,
  `nama_guru` varchar(100) NOT NULL,
  `jenis_kelamin` enum('L','P') NOT NULL,
  `no_hp` varchar(15) DEFAULT NULL,
  `alamat` text DEFAULT NULL,
  `created_at` datetime NOT NULL DEFAULT current_timestamp(),
  `updated_at` datetime NOT NULL DEFAULT current_timestamp() ON UPDATE current_timestamp()
) ENGINE=InnoDB DEFAULT CHARSET=utf8mb4 COLLATE=utf8mb4_unicode_ci;

--
-- Dumping data for table `tbl_guru`
--

INSERT INTO `tbl_guru` (`id_guru`, `nip`, `nama_guru`, `jenis_kelamin`, `no_hp`, `alamat`, `created_at`, `updated_at`) VALUES
(1983, '197201241999041001', 'Ali Imran', 'L', '085321819600', 'Jl. Flamboyan No. 28, RT 04/RW 09, Limo, Depok', '2026-06-28 11:31:26', '2026-06-28 11:31:26'),
(1984, '196609071995041001', 'Arif Rifai', 'L', '085894026542', 'Jl. Nusa Indah No. 98, RT 06/RW 02, Kelapa Dua, Depok', '2026-06-28 11:31:26', '2026-06-28 11:31:26'),
(1985, '198902122017101001', 'A. Latif', 'L', '081407816184', 'Jl. Sukamaju No. 74, RT 04/RW 02, Cimanggis, Depok', '2026-06-28 11:31:26', '2026-06-28 11:31:26'),
(1986, '197905032005022001', 'Kurnia Mustiarti', 'P', '085647525534', 'Jl. Melati No. 78, RT 11/RW 03, Cilodong, Depok', '2026-06-28 11:31:26', '2026-06-28 11:31:26'),
(1987, '198003152009052001', 'Paryati', 'P', '087883503056', 'Jl. Akasia No. 9, RT 04/RW 10, Sukmajaya, Depok', '2026-06-28 11:31:26', '2026-06-28 11:31:26'),
(1988, '197811162007112001', 'Ety Suyety', 'P', '085824238849', 'Jl. Beringin No. 75, RT 07/RW 06, Tapos, Depok', '2026-06-28 11:31:26', '2026-06-28 11:31:26'),
(1989, '197309161997012001', 'Nur Handayani', 'P', '088212269166', 'Jl. Pinus No. 68, RT 05/RW 09, Cimanggis, Depok', '2026-06-28 11:31:26', '2026-06-28 11:31:26'),
(1990, '197211181999112001', 'Rusdiana', 'P', '081614627048', 'Jl. Raya No. 65, RT 02/RW 05, Sawangan, Depok', '2026-06-28 11:31:26', '2026-06-28 11:31:26'),
(1991, '197703122002091001', 'Sutardi', 'L', '089880957015', 'Jl. Rambutan No. 31, RT 01/RW 04, Limo, Depok', '2026-06-28 11:31:26', '2026-06-28 11:31:26'),
(1992, '197002242000021001', 'Nirsanto', 'L', '089882278248', 'Jl. Beringin No. 28, RT 09/RW 04, Cibubur, Depok', '2026-06-28 11:31:26', '2026-06-28 11:31:26'),
(1993, '199011212018081001', 'Redi Dias Setiadi', 'L', '088387133150', 'Jl. Pahlawan No. 76, RT 04/RW 01, Kelapa Dua, Depok', '2026-06-28 11:31:26', '2026-06-28 11:31:26'),
(1994, '196804031991062001', 'Sri Hastutie', 'P', '081383473829', 'Jl. Kelapa No. 32, RT 08/RW 07, Tapos, Depok', '2026-06-28 11:31:26', '2026-06-28 11:31:26'),
(1995, '197102222000062001', 'Fathiah Ramadani El Afsya', 'P', '085767010651', 'Jl. Pondok Jaya No. 25, RT 04/RW 09, Bojongsari, Depok', '2026-06-28 11:31:26', '2026-06-28 11:31:26'),
(1996, '197307062000081001', 'Indra Panca Hermawan', 'L', '085317810801', 'Jl. Pondok Jaya No. 22, RT 07/RW 08, Bojongsari, Depok', '2026-06-28 11:31:26', '2026-06-28 11:31:26'),
(1997, '197807022003072001', 'Ratna Suminar', 'P', '081164746872', 'Jl. Kebon Jeruk No. 38, RT 04/RW 01, Limo, Depok', '2026-06-28 11:31:26', '2026-06-28 11:31:26'),
(1998, '196812111991011001', 'Catur Nugroho', 'L', '085978820812', 'Jl. Melati No. 77, RT 02/RW 04, Pancoran Mas, Depok', '2026-06-28 11:31:26', '2026-06-28 11:31:26'),
(1999, '197210081995102001', 'Setiyarini', 'P', '081369985435', 'Jl. Pondok Jaya No. 34, RT 07/RW 03, Sawangan, Depok', '2026-06-28 11:31:26', '2026-06-28 11:31:26'),
(2000, '198408112008011001', 'Tulus Sutanto', 'L', '085899118384', 'Jl. Dahlia No. 45, RT 02/RW 04, Sukmajaya, Depok', '2026-06-28 11:31:26', '2026-06-28 11:31:26'),
(2001, '198303152010101001', 'M. Husni Usman', 'L', '089980841241', 'Jl. Cendana No. 96, RT 09/RW 03, Cibubur, Depok', '2026-06-28 11:31:26', '2026-06-28 11:31:26'),
(2002, '198310072011042001', 'Kiki Herwanti', 'P', '089548740164', 'Jl. Mawar No. 1, RT 06/RW 03, Sawangan, Depok', '2026-06-28 11:31:26', '2026-06-28 11:31:26'),
(2003, '198103242011092001', 'Ely Sulistriana', 'P', '089668011280', 'Jl. Sukamaju No. 75, RT 09/RW 03, Pancoran Mas, Depok', '2026-06-28 11:31:26', '2026-06-28 11:31:26'),
(2004, '197301102001012001', 'Veronika Cahyandari', 'P', '088353315869', 'Jl. Tulip No. 31, RT 03/RW 03, Pancoran Mas, Depok', '2026-06-28 11:31:26', '2026-06-28 11:31:26'),
(2005, '196603241994071001', 'Rachmat', 'L', '089934216073', 'Jl. Kebon Jeruk No. 59, RT 06/RW 05, Tapos, Depok', '2026-06-28 11:31:26', '2026-06-28 11:31:26'),
(2006, '197901222005072001', 'Septiana Putri Rahayu', 'P', '081641458685', 'Jl. Anggrek No. 15, RT 05/RW 03, Limo, Depok', '2026-06-28 11:31:26', '2026-06-28 11:31:26'),
(2007, '198101042010062001', 'Dian Solinda', 'P', '089756981693', 'Jl. Cendrawasih No. 6, RT 12/RW 07, Cimanggis, Depok', '2026-06-28 11:31:26', '2026-06-28 11:31:26'),
(2008, '197706142001112001', 'Santy Widyasari', 'P', '081695148465', 'Jl. Cempaka No. 90, RT 05/RW 09, Beji, Depok', '2026-06-28 11:31:26', '2026-06-28 11:31:26'),
(2009, '197707222006111001', 'Didik Sudjanto', 'L', '089729946804', 'Jl. Mangga No. 27, RT 07/RW 10, Limo, Depok', '2026-06-28 11:31:26', '2026-06-28 11:31:26'),
(2010, '198508152015112001', 'Eva Octaviani', 'P', '085287214895', 'Jl. Flamboyan No. 97, RT 04/RW 05, Tapos, Depok', '2026-06-28 11:31:26', '2026-06-28 11:31:26'),
(2011, '197703012000042001', 'Yeni Ayu Rahmawati', 'P', '081791769367', 'Jl. Cempaka No. 32, RT 03/RW 01, Kelapa Dua, Depok', '2026-06-28 11:31:26', '2026-06-28 11:31:26'),
(2012, '199204062022011001', 'Isma Yulianto', 'L', '081931727889', 'Jl. Swadaya No. 97, RT 08/RW 10, Cilodong, Depok', '2026-06-28 11:31:26', '2026-06-28 11:31:26'),
(2013, '199209152017121001', 'Muhammad Kafrawi', 'L', '088277434873', 'Jl. Akasia No. 57, RT 02/RW 05, Tapos, Depok', '2026-06-28 11:31:26', '2026-06-28 11:31:26'),
(2014, '198206112006031001', 'Basri', 'L', '082236231665', 'Jl. Salak No. 60, RT 07/RW 01, Tapos, Depok', '2026-06-28 11:31:26', '2026-06-28 11:31:26'),
(2015, '199107252014102001', 'Ita Octaviani', 'P', '085670546688', 'Jl. Pahlawan No. 63, RT 04/RW 05, Pancoran Mas, Depok', '2026-06-28 11:31:26', '2026-06-28 11:31:26'),
(2016, '199601132024111001', 'Dedi Jayadi', 'L', '089562729806', 'Jl. Anggrek No. 11, RT 11/RW 07, Beji, Depok', '2026-06-28 11:31:26', '2026-06-28 11:31:26'),
(2017, '199403022021072001', 'Nuni Setiarmi', 'P', '081637556464', 'Jl. Flamboyan No. 61, RT 01/RW 09, Cimanggis, Depok', '2026-06-28 11:31:26', '2026-06-28 11:31:26'),
(2018, '198704212011111001', 'Fajri Islamiyanto', 'L', '081203309232', 'Jl. Kelapa No. 86, RT 02/RW 10, Tapos, Depok', '2026-06-28 11:31:26', '2026-06-28 11:31:26'),
(2019, '199412092022031001', 'Fariz Achmad', 'L', '087791241904', 'Jl. Bahagia No. 51, RT 12/RW 04, Kelapa Dua, Depok', '2026-06-28 11:31:26', '2026-06-28 11:31:26'),
(2020, '198002232007112001', 'Arum Esti Mumpuni', 'P', '087719058651', 'Jl. Jambu No. 83, RT 06/RW 01, Pancoran Mas, Depok', '2026-06-28 11:31:26', '2026-06-28 11:31:26'),
(2021, '199602142024112001', 'Kiky Rizky Amalia', 'P', '088372628498', 'Jl. Kelapa No. 60, RT 07/RW 10, Cibubur, Depok', '2026-06-28 11:31:26', '2026-06-28 11:31:26'),
(2022, '198504272009051001', 'Tegar Prasetyo', 'L', '088373799650', 'Jl. Asem No. 42, RT 03/RW 08, Tapos, Depok', '2026-06-28 11:31:26', '2026-06-28 11:31:26'),
(2023, '198705112014102001', 'Herlin Nur Indah', 'P', '089648083136', 'Jl. Asem No. 72, RT 04/RW 08, Sawangan, Depok', '2026-06-28 11:31:26', '2026-06-28 11:31:26'),
(2024, '199608262019021001', 'Zeta Adha Trisativa', 'L', '081536349578', 'Jl. Durian No. 45, RT 07/RW 09, Sukmajaya, Depok', '2026-06-28 11:31:26', '2026-06-28 11:31:26'),
(2025, '198712152014052001', 'Anisa Dwi Kusherawati', 'P', '081431351823', 'Jl. Nusa Indah No. 95, RT 08/RW 05, Limo, Depok', '2026-06-28 11:31:26', '2026-06-28 11:31:26'),
(2026, '198302272009052001', 'Detta Pagisty Arthamaya', 'P', '085352408240', 'Jl. Kenanga No. 71, RT 05/RW 03, Sawangan, Depok', '2026-06-28 11:31:26', '2026-06-28 11:31:26'),
(2027, '199602282019102001', 'Febi Larasati', 'P', '081577752047', 'Jl. Kamboja No. 9, RT 07/RW 08, Kelapa Dua, Depok', '2026-06-28 11:31:26', '2026-06-28 11:31:26'),
(2028, '196803051995021001', 'Gunawan Agung', 'L', '085318699938', 'Jl. Bahagia No. 58, RT 08/RW 05, Limo, Depok', '2026-06-28 11:31:26', '2026-06-28 11:31:26'),
(2029, '199205192015102001', 'Feby Saskia Putri', 'P', '089713341232', 'Jl. Melati No. 21, RT 01/RW 07, Bojongsari, Depok', '2026-06-28 11:31:26', '2026-06-28 11:31:26'),
(2030, '199505022021052001', 'Nurul Hana', 'P', '089647134936', 'Jl. Kamboja No. 70, RT 04/RW 03, Cibubur, Depok', '2026-06-28 11:31:26', '2026-06-28 11:31:26'),
(2031, '197402021999052001', 'Kartika Diana Priyadi', 'P', '087794717464', 'Jl. Jambu No. 70, RT 08/RW 08, Kelapa Dua, Depok', '2026-06-28 11:31:26', '2026-06-28 11:31:26'),
(2032, '196707241995102001', 'Rahmawati Utami Fajrin', 'P', '081401399049', 'Jl. Mawar No. 98, RT 03/RW 08, Cilodong, Depok', '2026-06-28 11:31:26', '2026-06-28 11:31:26'),
(2033, '199305062022112001', 'Khoirunnisa', 'P', '088171756551', 'Jl. Pemuda No. 43, RT 07/RW 08, Cibubur, Depok', '2026-06-28 11:31:26', '2026-06-28 11:31:26'),
(2034, '199009022020022001', 'Iin Tri Mulya Ningsih', 'P', '081645168087', 'Jl. Kenari No. 7, RT 04/RW 09, Sukmajaya, Depok', '2026-06-28 11:31:26', '2026-06-28 11:31:26'),
(2035, '199611152019042001', 'Siti Sundari', 'P', '081482477109', 'Jl. Pondok Jaya No. 91, RT 03/RW 05, Cilodong, Depok', '2026-06-28 11:31:26', '2026-06-28 11:31:26'),
(2036, '196509141989041001', 'Adji Saka Ardhana', 'L', '088117127484', 'Jl. Kenari No. 62, RT 08/RW 04, Bojongsari, Depok', '2026-06-28 11:31:26', '2026-06-28 11:31:26'),
(2037, '197407071999021001', 'Rifqi Fadhlurrahman', 'L', '081465840449', 'Jl. Asem No. 20, RT 08/RW 09, Bojongsari, Depok', '2026-06-28 11:31:26', '2026-06-28 11:31:26'),
(2038, '198706182016082001', 'Siti Muthiah', 'P', '081633963605', 'Jl. Kelapa No. 91, RT 07/RW 07, Sawangan, Depok', '2026-06-28 11:31:26', '2026-06-28 11:31:26'),
(2039, '197408021999091001', 'Yubel Tampasigi', 'L', '085951718702', 'Jl. Kenari No. 84, RT 03/RW 02, Bojongsari, Depok', '2026-06-28 11:31:26', '2026-06-28 11:31:26'),
(2040, '198106202010111001', 'Achmad Faisal Ghifari', 'L', '081358657809', 'Jl. Melati No. 31, RT 11/RW 05, Tapos, Depok', '2026-06-28 11:31:26', '2026-06-28 11:31:26'),
(2041, '197007041994081001', 'Bagas Hadi Saputra', 'L', '082340050455', 'Jl. Beringin No. 19, RT 04/RW 09, Pancoran Mas, Depok', '2026-06-28 11:31:26', '2026-06-28 11:31:26'),
(2042, '197603062000102001', 'Intania Maharani', 'P', '088269379237', 'Jl. Cendrawasih No. 59, RT 05/RW 01, Bojongsari, Depok', '2026-06-28 11:31:26', '2026-06-28 11:31:26'),
(2043, '198311182008022001', 'Isti Nurhasanah', 'P', '085859464743', 'Jl. Bahagia No. 62, RT 02/RW 04, Pancoran Mas, Depok', '2026-06-28 11:31:26', '2026-06-28 11:31:26'),
(2044, '198710102014012001', 'Nurhayati', 'P', '088164090974', 'Jl. Pahlawan No. 78, RT 06/RW 04, Sawangan, Depok', '2026-06-28 11:31:26', '2026-06-28 11:31:26');

-- --------------------------------------------------------

--
-- Table structure for table `tbl_jadwal`
--

CREATE TABLE `tbl_jadwal` (
  `id_jadwal` int(11) NOT NULL,
  `id_kelas` int(11) NOT NULL COMMENT 'FK ke tbl_kelas',
  `id_mapel` int(11) NOT NULL COMMENT 'FK ke tbl_mata_pelajaran',
  `id_guru` int(11) NOT NULL COMMENT 'FK ke tbl_guru',
  `hari` enum('Senin','Selasa','Rabu','Kamis','Jumat','Sabtu') NOT NULL,
  `jam_mulai` time NOT NULL,
  `jam_selesai` time NOT NULL,
  `created_at` datetime NOT NULL DEFAULT current_timestamp(),
  `updated_at` datetime NOT NULL DEFAULT current_timestamp() ON UPDATE current_timestamp()
) ENGINE=InnoDB DEFAULT CHARSET=utf8mb4 COLLATE=utf8mb4_unicode_ci;

--
-- Dumping data for table `tbl_jadwal`
--

INSERT INTO `tbl_jadwal` (`id_jadwal`, `id_kelas`, `id_mapel`, `id_guru`, `hari`, `jam_mulai`, `jam_selesai`, `created_at`, `updated_at`) VALUES
(1, 132, 39, 2007, 'Senin', '07:00:00', '08:30:00', '2026-06-29 03:49:06', '2026-06-29 03:49:06'),
(2, 132, 42, 1990, 'Senin', '08:30:00', '10:00:00', '2026-06-29 03:49:06', '2026-06-29 03:49:06'),
(3, 132, 19, 2011, 'Senin', '10:15:00', '11:45:00', '2026-06-29 03:49:06', '2026-06-29 03:49:06'),
(4, 132, 25, 2037, 'Senin', '12:30:00', '14:00:00', '2026-06-29 03:49:06', '2026-06-29 03:49:06'),
(5, 132, 26, 1983, 'Senin', '14:00:00', '15:30:00', '2026-06-29 03:49:06', '2026-06-29 03:49:06'),
(6, 132, 38, 2007, 'Selasa', '07:00:00', '08:30:00', '2026-06-29 03:49:06', '2026-06-29 03:49:06'),
(7, 132, 41, 1992, 'Selasa', '08:30:00', '10:00:00', '2026-06-29 03:49:06', '2026-06-29 03:49:06'),
(8, 132, 28, 2041, 'Selasa', '10:15:00', '11:45:00', '2026-06-29 03:49:06', '2026-06-29 03:49:06'),
(9, 132, 25, 1994, 'Selasa', '12:30:00', '14:00:00', '2026-06-29 03:49:06', '2026-06-29 03:49:06'),
(10, 132, 29, 2012, 'Selasa', '14:00:00', '15:30:00', '2026-06-29 03:49:06', '2026-06-29 03:49:06'),
(11, 132, 39, 2020, 'Rabu', '07:00:00', '08:30:00', '2026-06-29 03:49:06', '2026-06-29 03:49:06'),
(12, 132, 40, 1992, 'Rabu', '08:30:00', '10:00:00', '2026-06-29 03:49:07', '2026-06-29 03:49:07'),
(13, 132, 19, 2036, 'Rabu', '10:15:00', '11:45:00', '2026-06-29 03:49:07', '2026-06-29 03:49:07'),
(14, 132, 22, 1991, 'Rabu', '12:30:00', '14:00:00', '2026-06-29 03:49:07', '2026-06-29 03:49:07'),
(15, 132, 25, 2041, 'Rabu', '14:00:00', '15:30:00', '2026-06-29 03:49:07', '2026-06-29 03:49:07'),
(16, 132, 41, 2007, 'Kamis', '07:00:00', '08:30:00', '2026-06-29 03:49:07', '2026-06-29 03:49:07'),
(17, 132, 39, 2021, 'Kamis', '08:30:00', '10:00:00', '2026-06-29 03:49:07', '2026-06-29 03:49:07'),
(18, 132, 20, 1994, 'Kamis', '10:15:00', '11:45:00', '2026-06-29 03:49:07', '2026-06-29 03:49:07'),
(19, 132, 23, 2037, 'Kamis', '12:30:00', '14:00:00', '2026-06-29 03:49:07', '2026-06-29 03:49:07'),
(20, 132, 19, 2011, 'Kamis', '14:00:00', '15:30:00', '2026-06-29 03:49:07', '2026-06-29 03:49:07'),
(21, 132, 40, 2007, 'Jumat', '07:00:00', '08:30:00', '2026-06-29 03:49:07', '2026-06-29 03:49:07'),
(22, 132, 39, 2003, 'Jumat', '08:30:00', '10:00:00', '2026-06-29 03:49:07', '2026-06-29 03:49:07'),
(23, 132, 23, 2005, 'Jumat', '10:15:00', '11:45:00', '2026-06-29 03:49:07', '2026-06-29 03:49:07'),
(24, 132, 22, 2034, 'Jumat', '12:30:00', '14:00:00', '2026-06-29 03:49:07', '2026-06-29 03:49:07'),
(25, 132, 29, 2016, 'Jumat', '14:00:00', '15:30:00', '2026-06-29 03:49:07', '2026-06-29 03:49:07'),
(26, 127, 42, 2020, 'Senin', '07:00:00', '08:30:00', '2026-06-29 03:49:07', '2026-06-29 03:49:07'),
(27, 127, 37, 2007, 'Senin', '08:30:00', '10:00:00', '2026-06-29 03:49:07', '2026-06-29 03:49:07'),
(28, 127, 23, 1989, 'Senin', '10:15:00', '11:45:00', '2026-06-29 03:49:07', '2026-06-29 03:49:07'),
(29, 127, 20, 1987, 'Senin', '12:30:00', '14:00:00', '2026-06-29 03:49:07', '2026-06-29 03:49:07'),
(30, 127, 28, 2034, 'Senin', '14:00:00', '15:30:00', '2026-06-29 03:49:07', '2026-06-29 03:49:07'),
(31, 127, 38, 2003, 'Selasa', '07:00:00', '08:30:00', '2026-06-29 03:49:07', '2026-06-29 03:49:07'),
(32, 127, 37, 2003, 'Selasa', '08:30:00', '10:00:00', '2026-06-29 03:49:07', '2026-06-29 03:49:07'),
(33, 127, 29, 1995, 'Selasa', '10:15:00', '11:45:00', '2026-06-29 03:49:07', '2026-06-29 03:49:07'),
(34, 127, 28, 2042, 'Selasa', '12:30:00', '14:00:00', '2026-06-29 03:49:07', '2026-06-29 03:49:07'),
(35, 127, 19, 2022, 'Selasa', '14:00:00', '15:30:00', '2026-06-29 03:49:07', '2026-06-29 03:49:07'),
(36, 127, 41, 2021, 'Rabu', '07:00:00', '08:30:00', '2026-06-29 03:49:07', '2026-06-29 03:49:07'),
(37, 127, 40, 2028, 'Rabu', '08:30:00', '10:00:00', '2026-06-29 03:49:07', '2026-06-29 03:49:07'),
(38, 127, 25, 2004, 'Rabu', '10:15:00', '11:45:00', '2026-06-29 03:49:07', '2026-06-29 03:49:07'),
(39, 127, 27, 1994, 'Rabu', '12:30:00', '14:00:00', '2026-06-29 03:49:07', '2026-06-29 03:49:07'),
(40, 127, 28, 1984, 'Rabu', '14:00:00', '15:30:00', '2026-06-29 03:49:07', '2026-06-29 03:49:07'),
(41, 127, 40, 2028, 'Kamis', '07:00:00', '08:30:00', '2026-06-29 03:49:07', '2026-06-29 03:49:07'),
(42, 127, 38, 1992, 'Kamis', '08:30:00', '10:00:00', '2026-06-29 03:49:07', '2026-06-29 03:49:07'),
(43, 127, 22, 2006, 'Kamis', '10:15:00', '11:45:00', '2026-06-29 03:49:07', '2026-06-29 03:49:07'),
(44, 127, 29, 2016, 'Kamis', '12:30:00', '14:00:00', '2026-06-29 03:49:07', '2026-06-29 03:49:07'),
(45, 127, 27, 2041, 'Kamis', '14:00:00', '15:30:00', '2026-06-29 03:49:07', '2026-06-29 03:49:07'),
(46, 127, 37, 2021, 'Jumat', '07:00:00', '08:30:00', '2026-06-29 03:49:07', '2026-06-29 03:49:07'),
(47, 127, 39, 1992, 'Jumat', '08:30:00', '10:00:00', '2026-06-29 03:49:07', '2026-06-29 03:49:07'),
(48, 127, 24, 1994, 'Jumat', '10:15:00', '11:45:00', '2026-06-29 03:49:07', '2026-06-29 03:49:07'),
(49, 127, 27, 2005, 'Jumat', '12:30:00', '14:00:00', '2026-06-29 03:49:07', '2026-06-29 03:49:07'),
(50, 127, 28, 1998, 'Jumat', '14:00:00', '15:30:00', '2026-06-29 03:49:07', '2026-06-29 03:49:07'),
(51, 128, 42, 2021, 'Senin', '07:00:00', '08:30:00', '2026-06-29 03:49:07', '2026-06-29 03:49:07'),
(52, 128, 39, 2003, 'Senin', '08:30:00', '10:00:00', '2026-06-29 03:49:07', '2026-06-29 03:49:07'),
(53, 128, 21, 2014, 'Senin', '10:15:00', '11:45:00', '2026-06-29 03:49:07', '2026-06-29 03:49:07'),
(54, 128, 24, 1989, 'Senin', '12:30:00', '14:00:00', '2026-06-29 03:49:07', '2026-06-29 03:49:07'),
(55, 128, 29, 2041, 'Senin', '14:00:00', '15:30:00', '2026-06-29 03:49:07', '2026-06-29 03:49:07'),
(56, 128, 39, 2018, 'Selasa', '07:00:00', '08:30:00', '2026-06-29 03:49:07', '2026-06-29 03:49:07'),
(57, 128, 41, 2021, 'Selasa', '08:30:00', '10:00:00', '2026-06-29 03:49:07', '2026-06-29 03:49:07'),
(58, 128, 20, 2006, 'Selasa', '10:15:00', '11:45:00', '2026-06-29 03:49:07', '2026-06-29 03:49:07'),
(59, 128, 19, 1991, 'Selasa', '12:30:00', '14:00:00', '2026-06-29 03:49:07', '2026-06-29 03:49:07'),
(60, 128, 26, 2001, 'Selasa', '14:00:00', '15:30:00', '2026-06-29 03:49:07', '2026-06-29 03:49:07'),
(61, 128, 39, 1990, 'Rabu', '07:00:00', '08:30:00', '2026-06-29 03:49:07', '2026-06-29 03:49:07'),
(62, 128, 42, 2018, 'Rabu', '08:30:00', '10:00:00', '2026-06-29 03:49:07', '2026-06-29 03:49:07'),
(63, 128, 27, 1991, 'Rabu', '10:15:00', '11:45:00', '2026-06-29 03:49:07', '2026-06-29 03:49:07'),
(64, 128, 22, 1998, 'Rabu', '12:30:00', '14:00:00', '2026-06-29 03:49:07', '2026-06-29 03:49:07'),
(65, 128, 20, 1987, 'Rabu', '14:00:00', '15:30:00', '2026-06-29 03:49:07', '2026-06-29 03:49:07'),
(66, 128, 40, 1990, 'Kamis', '07:00:00', '08:30:00', '2026-06-29 03:49:07', '2026-06-29 03:49:07'),
(67, 128, 38, 1990, 'Kamis', '08:30:00', '10:00:00', '2026-06-29 03:49:07', '2026-06-29 03:49:07'),
(68, 128, 19, 2040, 'Kamis', '10:15:00', '11:45:00', '2026-06-29 03:49:07', '2026-06-29 03:49:07'),
(69, 128, 28, 2023, 'Kamis', '12:30:00', '14:00:00', '2026-06-29 03:49:07', '2026-06-29 03:49:07'),
(70, 128, 27, 2012, 'Kamis', '14:00:00', '15:30:00', '2026-06-29 03:49:07', '2026-06-29 03:49:07'),
(71, 128, 42, 2018, 'Jumat', '07:00:00', '08:30:00', '2026-06-29 03:49:07', '2026-06-29 03:49:07'),
(72, 128, 38, 2018, 'Jumat', '08:30:00', '10:00:00', '2026-06-29 03:49:07', '2026-06-29 03:49:07'),
(73, 128, 25, 2004, 'Jumat', '10:15:00', '11:45:00', '2026-06-29 03:49:07', '2026-06-29 03:49:07'),
(74, 128, 24, 2041, 'Jumat', '12:30:00', '14:00:00', '2026-06-29 03:49:07', '2026-06-29 03:49:07'),
(75, 128, 23, 2044, 'Jumat', '14:00:00', '15:30:00', '2026-06-29 03:49:07', '2026-06-29 03:49:07'),
(76, 129, 45, 2039, 'Senin', '07:00:00', '08:30:00', '2026-06-29 03:49:07', '2026-06-29 03:49:07'),
(77, 129, 44, 2008, 'Senin', '08:30:00', '10:00:00', '2026-06-29 03:49:07', '2026-06-29 03:49:07'),
(78, 129, 21, 1987, 'Senin', '10:15:00', '11:45:00', '2026-06-29 03:49:07', '2026-06-29 03:49:07'),
(79, 129, 24, 2044, 'Senin', '12:30:00', '14:00:00', '2026-06-29 03:49:07', '2026-06-29 03:49:07'),
(80, 129, 29, 2044, 'Senin', '14:00:00', '15:30:00', '2026-06-29 03:49:07', '2026-06-29 03:49:07'),
(81, 129, 47, 2015, 'Selasa', '07:00:00', '08:30:00', '2026-06-29 03:49:07', '2026-06-29 03:49:07'),
(82, 129, 49, 1986, 'Selasa', '08:30:00', '10:00:00', '2026-06-29 03:49:07', '2026-06-29 03:49:07'),
(83, 129, 28, 1987, 'Selasa', '10:15:00', '11:45:00', '2026-06-29 03:49:07', '2026-06-29 03:49:07'),
(84, 129, 26, 2005, 'Selasa', '12:30:00', '14:00:00', '2026-06-29 03:49:07', '2026-06-29 03:49:07'),
(85, 129, 21, 1984, 'Selasa', '14:00:00', '15:30:00', '2026-06-29 03:49:07', '2026-06-29 03:49:07'),
(86, 129, 48, 2030, 'Rabu', '07:00:00', '08:30:00', '2026-06-29 03:49:07', '2026-06-29 03:49:07'),
(87, 129, 45, 1986, 'Rabu', '08:30:00', '10:00:00', '2026-06-29 03:49:07', '2026-06-29 03:49:07'),
(88, 129, 20, 1983, 'Rabu', '10:15:00', '11:45:00', '2026-06-29 03:49:07', '2026-06-29 03:49:07'),
(89, 129, 23, 2006, 'Rabu', '12:30:00', '14:00:00', '2026-06-29 03:49:07', '2026-06-29 03:49:07'),
(90, 129, 19, 1995, 'Rabu', '14:00:00', '15:30:00', '2026-06-29 03:49:07', '2026-06-29 03:49:07'),
(91, 129, 44, 2025, 'Kamis', '07:00:00', '08:30:00', '2026-06-29 03:49:07', '2026-06-29 03:49:07'),
(92, 129, 49, 2015, 'Kamis', '08:30:00', '10:00:00', '2026-06-29 03:49:07', '2026-06-29 03:49:07'),
(93, 129, 25, 2041, 'Kamis', '10:15:00', '11:45:00', '2026-06-29 03:49:07', '2026-06-29 03:49:07'),
(94, 129, 22, 2041, 'Kamis', '12:30:00', '14:00:00', '2026-06-29 03:49:07', '2026-06-29 03:49:07'),
(95, 129, 20, 2023, 'Kamis', '14:00:00', '15:30:00', '2026-06-29 03:49:07', '2026-06-29 03:49:07'),
(96, 129, 45, 2030, 'Jumat', '07:00:00', '08:30:00', '2026-06-29 03:49:07', '2026-06-29 03:49:07'),
(97, 129, 44, 2043, 'Jumat', '08:30:00', '10:00:00', '2026-06-29 03:49:07', '2026-06-29 03:49:07'),
(98, 129, 24, 2042, 'Jumat', '10:15:00', '11:45:00', '2026-06-29 03:49:07', '2026-06-29 03:49:07'),
(99, 129, 27, 2040, 'Jumat', '12:30:00', '14:00:00', '2026-06-29 03:49:07', '2026-06-29 03:49:07'),
(100, 129, 29, 2004, 'Jumat', '14:00:00', '15:30:00', '2026-06-29 03:49:07', '2026-06-29 03:49:07'),
(101, 130, 49, 1996, 'Senin', '07:00:00', '08:30:00', '2026-06-29 03:49:07', '2026-06-29 03:49:07'),
(102, 130, 46, 2027, 'Senin', '08:30:00', '10:00:00', '2026-06-29 03:49:07', '2026-06-29 03:49:07'),
(103, 130, 21, 2023, 'Senin', '10:15:00', '11:45:00', '2026-06-29 03:49:07', '2026-06-29 03:49:07'),
(104, 130, 28, 2022, 'Senin', '12:30:00', '14:00:00', '2026-06-29 03:49:07', '2026-06-29 03:49:07'),
(105, 130, 29, 2022, 'Senin', '14:00:00', '15:30:00', '2026-06-29 03:49:07', '2026-06-29 03:49:07'),
(106, 130, 43, 2039, 'Selasa', '07:00:00', '08:30:00', '2026-06-29 03:49:07', '2026-06-29 03:49:07'),
(107, 130, 46, 2015, 'Selasa', '08:30:00', '10:00:00', '2026-06-29 03:49:07', '2026-06-29 03:49:07'),
(108, 130, 29, 1984, 'Selasa', '10:15:00', '11:45:00', '2026-06-29 03:49:07', '2026-06-29 03:49:07'),
(109, 130, 23, 2036, 'Selasa', '12:30:00', '14:00:00', '2026-06-29 03:49:07', '2026-06-29 03:49:07'),
(110, 130, 20, 2014, 'Selasa', '14:00:00', '15:30:00', '2026-06-29 03:49:07', '2026-06-29 03:49:07'),
(111, 130, 49, 2027, 'Rabu', '07:00:00', '08:30:00', '2026-06-29 03:49:07', '2026-06-29 03:49:07'),
(112, 130, 46, 1996, 'Rabu', '08:30:00', '10:00:00', '2026-06-29 03:49:07', '2026-06-29 03:49:07'),
(113, 130, 26, 1989, 'Rabu', '10:15:00', '11:45:00', '2026-06-29 03:49:07', '2026-06-29 03:49:07'),
(114, 130, 25, 2044, 'Rabu', '12:30:00', '14:00:00', '2026-06-29 03:49:07', '2026-06-29 03:49:07'),
(115, 130, 19, 2034, 'Rabu', '14:00:00', '15:30:00', '2026-06-29 03:49:07', '2026-06-29 03:49:07'),
(116, 130, 49, 1996, 'Kamis', '07:00:00', '08:30:00', '2026-06-29 03:49:07', '2026-06-29 03:49:07'),
(117, 130, 45, 2039, 'Kamis', '08:30:00', '10:00:00', '2026-06-29 03:49:07', '2026-06-29 03:49:07'),
(118, 130, 23, 1987, 'Kamis', '10:15:00', '11:45:00', '2026-06-29 03:49:07', '2026-06-29 03:49:07'),
(119, 130, 27, 1987, 'Kamis', '12:30:00', '14:00:00', '2026-06-29 03:49:07', '2026-06-29 03:49:07'),
(120, 130, 22, 2005, 'Kamis', '14:00:00', '15:30:00', '2026-06-29 03:49:07', '2026-06-29 03:49:07'),
(121, 130, 47, 2015, 'Jumat', '07:00:00', '08:30:00', '2026-06-29 03:49:07', '2026-06-29 03:49:07'),
(122, 130, 46, 2030, 'Jumat', '08:30:00', '10:00:00', '2026-06-29 03:49:07', '2026-06-29 03:49:07'),
(123, 130, 21, 2002, 'Jumat', '10:15:00', '11:45:00', '2026-06-29 03:49:07', '2026-06-29 03:49:07'),
(124, 130, 29, 2016, 'Jumat', '12:30:00', '14:00:00', '2026-06-29 03:49:07', '2026-06-29 03:49:07'),
(125, 130, 28, 2037, 'Jumat', '14:00:00', '15:30:00', '2026-06-29 03:49:07', '2026-06-29 03:49:07'),
(126, 131, 46, 2029, 'Senin', '07:00:00', '08:30:00', '2026-06-29 03:49:07', '2026-06-29 03:49:07'),
(127, 131, 49, 2039, 'Senin', '08:30:00', '10:00:00', '2026-06-29 03:49:07', '2026-06-29 03:49:07'),
(128, 131, 26, 2042, 'Senin', '10:15:00', '11:45:00', '2026-06-29 03:49:07', '2026-06-29 03:49:07'),
(129, 131, 25, 2005, 'Senin', '12:30:00', '14:00:00', '2026-06-29 03:49:07', '2026-06-29 03:49:07'),
(130, 131, 28, 2037, 'Senin', '14:00:00', '15:30:00', '2026-06-29 03:49:07', '2026-06-29 03:49:07'),
(131, 131, 43, 2029, 'Selasa', '07:00:00', '08:30:00', '2026-06-29 03:49:07', '2026-06-29 03:49:07'),
(132, 131, 44, 1996, 'Selasa', '08:30:00', '10:00:00', '2026-06-29 03:49:07', '2026-06-29 03:49:07'),
(133, 131, 21, 2034, 'Selasa', '10:15:00', '11:45:00', '2026-06-29 03:49:07', '2026-06-29 03:49:07'),
(134, 131, 22, 1995, 'Selasa', '12:30:00', '14:00:00', '2026-06-29 03:49:07', '2026-06-29 03:49:07'),
(135, 131, 26, 2042, 'Selasa', '14:00:00', '15:30:00', '2026-06-29 03:49:07', '2026-06-29 03:49:07'),
(136, 131, 49, 2026, 'Rabu', '07:00:00', '08:30:00', '2026-06-29 03:49:07', '2026-06-29 03:49:07'),
(137, 131, 45, 2032, 'Rabu', '08:30:00', '10:00:00', '2026-06-29 03:49:07', '2026-06-29 03:49:07'),
(138, 131, 19, 2022, 'Rabu', '10:15:00', '11:45:00', '2026-06-29 03:49:07', '2026-06-29 03:49:07'),
(139, 131, 29, 1987, 'Rabu', '12:30:00', '14:00:00', '2026-06-29 03:49:07', '2026-06-29 03:49:07'),
(140, 131, 23, 1999, 'Rabu', '14:00:00', '15:30:00', '2026-06-29 03:49:07', '2026-06-29 03:49:07'),
(141, 131, 48, 2015, 'Kamis', '07:00:00', '08:30:00', '2026-06-29 03:49:07', '2026-06-29 03:49:07'),
(142, 131, 43, 1996, 'Kamis', '08:30:00', '10:00:00', '2026-06-29 03:49:07', '2026-06-29 03:49:07'),
(143, 131, 26, 2036, 'Kamis', '10:15:00', '11:45:00', '2026-06-29 03:49:07', '2026-06-29 03:49:07'),
(144, 131, 20, 1995, 'Kamis', '12:30:00', '14:00:00', '2026-06-29 03:49:07', '2026-06-29 03:49:07'),
(145, 131, 21, 2034, 'Kamis', '14:00:00', '15:30:00', '2026-06-29 03:49:07', '2026-06-29 03:49:07'),
(146, 131, 47, 2026, 'Jumat', '07:00:00', '08:30:00', '2026-06-29 03:49:07', '2026-06-29 03:49:07'),
(147, 131, 48, 2015, 'Jumat', '08:30:00', '10:00:00', '2026-06-29 03:49:07', '2026-06-29 03:49:07'),
(148, 131, 27, 2011, 'Jumat', '10:15:00', '11:45:00', '2026-06-29 03:49:07', '2026-06-29 03:49:07'),
(149, 131, 19, 2044, 'Jumat', '12:30:00', '14:00:00', '2026-06-29 03:49:07', '2026-06-29 03:49:07'),
(150, 131, 25, 2012, 'Jumat', '14:00:00', '15:30:00', '2026-06-29 03:49:07', '2026-06-29 03:49:07'),
(151, 21, 34, 2024, 'Senin', '07:00:00', '08:30:00', '2026-06-29 03:49:07', '2026-06-29 03:49:07'),
(152, 21, 31, 2013, 'Senin', '08:30:00', '10:00:00', '2026-06-29 03:49:07', '2026-06-29 03:49:07'),
(153, 21, 21, 1998, 'Senin', '10:15:00', '11:45:00', '2026-06-29 03:49:07', '2026-06-29 03:49:07'),
(154, 21, 26, 1984, 'Senin', '12:30:00', '14:00:00', '2026-06-29 03:49:07', '2026-06-29 03:49:07'),
(155, 21, 19, 2040, 'Senin', '14:00:00', '15:30:00', '2026-06-29 03:49:07', '2026-06-29 03:49:07'),
(156, 21, 34, 2013, 'Selasa', '07:00:00', '08:30:00', '2026-06-29 03:49:07', '2026-06-29 03:49:07'),
(157, 21, 36, 2035, 'Selasa', '08:30:00', '10:00:00', '2026-06-29 03:49:07', '2026-06-29 03:49:07'),
(158, 21, 20, 2012, 'Selasa', '10:15:00', '11:45:00', '2026-06-29 03:49:07', '2026-06-29 03:49:07'),
(159, 21, 23, 2012, 'Selasa', '12:30:00', '14:00:00', '2026-06-29 03:49:07', '2026-06-29 03:49:07'),
(160, 21, 26, 2034, 'Selasa', '14:00:00', '15:30:00', '2026-06-29 03:49:07', '2026-06-29 03:49:07'),
(161, 21, 32, 2013, 'Rabu', '07:00:00', '08:30:00', '2026-06-29 03:49:07', '2026-06-29 03:49:07'),
(162, 21, 33, 2010, 'Rabu', '08:30:00', '10:00:00', '2026-06-29 03:49:07', '2026-06-29 03:49:07'),
(163, 21, 20, 1984, 'Rabu', '10:15:00', '11:45:00', '2026-06-29 03:49:07', '2026-06-29 03:49:07'),
(164, 21, 29, 2034, 'Rabu', '12:30:00', '14:00:00', '2026-06-29 03:49:07', '2026-06-29 03:49:07'),
(165, 21, 28, 2006, 'Rabu', '14:00:00', '15:30:00', '2026-06-29 03:49:07', '2026-06-29 03:49:07'),
(166, 21, 30, 2024, 'Kamis', '07:00:00', '08:30:00', '2026-06-29 03:49:07', '2026-06-29 03:49:07'),
(167, 21, 36, 2019, 'Kamis', '08:30:00', '10:00:00', '2026-06-29 03:49:07', '2026-06-29 03:49:07'),
(168, 21, 22, 2022, 'Kamis', '10:15:00', '11:45:00', '2026-06-29 03:49:07', '2026-06-29 03:49:07'),
(169, 21, 24, 2040, 'Kamis', '12:30:00', '14:00:00', '2026-06-29 03:49:07', '2026-06-29 03:49:07'),
(170, 21, 23, 1994, 'Kamis', '14:00:00', '15:30:00', '2026-06-29 03:49:07', '2026-06-29 03:49:07'),
(171, 21, 33, 1993, 'Jumat', '07:00:00', '08:30:00', '2026-06-29 03:49:07', '2026-06-29 03:49:07'),
(172, 21, 30, 2013, 'Jumat', '08:30:00', '10:00:00', '2026-06-29 03:49:07', '2026-06-29 03:49:07'),
(173, 21, 19, 2001, 'Jumat', '10:15:00', '11:45:00', '2026-06-29 03:49:07', '2026-06-29 03:49:07'),
(174, 21, 21, 2042, 'Jumat', '12:30:00', '14:00:00', '2026-06-29 03:49:07', '2026-06-29 03:49:07'),
(175, 21, 29, 2036, 'Jumat', '14:00:00', '15:30:00', '2026-06-29 03:49:07', '2026-06-29 03:49:07'),
(176, 133, 31, 2010, 'Senin', '07:00:00', '08:30:00', '2026-06-29 03:49:07', '2026-06-29 03:49:07'),
(177, 133, 32, 2019, 'Senin', '08:30:00', '10:00:00', '2026-06-29 03:49:07', '2026-06-29 03:49:07'),
(178, 133, 24, 2037, 'Senin', '10:15:00', '11:45:00', '2026-06-29 03:49:07', '2026-06-29 03:49:07'),
(179, 133, 23, 1983, 'Senin', '12:30:00', '14:00:00', '2026-06-29 03:49:07', '2026-06-29 03:49:07'),
(180, 133, 26, 2002, 'Senin', '14:00:00', '15:30:00', '2026-06-29 03:49:07', '2026-06-29 03:49:07'),
(181, 133, 34, 1988, 'Selasa', '07:00:00', '08:30:00', '2026-06-29 03:49:07', '2026-06-29 03:49:07'),
(182, 133, 32, 2010, 'Selasa', '08:30:00', '10:00:00', '2026-06-29 03:49:07', '2026-06-29 03:49:07'),
(183, 133, 23, 2044, 'Selasa', '10:15:00', '11:45:00', '2026-06-29 03:49:07', '2026-06-29 03:49:07'),
(184, 133, 24, 2006, 'Selasa', '12:30:00', '14:00:00', '2026-06-29 03:49:07', '2026-06-29 03:49:07'),
(185, 133, 19, 2011, 'Selasa', '14:00:00', '15:30:00', '2026-06-29 03:49:07', '2026-06-29 03:49:07'),
(186, 133, 36, 2024, 'Rabu', '07:00:00', '08:30:00', '2026-06-29 03:49:07', '2026-06-29 03:49:07'),
(187, 133, 35, 1988, 'Rabu', '08:30:00', '10:00:00', '2026-06-29 03:49:07', '2026-06-29 03:49:07'),
(188, 133, 29, 1995, 'Rabu', '10:15:00', '11:45:00', '2026-06-29 03:49:07', '2026-06-29 03:49:07'),
(189, 133, 20, 2040, 'Rabu', '12:30:00', '14:00:00', '2026-06-29 03:49:07', '2026-06-29 03:49:07'),
(190, 133, 23, 2016, 'Rabu', '14:00:00', '15:30:00', '2026-06-29 03:49:07', '2026-06-29 03:49:07'),
(191, 133, 33, 1993, 'Kamis', '07:00:00', '08:30:00', '2026-06-29 03:49:07', '2026-06-29 03:49:07'),
(192, 133, 36, 1993, 'Kamis', '08:30:00', '10:00:00', '2026-06-29 03:49:07', '2026-06-29 03:49:07'),
(193, 133, 20, 2044, 'Kamis', '10:15:00', '11:45:00', '2026-06-29 03:49:07', '2026-06-29 03:49:07'),
(194, 133, 21, 2005, 'Kamis', '12:30:00', '14:00:00', '2026-06-29 03:49:07', '2026-06-29 03:49:07'),
(195, 133, 25, 2014, 'Kamis', '14:00:00', '15:30:00', '2026-06-29 03:49:07', '2026-06-29 03:49:07'),
(196, 133, 34, 2035, 'Jumat', '07:00:00', '08:30:00', '2026-06-29 03:49:07', '2026-06-29 03:49:07'),
(197, 133, 31, 2024, 'Jumat', '08:30:00', '10:00:00', '2026-06-29 03:49:07', '2026-06-29 03:49:07'),
(198, 133, 25, 1983, 'Jumat', '10:15:00', '11:45:00', '2026-06-29 03:49:07', '2026-06-29 03:49:07'),
(199, 133, 21, 1987, 'Jumat', '12:30:00', '14:00:00', '2026-06-29 03:49:07', '2026-06-29 03:49:07'),
(200, 133, 28, 1983, 'Jumat', '14:00:00', '15:30:00', '2026-06-29 03:49:07', '2026-06-29 03:49:07'),
(201, 134, 51, 2031, 'Senin', '07:00:00', '08:30:00', '2026-06-29 03:49:07', '2026-06-29 03:49:07'),
(202, 134, 20, 1991, 'Senin', '08:30:00', '10:00:00', '2026-06-29 03:49:07', '2026-06-29 03:49:07'),
(203, 134, 53, 2009, 'Senin', '10:15:00', '11:45:00', '2026-06-29 03:49:07', '2026-06-29 03:49:07'),
(204, 134, 23, 2023, 'Senin', '12:30:00', '14:00:00', '2026-06-29 03:49:07', '2026-06-29 03:49:07'),
(205, 134, 25, 2023, 'Senin', '14:00:00', '15:30:00', '2026-06-29 03:49:07', '2026-06-29 03:49:07'),
(206, 134, 55, 2017, 'Selasa', '07:00:00', '08:30:00', '2026-06-29 03:49:07', '2026-06-29 03:49:07'),
(207, 134, 25, 2011, 'Selasa', '08:30:00', '10:00:00', '2026-06-29 03:49:07', '2026-06-29 03:49:07'),
(208, 134, 50, 2031, 'Selasa', '10:15:00', '11:45:00', '2026-06-29 03:49:07', '2026-06-29 03:49:07'),
(209, 134, 27, 2044, 'Selasa', '12:30:00', '14:00:00', '2026-06-29 03:49:07', '2026-06-29 03:49:07'),
(210, 134, 19, 2023, 'Selasa', '14:00:00', '15:30:00', '2026-06-29 03:49:07', '2026-06-29 03:49:07'),
(211, 134, 56, 2038, 'Rabu', '07:00:00', '08:30:00', '2026-06-29 03:49:07', '2026-06-29 03:49:07'),
(212, 134, 27, 2037, 'Rabu', '08:30:00', '10:00:00', '2026-06-29 03:49:07', '2026-06-29 03:49:07'),
(213, 134, 50, 2033, 'Rabu', '10:15:00', '11:45:00', '2026-06-29 03:49:07', '2026-06-29 03:49:07'),
(214, 134, 24, 1989, 'Rabu', '12:30:00', '14:00:00', '2026-06-29 03:49:07', '2026-06-29 03:49:07'),
(215, 134, 20, 1998, 'Rabu', '14:00:00', '15:30:00', '2026-06-29 03:49:07', '2026-06-29 03:49:07'),
(216, 134, 50, 1997, 'Kamis', '07:00:00', '08:30:00', '2026-06-29 03:49:07', '2026-06-29 03:49:07'),
(217, 134, 29, 2023, 'Kamis', '08:30:00', '10:00:00', '2026-06-29 03:49:07', '2026-06-29 03:49:07'),
(218, 134, 51, 2031, 'Kamis', '10:15:00', '11:45:00', '2026-06-29 03:49:07', '2026-06-29 03:49:07'),
(219, 134, 24, 1989, 'Kamis', '12:30:00', '14:00:00', '2026-06-29 03:49:07', '2026-06-29 03:49:07'),
(220, 134, 20, 2040, 'Kamis', '14:00:00', '15:30:00', '2026-06-29 03:49:07', '2026-06-29 03:49:07'),
(221, 134, 53, 1997, 'Jumat', '07:00:00', '08:30:00', '2026-06-29 03:49:07', '2026-06-29 03:49:07'),
(222, 134, 25, 2002, 'Jumat', '08:30:00', '10:00:00', '2026-06-29 03:49:07', '2026-06-29 03:49:07'),
(223, 134, 54, 1997, 'Jumat', '10:15:00', '11:45:00', '2026-06-29 03:49:07', '2026-06-29 03:49:07'),
(224, 134, 21, 2001, 'Jumat', '12:30:00', '14:00:00', '2026-06-29 03:49:07', '2026-06-29 03:49:07'),
(225, 134, 20, 1994, 'Jumat', '14:00:00', '15:30:00', '2026-06-29 03:49:07', '2026-06-29 03:49:07'),
(226, 135, 54, 2017, 'Senin', '07:00:00', '08:30:00', '2026-06-29 03:49:07', '2026-06-29 03:49:07'),
(227, 135, 28, 2023, 'Senin', '08:30:00', '10:00:00', '2026-06-29 03:49:07', '2026-06-29 03:49:07'),
(228, 135, 19, 2041, 'Senin', '10:15:00', '11:45:00', '2026-06-29 03:49:07', '2026-06-29 03:49:07'),
(229, 135, 52, 2009, 'Senin', '12:30:00', '14:00:00', '2026-06-29 03:49:07', '2026-06-29 03:49:07'),
(230, 135, 29, 2016, 'Senin', '14:00:00', '15:30:00', '2026-06-29 03:49:07', '2026-06-29 03:49:07'),
(231, 135, 53, 2038, 'Selasa', '07:00:00', '08:30:00', '2026-06-29 03:49:07', '2026-06-29 03:49:07'),
(232, 135, 22, 2006, 'Selasa', '08:30:00', '10:00:00', '2026-06-29 03:49:07', '2026-06-29 03:49:07'),
(233, 135, 29, 2005, 'Selasa', '10:15:00', '11:45:00', '2026-06-29 03:49:07', '2026-06-29 03:49:07'),
(234, 135, 50, 2009, 'Selasa', '12:30:00', '14:00:00', '2026-06-29 03:49:07', '2026-06-29 03:49:07'),
(235, 135, 26, 2040, 'Selasa', '14:00:00', '15:30:00', '2026-06-29 03:49:07', '2026-06-29 03:49:07'),
(236, 135, 54, 2031, 'Rabu', '07:00:00', '08:30:00', '2026-06-29 03:49:07', '2026-06-29 03:49:07'),
(237, 135, 23, 2016, 'Rabu', '08:30:00', '10:00:00', '2026-06-29 03:49:07', '2026-06-29 03:49:07'),
(238, 135, 20, 2023, 'Rabu', '10:15:00', '11:45:00', '2026-06-29 03:49:07', '2026-06-29 03:49:07'),
(239, 135, 50, 2009, 'Rabu', '12:30:00', '14:00:00', '2026-06-29 03:49:07', '2026-06-29 03:49:07'),
(240, 135, 24, 2042, 'Rabu', '14:00:00', '15:30:00', '2026-06-29 03:49:07', '2026-06-29 03:49:07'),
(241, 135, 53, 2038, 'Kamis', '07:00:00', '08:30:00', '2026-06-29 03:49:07', '2026-06-29 03:49:07'),
(242, 135, 26, 2002, 'Kamis', '08:30:00', '10:00:00', '2026-06-29 03:49:07', '2026-06-29 03:49:07'),
(243, 135, 27, 2011, 'Kamis', '10:15:00', '11:45:00', '2026-06-29 03:49:07', '2026-06-29 03:49:07'),
(244, 135, 50, 1997, 'Kamis', '12:30:00', '14:00:00', '2026-06-29 03:49:07', '2026-06-29 03:49:07'),
(245, 135, 21, 2004, 'Kamis', '14:00:00', '15:30:00', '2026-06-29 03:49:07', '2026-06-29 03:49:07'),
(246, 135, 54, 2038, 'Jumat', '07:00:00', '08:30:00', '2026-06-29 03:49:07', '2026-06-29 03:49:07'),
(247, 135, 19, 1998, 'Jumat', '08:30:00', '10:00:00', '2026-06-29 03:49:07', '2026-06-29 03:49:07'),
(248, 135, 26, 2034, 'Jumat', '10:15:00', '11:45:00', '2026-06-29 03:49:07', '2026-06-29 03:49:07'),
(249, 135, 51, 2017, 'Jumat', '12:30:00', '14:00:00', '2026-06-29 03:49:07', '2026-06-29 03:49:07'),
(250, 135, 25, 2006, 'Jumat', '14:00:00', '15:30:00', '2026-06-29 03:49:07', '2026-06-29 03:49:07'),
(251, 136, 62, 1990, 'Senin', '07:00:00', '08:30:00', '2026-06-29 03:49:07', '2026-06-29 03:49:07'),
(252, 136, 66, 2028, 'Senin', '08:30:00', '10:00:00', '2026-06-29 03:49:07', '2026-06-29 03:49:07'),
(253, 136, 24, 1983, 'Senin', '10:15:00', '11:45:00', '2026-06-29 03:49:07', '2026-06-29 03:49:07'),
(254, 136, 29, 2041, 'Senin', '12:30:00', '14:00:00', '2026-06-29 03:49:07', '2026-06-29 03:49:07'),
(255, 136, 21, 2012, 'Senin', '14:00:00', '15:30:00', '2026-06-29 03:49:07', '2026-06-29 03:49:07'),
(256, 136, 67, 1992, 'Selasa', '07:00:00', '08:30:00', '2026-06-29 03:49:07', '2026-06-29 03:49:07'),
(257, 136, 65, 2018, 'Selasa', '08:30:00', '10:00:00', '2026-06-29 03:49:07', '2026-06-29 03:49:07'),
(258, 136, 27, 2016, 'Selasa', '10:15:00', '11:45:00', '2026-06-29 03:49:07', '2026-06-29 03:49:07'),
(259, 136, 21, 2040, 'Selasa', '12:30:00', '14:00:00', '2026-06-29 03:49:07', '2026-06-29 03:49:07'),
(260, 136, 24, 1994, 'Selasa', '14:00:00', '15:30:00', '2026-06-29 03:49:07', '2026-06-29 03:49:07'),
(261, 136, 66, 2007, 'Rabu', '07:00:00', '08:30:00', '2026-06-29 03:49:07', '2026-06-29 03:49:07'),
(262, 136, 68, 2003, 'Rabu', '08:30:00', '10:00:00', '2026-06-29 03:49:07', '2026-06-29 03:49:07'),
(263, 136, 21, 2002, 'Rabu', '10:15:00', '11:45:00', '2026-06-29 03:49:07', '2026-06-29 03:49:07'),
(264, 136, 25, 2022, 'Rabu', '12:30:00', '14:00:00', '2026-06-29 03:49:07', '2026-06-29 03:49:07'),
(265, 136, 19, 1989, 'Rabu', '14:00:00', '15:30:00', '2026-06-29 03:49:07', '2026-06-29 03:49:07'),
(266, 136, 67, 2018, 'Kamis', '07:00:00', '08:30:00', '2026-06-29 03:49:07', '2026-06-29 03:49:07'),
(267, 136, 69, 2018, 'Kamis', '08:30:00', '10:00:00', '2026-06-29 03:49:07', '2026-06-29 03:49:07'),
(268, 136, 27, 2037, 'Kamis', '10:15:00', '11:45:00', '2026-06-29 03:49:07', '2026-06-29 03:49:07'),
(269, 136, 28, 1994, 'Kamis', '12:30:00', '14:00:00', '2026-06-29 03:49:07', '2026-06-29 03:49:07'),
(270, 136, 23, 2002, 'Kamis', '14:00:00', '15:30:00', '2026-06-29 03:49:07', '2026-06-29 03:49:07'),
(271, 136, 65, 2028, 'Jumat', '07:00:00', '08:30:00', '2026-06-29 03:49:07', '2026-06-29 03:49:07'),
(272, 136, 66, 2020, 'Jumat', '08:30:00', '10:00:00', '2026-06-29 03:49:07', '2026-06-29 03:49:07'),
(273, 136, 22, 2022, 'Jumat', '10:15:00', '11:45:00', '2026-06-29 03:49:07', '2026-06-29 03:49:07'),
(274, 136, 26, 2014, 'Jumat', '12:30:00', '14:00:00', '2026-06-29 03:49:07', '2026-06-29 03:49:07'),
(275, 136, 29, 2040, 'Jumat', '14:00:00', '15:30:00', '2026-06-29 03:49:07', '2026-06-29 03:49:07'),
(276, 137, 68, 2003, 'Senin', '07:00:00', '08:30:00', '2026-06-29 03:49:07', '2026-06-29 03:49:07'),
(277, 137, 65, 2020, 'Senin', '08:30:00', '10:00:00', '2026-06-29 03:49:07', '2026-06-29 03:49:07'),
(278, 137, 25, 2040, 'Senin', '10:15:00', '11:45:00', '2026-06-29 03:49:07', '2026-06-29 03:49:07'),
(279, 137, 21, 2011, 'Senin', '12:30:00', '14:00:00', '2026-06-29 03:49:07', '2026-06-29 03:49:07'),
(280, 137, 19, 2004, 'Senin', '14:00:00', '15:30:00', '2026-06-29 03:49:07', '2026-06-29 03:49:07'),
(281, 137, 67, 1990, 'Selasa', '07:00:00', '08:30:00', '2026-06-29 03:49:07', '2026-06-29 03:49:07'),
(282, 137, 69, 2007, 'Selasa', '08:30:00', '10:00:00', '2026-06-29 03:49:07', '2026-06-29 03:49:07'),
(283, 137, 29, 2011, 'Selasa', '10:15:00', '11:45:00', '2026-06-29 03:49:07', '2026-06-29 03:49:07'),
(284, 137, 19, 2016, 'Selasa', '12:30:00', '14:00:00', '2026-06-29 03:49:07', '2026-06-29 03:49:07'),
(285, 137, 26, 1999, 'Selasa', '14:00:00', '15:30:00', '2026-06-29 03:49:07', '2026-06-29 03:49:07'),
(286, 137, 67, 2018, 'Rabu', '07:00:00', '08:30:00', '2026-06-29 03:49:07', '2026-06-29 03:49:07'),
(287, 137, 65, 1990, 'Rabu', '08:30:00', '10:00:00', '2026-06-29 03:49:07', '2026-06-29 03:49:07'),
(288, 137, 20, 2012, 'Rabu', '10:15:00', '11:45:00', '2026-06-29 03:49:07', '2026-06-29 03:49:07'),
(289, 137, 28, 1983, 'Rabu', '12:30:00', '14:00:00', '2026-06-29 03:49:07', '2026-06-29 03:49:07'),
(290, 137, 27, 2001, 'Rabu', '14:00:00', '15:30:00', '2026-06-29 03:49:07', '2026-06-29 03:49:07'),
(291, 137, 66, 2020, 'Kamis', '07:00:00', '08:30:00', '2026-06-29 03:49:07', '2026-06-29 03:49:07'),
(292, 137, 62, 2020, 'Kamis', '08:30:00', '10:00:00', '2026-06-29 03:49:07', '2026-06-29 03:49:07'),
(293, 137, 20, 2042, 'Kamis', '10:15:00', '11:45:00', '2026-06-29 03:49:07', '2026-06-29 03:49:07'),
(294, 137, 22, 2042, 'Kamis', '12:30:00', '14:00:00', '2026-06-29 03:49:07', '2026-06-29 03:49:07'),
(295, 137, 24, 1999, 'Kamis', '14:00:00', '15:30:00', '2026-06-29 03:49:07', '2026-06-29 03:49:07'),
(296, 137, 62, 1992, 'Jumat', '07:00:00', '08:30:00', '2026-06-29 03:49:07', '2026-06-29 03:49:07'),
(297, 137, 65, 2021, 'Jumat', '08:30:00', '10:00:00', '2026-06-29 03:49:07', '2026-06-29 03:49:07'),
(298, 137, 26, 2016, 'Jumat', '10:15:00', '11:45:00', '2026-06-29 03:49:07', '2026-06-29 03:49:07'),
(299, 137, 20, 1984, 'Jumat', '12:30:00', '14:00:00', '2026-06-29 03:49:07', '2026-06-29 03:49:07'),
(300, 137, 19, 1995, 'Jumat', '14:00:00', '15:30:00', '2026-06-29 03:49:07', '2026-06-29 03:49:07'),
(301, 138, 62, 2032, 'Senin', '07:00:00', '08:30:00', '2026-06-29 03:49:07', '2026-06-29 03:49:07'),
(302, 138, 76, 2015, 'Senin', '08:30:00', '10:00:00', '2026-06-29 03:49:07', '2026-06-29 03:49:07'),
(303, 138, 29, 2016, 'Senin', '10:15:00', '11:45:00', '2026-06-29 03:49:07', '2026-06-29 03:49:07'),
(304, 138, 20, 1998, 'Senin', '12:30:00', '14:00:00', '2026-06-29 03:49:07', '2026-06-29 03:49:07'),
(305, 138, 28, 2005, 'Senin', '14:00:00', '15:30:00', '2026-06-29 03:49:07', '2026-06-29 03:49:07'),
(306, 138, 62, 2025, 'Selasa', '07:00:00', '08:30:00', '2026-06-29 03:49:07', '2026-06-29 03:49:07'),
(307, 138, 71, 2039, 'Selasa', '08:30:00', '10:00:00', '2026-06-29 03:49:07', '2026-06-29 03:49:07'),
(308, 138, 23, 1999, 'Selasa', '10:15:00', '11:45:00', '2026-06-29 03:49:07', '2026-06-29 03:49:07'),
(309, 138, 29, 2004, 'Selasa', '12:30:00', '14:00:00', '2026-06-29 03:49:07', '2026-06-29 03:49:07'),
(310, 138, 25, 2037, 'Selasa', '14:00:00', '15:30:00', '2026-06-29 03:49:07', '2026-06-29 03:49:07'),
(311, 138, 73, 1986, 'Rabu', '07:00:00', '08:30:00', '2026-06-29 03:49:07', '2026-06-29 03:49:07'),
(312, 138, 70, 2030, 'Rabu', '08:30:00', '10:00:00', '2026-06-29 03:49:07', '2026-06-29 03:49:07'),
(313, 138, 24, 2014, 'Rabu', '10:15:00', '11:45:00', '2026-06-29 03:49:07', '2026-06-29 03:49:07'),
(314, 138, 25, 2004, 'Rabu', '12:30:00', '14:00:00', '2026-06-29 03:49:07', '2026-06-29 03:49:07'),
(315, 138, 22, 2012, 'Rabu', '14:00:00', '15:30:00', '2026-06-29 03:49:07', '2026-06-29 03:49:07'),
(316, 138, 62, 2043, 'Kamis', '07:00:00', '08:30:00', '2026-06-29 03:49:07', '2026-06-29 03:49:07'),
(317, 138, 75, 2043, 'Kamis', '08:30:00', '10:00:00', '2026-06-29 03:49:07', '2026-06-29 03:49:07'),
(318, 138, 29, 2002, 'Kamis', '10:15:00', '11:45:00', '2026-06-29 03:49:07', '2026-06-29 03:49:07'),
(319, 138, 26, 2006, 'Kamis', '12:30:00', '14:00:00', '2026-06-29 03:49:07', '2026-06-29 03:49:07'),
(320, 138, 27, 1995, 'Kamis', '14:00:00', '15:30:00', '2026-06-29 03:49:07', '2026-06-29 03:49:07'),
(321, 138, 71, 2032, 'Jumat', '07:00:00', '08:30:00', '2026-06-29 03:49:07', '2026-06-29 03:49:07'),
(322, 138, 62, 2025, 'Jumat', '08:30:00', '10:00:00', '2026-06-29 03:49:07', '2026-06-29 03:49:07'),
(323, 138, 24, 1984, 'Jumat', '10:15:00', '11:45:00', '2026-06-29 03:49:07', '2026-06-29 03:49:07'),
(324, 138, 23, 2002, 'Jumat', '12:30:00', '14:00:00', '2026-06-29 03:49:07', '2026-06-29 03:49:07'),
(325, 138, 28, 2014, 'Jumat', '14:00:00', '15:30:00', '2026-06-29 03:49:07', '2026-06-29 03:49:07'),
(326, 139, 76, 2030, 'Senin', '07:00:00', '08:30:00', '2026-06-29 03:49:07', '2026-06-29 03:49:07'),
(327, 139, 71, 1986, 'Senin', '08:30:00', '10:00:00', '2026-06-29 03:49:07', '2026-06-29 03:49:07'),
(328, 139, 19, 1984, 'Senin', '10:15:00', '11:45:00', '2026-06-29 03:49:07', '2026-06-29 03:49:07'),
(329, 139, 25, 2006, 'Senin', '12:30:00', '14:00:00', '2026-06-29 03:49:07', '2026-06-29 03:49:07'),
(330, 139, 29, 1991, 'Senin', '14:00:00', '15:30:00', '2026-06-29 03:49:07', '2026-06-29 03:49:07'),
(331, 139, 70, 1986, 'Selasa', '07:00:00', '08:30:00', '2026-06-29 03:49:07', '2026-06-29 03:49:07'),
(332, 139, 62, 2027, 'Selasa', '08:30:00', '10:00:00', '2026-06-29 03:49:07', '2026-06-29 03:49:07'),
(333, 139, 28, 2036, 'Selasa', '10:15:00', '11:45:00', '2026-06-29 03:49:07', '2026-06-29 03:49:07'),
(334, 139, 24, 1989, 'Selasa', '12:30:00', '14:00:00', '2026-06-29 03:49:07', '2026-06-29 03:49:07'),
(335, 139, 21, 2016, 'Selasa', '14:00:00', '15:30:00', '2026-06-29 03:49:07', '2026-06-29 03:49:07'),
(336, 139, 76, 1996, 'Rabu', '07:00:00', '08:30:00', '2026-06-29 03:49:07', '2026-06-29 03:49:07'),
(337, 139, 73, 2008, 'Rabu', '08:30:00', '10:00:00', '2026-06-29 03:49:07', '2026-06-29 03:49:07'),
(338, 139, 26, 2001, 'Rabu', '10:15:00', '11:45:00', '2026-06-29 03:49:07', '2026-06-29 03:49:07'),
(339, 139, 27, 2036, 'Rabu', '12:30:00', '14:00:00', '2026-06-29 03:49:07', '2026-06-29 03:49:07'),
(340, 139, 19, 1991, 'Rabu', '14:00:00', '15:30:00', '2026-06-29 03:49:07', '2026-06-29 03:49:07'),
(341, 139, 62, 2032, 'Kamis', '07:00:00', '08:30:00', '2026-06-29 03:49:07', '2026-06-29 03:49:07'),
(342, 139, 76, 2029, 'Kamis', '08:30:00', '10:00:00', '2026-06-29 03:49:07', '2026-06-29 03:49:07'),
(343, 139, 19, 2001, 'Kamis', '10:15:00', '11:45:00', '2026-06-29 03:49:07', '2026-06-29 03:49:07'),
(344, 139, 20, 2034, 'Kamis', '12:30:00', '14:00:00', '2026-06-29 03:49:07', '2026-06-29 03:49:07'),
(345, 139, 26, 1991, 'Kamis', '14:00:00', '15:30:00', '2026-06-29 03:49:07', '2026-06-29 03:49:07'),
(346, 139, 75, 1996, 'Jumat', '07:00:00', '08:30:00', '2026-06-29 03:49:07', '2026-06-29 03:49:07'),
(347, 139, 76, 2039, 'Jumat', '08:30:00', '10:00:00', '2026-06-29 03:49:07', '2026-06-29 03:49:07'),
(348, 139, 21, 1987, 'Jumat', '10:15:00', '11:45:00', '2026-06-29 03:49:07', '2026-06-29 03:49:07'),
(349, 139, 28, 2011, 'Jumat', '12:30:00', '14:00:00', '2026-06-29 03:49:07', '2026-06-29 03:49:07'),
(350, 139, 23, 2034, 'Jumat', '14:00:00', '15:30:00', '2026-06-29 03:49:07', '2026-06-29 03:49:07'),
(351, 140, 76, 2027, 'Senin', '07:00:00', '08:30:00', '2026-06-29 03:49:07', '2026-06-29 03:49:07'),
(352, 140, 74, 2043, 'Senin', '08:30:00', '10:00:00', '2026-06-29 03:49:07', '2026-06-29 03:49:07'),
(353, 140, 21, 2034, 'Senin', '10:15:00', '11:45:00', '2026-06-29 03:49:07', '2026-06-29 03:49:07'),
(354, 140, 26, 1991, 'Senin', '12:30:00', '14:00:00', '2026-06-29 03:49:07', '2026-06-29 03:49:07'),
(355, 140, 29, 1995, 'Senin', '14:00:00', '15:30:00', '2026-06-29 03:49:07', '2026-06-29 03:49:07'),
(356, 140, 70, 2008, 'Selasa', '07:00:00', '08:30:00', '2026-06-29 03:49:07', '2026-06-29 03:49:07'),
(357, 140, 75, 2030, 'Selasa', '08:30:00', '10:00:00', '2026-06-29 03:49:08', '2026-06-29 03:49:08'),
(358, 140, 23, 1983, 'Selasa', '10:15:00', '11:45:00', '2026-06-29 03:49:08', '2026-06-29 03:49:08'),
(359, 140, 22, 2034, 'Selasa', '12:30:00', '14:00:00', '2026-06-29 03:49:08', '2026-06-29 03:49:08'),
(360, 140, 27, 2004, 'Selasa', '14:00:00', '15:30:00', '2026-06-29 03:49:08', '2026-06-29 03:49:08'),
(361, 140, 71, 2029, 'Rabu', '07:00:00', '08:30:00', '2026-06-29 03:49:08', '2026-06-29 03:49:08'),
(362, 140, 75, 2027, 'Rabu', '08:30:00', '10:00:00', '2026-06-29 03:49:08', '2026-06-29 03:49:08'),
(363, 140, 29, 2005, 'Rabu', '10:15:00', '11:45:00', '2026-06-29 03:49:08', '2026-06-29 03:49:08'),
(364, 140, 28, 2001, 'Rabu', '12:30:00', '14:00:00', '2026-06-29 03:49:08', '2026-06-29 03:49:08'),
(365, 140, 20, 2040, 'Rabu', '14:00:00', '15:30:00', '2026-06-29 03:49:08', '2026-06-29 03:49:08'),
(366, 140, 70, 2030, 'Kamis', '07:00:00', '08:30:00', '2026-06-29 03:49:08', '2026-06-29 03:49:08'),
(367, 140, 74, 2008, 'Kamis', '08:30:00', '10:00:00', '2026-06-29 03:49:08', '2026-06-29 03:49:08'),
(368, 140, 22, 2034, 'Kamis', '10:15:00', '11:45:00', '2026-06-29 03:49:08', '2026-06-29 03:49:08'),
(369, 140, 21, 2012, 'Kamis', '12:30:00', '14:00:00', '2026-06-29 03:49:08', '2026-06-29 03:49:08'),
(370, 140, 24, 2016, 'Kamis', '14:00:00', '15:30:00', '2026-06-29 03:49:08', '2026-06-29 03:49:08'),
(371, 140, 70, 1986, 'Jumat', '07:00:00', '08:30:00', '2026-06-29 03:49:08', '2026-06-29 03:49:08'),
(372, 140, 74, 2029, 'Jumat', '08:30:00', '10:00:00', '2026-06-29 03:49:08', '2026-06-29 03:49:08'),
(373, 140, 24, 1995, 'Jumat', '10:15:00', '11:45:00', '2026-06-29 03:49:08', '2026-06-29 03:49:08'),
(374, 140, 22, 1989, 'Jumat', '12:30:00', '14:00:00', '2026-06-29 03:49:08', '2026-06-29 03:49:08'),
(375, 140, 21, 1999, 'Jumat', '14:00:00', '15:30:00', '2026-06-29 03:49:08', '2026-06-29 03:49:08'),
(376, 141, 62, 1988, 'Senin', '07:00:00', '08:30:00', '2026-06-29 03:49:08', '2026-06-29 03:49:08'),
(377, 141, 59, 1988, 'Senin', '08:30:00', '10:00:00', '2026-06-29 03:49:08', '2026-06-29 03:49:08'),
(378, 141, 28, 1999, 'Senin', '10:15:00', '11:45:00', '2026-06-29 03:49:08', '2026-06-29 03:49:08'),
(379, 141, 24, 2016, 'Senin', '12:30:00', '14:00:00', '2026-06-29 03:49:08', '2026-06-29 03:49:08'),
(380, 141, 29, 2006, 'Senin', '14:00:00', '15:30:00', '2026-06-29 03:49:08', '2026-06-29 03:49:08'),
(381, 141, 63, 2024, 'Selasa', '07:00:00', '08:30:00', '2026-06-29 03:49:08', '2026-06-29 03:49:08'),
(382, 141, 64, 1985, 'Selasa', '08:30:00', '10:00:00', '2026-06-29 03:49:08', '2026-06-29 03:49:08'),
(383, 141, 21, 2002, 'Selasa', '10:15:00', '11:45:00', '2026-06-29 03:49:08', '2026-06-29 03:49:08'),
(384, 141, 24, 1983, 'Selasa', '12:30:00', '14:00:00', '2026-06-29 03:49:08', '2026-06-29 03:49:08'),
(385, 141, 22, 2036, 'Selasa', '14:00:00', '15:30:00', '2026-06-29 03:49:08', '2026-06-29 03:49:08'),
(386, 141, 59, 2019, 'Rabu', '07:00:00', '08:30:00', '2026-06-29 03:49:08', '2026-06-29 03:49:08'),
(387, 141, 60, 2000, 'Rabu', '08:30:00', '10:00:00', '2026-06-29 03:49:08', '2026-06-29 03:49:08'),
(388, 141, 22, 2044, 'Rabu', '10:15:00', '11:45:00', '2026-06-29 03:49:08', '2026-06-29 03:49:08'),
(389, 141, 27, 2016, 'Rabu', '12:30:00', '14:00:00', '2026-06-29 03:49:08', '2026-06-29 03:49:08'),
(390, 141, 23, 2037, 'Rabu', '14:00:00', '15:30:00', '2026-06-29 03:49:08', '2026-06-29 03:49:08'),
(391, 141, 63, 2000, 'Kamis', '07:00:00', '08:30:00', '2026-06-29 03:49:08', '2026-06-29 03:49:08'),
(392, 141, 64, 2013, 'Kamis', '08:30:00', '10:00:00', '2026-06-29 03:49:08', '2026-06-29 03:49:08'),
(393, 141, 22, 1998, 'Kamis', '10:15:00', '11:45:00', '2026-06-29 03:49:08', '2026-06-29 03:49:08'),
(394, 141, 29, 2004, 'Kamis', '12:30:00', '14:00:00', '2026-06-29 03:49:08', '2026-06-29 03:49:08'),
(395, 141, 20, 2022, 'Kamis', '14:00:00', '15:30:00', '2026-06-29 03:49:08', '2026-06-29 03:49:08'),
(396, 141, 64, 2000, 'Jumat', '07:00:00', '08:30:00', '2026-06-29 03:49:08', '2026-06-29 03:49:08'),
(397, 141, 62, 2000, 'Jumat', '08:30:00', '10:00:00', '2026-06-29 03:49:08', '2026-06-29 03:49:08'),
(398, 141, 29, 2036, 'Jumat', '10:15:00', '11:45:00', '2026-06-29 03:49:08', '2026-06-29 03:49:08'),
(399, 141, 27, 2037, 'Jumat', '12:30:00', '14:00:00', '2026-06-29 03:49:08', '2026-06-29 03:49:08'),
(400, 141, 22, 2023, 'Jumat', '14:00:00', '15:30:00', '2026-06-29 03:49:08', '2026-06-29 03:49:08'),
(401, 142, 64, 2000, 'Senin', '07:00:00', '08:30:00', '2026-06-29 03:49:08', '2026-06-29 03:49:08'),
(402, 142, 63, 2000, 'Senin', '08:30:00', '10:00:00', '2026-06-29 03:49:08', '2026-06-29 03:49:08'),
(403, 142, 24, 1995, 'Senin', '10:15:00', '11:45:00', '2026-06-29 03:49:08', '2026-06-29 03:49:08'),
(404, 142, 22, 1995, 'Senin', '12:30:00', '14:00:00', '2026-06-29 03:49:08', '2026-06-29 03:49:08'),
(405, 142, 27, 1998, 'Senin', '14:00:00', '15:30:00', '2026-06-29 03:49:08', '2026-06-29 03:49:08'),
(406, 142, 60, 2010, 'Selasa', '07:00:00', '08:30:00', '2026-06-29 03:49:08', '2026-06-29 03:49:08'),
(407, 142, 61, 2019, 'Selasa', '08:30:00', '10:00:00', '2026-06-29 03:49:08', '2026-06-29 03:49:08'),
(408, 142, 19, 2001, 'Selasa', '10:15:00', '11:45:00', '2026-06-29 03:49:08', '2026-06-29 03:49:08'),
(409, 142, 21, 1987, 'Selasa', '12:30:00', '14:00:00', '2026-06-29 03:49:08', '2026-06-29 03:49:08'),
(410, 142, 24, 1983, 'Selasa', '14:00:00', '15:30:00', '2026-06-29 03:49:08', '2026-06-29 03:49:08'),
(411, 142, 59, 1988, 'Rabu', '07:00:00', '08:30:00', '2026-06-29 03:49:08', '2026-06-29 03:49:08'),
(412, 142, 64, 1985, 'Rabu', '08:30:00', '10:00:00', '2026-06-29 03:49:08', '2026-06-29 03:49:08'),
(413, 142, 20, 2034, 'Rabu', '10:15:00', '11:45:00', '2026-06-29 03:49:08', '2026-06-29 03:49:08'),
(414, 142, 27, 2002, 'Rabu', '12:30:00', '14:00:00', '2026-06-29 03:49:08', '2026-06-29 03:49:08'),
(415, 142, 28, 2005, 'Rabu', '14:00:00', '15:30:00', '2026-06-29 03:49:08', '2026-06-29 03:49:08'),
(416, 142, 63, 2019, 'Kamis', '07:00:00', '08:30:00', '2026-06-29 03:49:08', '2026-06-29 03:49:08'),
(417, 142, 64, 2010, 'Kamis', '08:30:00', '10:00:00', '2026-06-29 03:49:08', '2026-06-29 03:49:08'),
(418, 142, 22, 1995, 'Kamis', '10:15:00', '11:45:00', '2026-06-29 03:49:08', '2026-06-29 03:49:08'),
(419, 142, 28, 1983, 'Kamis', '12:30:00', '14:00:00', '2026-06-29 03:49:08', '2026-06-29 03:49:08'),
(420, 142, 26, 2044, 'Kamis', '14:00:00', '15:30:00', '2026-06-29 03:49:08', '2026-06-29 03:49:08'),
(421, 142, 62, 2019, 'Jumat', '07:00:00', '08:30:00', '2026-06-29 03:49:08', '2026-06-29 03:49:08'),
(422, 142, 64, 2035, 'Jumat', '08:30:00', '10:00:00', '2026-06-29 03:49:08', '2026-06-29 03:49:08'),
(423, 142, 25, 2040, 'Jumat', '10:15:00', '11:45:00', '2026-06-29 03:49:08', '2026-06-29 03:49:08'),
(424, 142, 19, 2036, 'Jumat', '12:30:00', '14:00:00', '2026-06-29 03:49:08', '2026-06-29 03:49:08'),
(425, 142, 20, 2005, 'Jumat', '14:00:00', '15:30:00', '2026-06-29 03:49:08', '2026-06-29 03:49:08'),
(426, 143, 64, 2035, 'Senin', '07:00:00', '08:30:00', '2026-06-29 03:49:08', '2026-06-29 03:49:08'),
(427, 143, 60, 1993, 'Senin', '08:30:00', '10:00:00', '2026-06-29 03:49:08', '2026-06-29 03:49:08'),
(428, 143, 27, 2002, 'Senin', '10:15:00', '11:45:00', '2026-06-29 03:49:08', '2026-06-29 03:49:08'),
(429, 143, 23, 1999, 'Senin', '12:30:00', '14:00:00', '2026-06-29 03:49:08', '2026-06-29 03:49:08'),
(430, 143, 28, 2001, 'Senin', '14:00:00', '15:30:00', '2026-06-29 03:49:08', '2026-06-29 03:49:08'),
(431, 143, 64, 1993, 'Selasa', '07:00:00', '08:30:00', '2026-06-29 03:49:08', '2026-06-29 03:49:08'),
(432, 143, 63, 1988, 'Selasa', '08:30:00', '10:00:00', '2026-06-29 03:49:08', '2026-06-29 03:49:08'),
(433, 143, 22, 1994, 'Selasa', '10:15:00', '11:45:00', '2026-06-29 03:49:08', '2026-06-29 03:49:08'),
(434, 143, 24, 2001, 'Selasa', '12:30:00', '14:00:00', '2026-06-29 03:49:08', '2026-06-29 03:49:08'),
(435, 143, 28, 2044, 'Selasa', '14:00:00', '15:30:00', '2026-06-29 03:49:08', '2026-06-29 03:49:08'),
(436, 143, 62, 1985, 'Rabu', '07:00:00', '08:30:00', '2026-06-29 03:49:08', '2026-06-29 03:49:08'),
(437, 143, 64, 2035, 'Rabu', '08:30:00', '10:00:00', '2026-06-29 03:49:08', '2026-06-29 03:49:08'),
(438, 143, 21, 2011, 'Rabu', '10:15:00', '11:45:00', '2026-06-29 03:49:08', '2026-06-29 03:49:08'),
(439, 143, 23, 1995, 'Rabu', '12:30:00', '14:00:00', '2026-06-29 03:49:08', '2026-06-29 03:49:08'),
(440, 143, 19, 2004, 'Rabu', '14:00:00', '15:30:00', '2026-06-29 03:49:08', '2026-06-29 03:49:08'),
(441, 143, 64, 2013, 'Kamis', '07:00:00', '08:30:00', '2026-06-29 03:49:08', '2026-06-29 03:49:08'),
(442, 143, 61, 2024, 'Kamis', '08:30:00', '10:00:00', '2026-06-29 03:49:08', '2026-06-29 03:49:08'),
(443, 143, 19, 1984, 'Kamis', '10:15:00', '11:45:00', '2026-06-29 03:49:08', '2026-06-29 03:49:08'),
(444, 143, 22, 1984, 'Kamis', '12:30:00', '14:00:00', '2026-06-29 03:49:08', '2026-06-29 03:49:08'),
(445, 143, 29, 1987, 'Kamis', '14:00:00', '15:30:00', '2026-06-29 03:49:08', '2026-06-29 03:49:08'),
(446, 143, 59, 2013, 'Jumat', '07:00:00', '08:30:00', '2026-06-29 03:49:08', '2026-06-29 03:49:08'),
(447, 143, 63, 1993, 'Jumat', '08:30:00', '10:00:00', '2026-06-29 03:49:08', '2026-06-29 03:49:08'),
(448, 143, 20, 1991, 'Jumat', '10:15:00', '11:45:00', '2026-06-29 03:49:08', '2026-06-29 03:49:08'),
(449, 143, 24, 2022, 'Jumat', '12:30:00', '14:00:00', '2026-06-29 03:49:08', '2026-06-29 03:49:08'),
(450, 143, 21, 1989, 'Jumat', '14:00:00', '15:30:00', '2026-06-29 03:49:08', '2026-06-29 03:49:08'),
(451, 144, 77, 1997, 'Senin', '07:00:00', '08:30:00', '2026-06-29 03:49:08', '2026-06-29 03:49:08'),
(452, 144, 27, 2034, 'Senin', '08:30:00', '10:00:00', '2026-06-29 03:49:08', '2026-06-29 03:49:08'),
(453, 144, 25, 2012, 'Senin', '10:15:00', '11:45:00', '2026-06-29 03:49:08', '2026-06-29 03:49:08'),
(454, 144, 19, 2001, 'Senin', '12:30:00', '14:00:00', '2026-06-29 03:49:08', '2026-06-29 03:49:08'),
(455, 144, 82, 1997, 'Senin', '14:00:00', '15:30:00', '2026-06-29 03:49:08', '2026-06-29 03:49:08'),
(456, 144, 62, 2033, 'Selasa', '07:00:00', '08:30:00', '2026-06-29 03:49:08', '2026-06-29 03:49:08'),
(457, 144, 21, 2040, 'Selasa', '08:30:00', '10:00:00', '2026-06-29 03:49:08', '2026-06-29 03:49:08'),
(458, 144, 22, 2014, 'Selasa', '10:15:00', '11:45:00', '2026-06-29 03:49:08', '2026-06-29 03:49:08'),
(459, 144, 24, 2041, 'Selasa', '12:30:00', '14:00:00', '2026-06-29 03:49:08', '2026-06-29 03:49:08'),
(460, 144, 81, 2033, 'Selasa', '14:00:00', '15:30:00', '2026-06-29 03:49:08', '2026-06-29 03:49:08'),
(461, 144, 79, 2033, 'Rabu', '07:00:00', '08:30:00', '2026-06-29 03:49:08', '2026-06-29 03:49:08'),
(462, 144, 20, 1999, 'Rabu', '08:30:00', '10:00:00', '2026-06-29 03:49:08', '2026-06-29 03:49:08'),
(463, 144, 21, 1999, 'Rabu', '10:15:00', '11:45:00', '2026-06-29 03:49:08', '2026-06-29 03:49:08'),
(464, 144, 24, 2011, 'Rabu', '12:30:00', '14:00:00', '2026-06-29 03:49:08', '2026-06-29 03:49:08'),
(465, 144, 80, 2038, 'Rabu', '14:00:00', '15:30:00', '2026-06-29 03:49:08', '2026-06-29 03:49:08'),
(466, 144, 81, 2031, 'Kamis', '07:00:00', '08:30:00', '2026-06-29 03:49:08', '2026-06-29 03:49:08'),
(467, 144, 27, 2044, 'Kamis', '08:30:00', '10:00:00', '2026-06-29 03:49:08', '2026-06-29 03:49:08'),
(468, 144, 26, 2016, 'Kamis', '10:15:00', '11:45:00', '2026-06-29 03:49:08', '2026-06-29 03:49:08'),
(469, 144, 23, 2002, 'Kamis', '12:30:00', '14:00:00', '2026-06-29 03:49:08', '2026-06-29 03:49:08'),
(470, 144, 78, 1997, 'Kamis', '14:00:00', '15:30:00', '2026-06-29 03:49:08', '2026-06-29 03:49:08'),
(471, 144, 78, 2017, 'Jumat', '07:00:00', '08:30:00', '2026-06-29 03:49:08', '2026-06-29 03:49:08'),
(472, 144, 25, 2041, 'Jumat', '08:30:00', '10:00:00', '2026-06-29 03:49:08', '2026-06-29 03:49:08'),
(473, 144, 26, 1999, 'Jumat', '10:15:00', '11:45:00', '2026-06-29 03:49:08', '2026-06-29 03:49:08'),
(474, 144, 27, 1983, 'Jumat', '12:30:00', '14:00:00', '2026-06-29 03:49:08', '2026-06-29 03:49:08'),
(475, 144, 81, 2031, 'Jumat', '14:00:00', '15:30:00', '2026-06-29 03:49:08', '2026-06-29 03:49:08'),
(476, 145, 26, 2022, 'Senin', '07:00:00', '08:30:00', '2026-06-29 03:49:08', '2026-06-29 03:49:08'),
(477, 145, 62, 2033, 'Senin', '08:30:00', '10:00:00', '2026-06-29 03:49:08', '2026-06-29 03:49:08'),
(478, 145, 21, 2036, 'Senin', '10:15:00', '11:45:00', '2026-06-29 03:49:08', '2026-06-29 03:49:08'),
(479, 145, 79, 1997, 'Senin', '12:30:00', '14:00:00', '2026-06-29 03:49:08', '2026-06-29 03:49:08'),
(480, 145, 24, 1987, 'Senin', '14:00:00', '15:30:00', '2026-06-29 03:49:08', '2026-06-29 03:49:08'),
(481, 145, 21, 2022, 'Selasa', '07:00:00', '08:30:00', '2026-06-29 03:49:08', '2026-06-29 03:49:08'),
(482, 145, 81, 2031, 'Selasa', '08:30:00', '10:00:00', '2026-06-29 03:49:08', '2026-06-29 03:49:08'),
(483, 145, 26, 1991, 'Selasa', '10:15:00', '11:45:00', '2026-06-29 03:49:08', '2026-06-29 03:49:08'),
(484, 145, 82, 2031, 'Selasa', '12:30:00', '14:00:00', '2026-06-29 03:49:08', '2026-06-29 03:49:08'),
(485, 145, 20, 1987, 'Selasa', '14:00:00', '15:30:00', '2026-06-29 03:49:08', '2026-06-29 03:49:08'),
(486, 145, 25, 2012, 'Rabu', '07:00:00', '08:30:00', '2026-06-29 03:49:08', '2026-06-29 03:49:08'),
(487, 145, 77, 2038, 'Rabu', '08:30:00', '10:00:00', '2026-06-29 03:49:08', '2026-06-29 03:49:08'),
(488, 145, 28, 2042, 'Rabu', '10:15:00', '11:45:00', '2026-06-29 03:49:08', '2026-06-29 03:49:08'),
(489, 145, 78, 2017, 'Rabu', '12:30:00', '14:00:00', '2026-06-29 03:49:08', '2026-06-29 03:49:08'),
(490, 145, 19, 2023, 'Rabu', '14:00:00', '15:30:00', '2026-06-29 03:49:08', '2026-06-29 03:49:08'),
(491, 145, 19, 2011, 'Kamis', '07:00:00', '08:30:00', '2026-06-29 03:49:08', '2026-06-29 03:49:08'),
(492, 145, 82, 2031, 'Kamis', '08:30:00', '10:00:00', '2026-06-29 03:49:08', '2026-06-29 03:49:08'),
(493, 145, 22, 2004, 'Kamis', '10:15:00', '11:45:00', '2026-06-29 03:49:08', '2026-06-29 03:49:08'),
(494, 145, 78, 2038, 'Kamis', '12:30:00', '14:00:00', '2026-06-29 03:49:08', '2026-06-29 03:49:08'),
(495, 145, 29, 2037, 'Kamis', '14:00:00', '15:30:00', '2026-06-29 03:49:08', '2026-06-29 03:49:08'),
(496, 145, 27, 2002, 'Jumat', '07:00:00', '08:30:00', '2026-06-29 03:49:08', '2026-06-29 03:49:08'),
(497, 145, 79, 2031, 'Jumat', '08:30:00', '10:00:00', '2026-06-29 03:49:08', '2026-06-29 03:49:08'),
(498, 145, 20, 2014, 'Jumat', '10:15:00', '11:45:00', '2026-06-29 03:49:08', '2026-06-29 03:49:08'),
(499, 145, 82, 2033, 'Jumat', '12:30:00', '14:00:00', '2026-06-29 03:49:08', '2026-06-29 03:49:08'),
(500, 145, 29, 2002, 'Jumat', '14:00:00', '15:30:00', '2026-06-29 03:49:08', '2026-06-29 03:49:08'),
(501, 146, 92, 1992, 'Senin', '07:00:00', '08:30:00', '2026-06-29 03:49:08', '2026-06-29 03:49:08'),
(502, 146, 91, 2021, 'Senin', '08:30:00', '10:00:00', '2026-06-29 03:49:08', '2026-06-29 03:49:08'),
(503, 146, 23, 2006, 'Senin', '10:15:00', '11:45:00', '2026-06-29 03:49:08', '2026-06-29 03:49:08'),
(504, 146, 24, 2036, 'Senin', '12:30:00', '14:00:00', '2026-06-29 03:49:08', '2026-06-29 03:49:08');
INSERT INTO `tbl_jadwal` (`id_jadwal`, `id_kelas`, `id_mapel`, `id_guru`, `hari`, `jam_mulai`, `jam_selesai`, `created_at`, `updated_at`) VALUES
(505, 146, 26, 2036, 'Senin', '14:00:00', '15:30:00', '2026-06-29 03:49:08', '2026-06-29 03:49:08'),
(506, 146, 90, 2021, 'Selasa', '07:00:00', '08:30:00', '2026-06-29 03:49:08', '2026-06-29 03:49:08'),
(507, 146, 89, 1990, 'Selasa', '08:30:00', '10:00:00', '2026-06-29 03:49:08', '2026-06-29 03:49:08'),
(508, 146, 27, 2004, 'Selasa', '10:15:00', '11:45:00', '2026-06-29 03:49:08', '2026-06-29 03:49:08'),
(509, 146, 20, 1999, 'Selasa', '12:30:00', '14:00:00', '2026-06-29 03:49:08', '2026-06-29 03:49:08'),
(510, 146, 22, 2005, 'Selasa', '14:00:00', '15:30:00', '2026-06-29 03:49:08', '2026-06-29 03:49:08'),
(511, 146, 90, 2028, 'Rabu', '07:00:00', '08:30:00', '2026-06-29 03:49:08', '2026-06-29 03:49:08'),
(512, 146, 88, 2007, 'Rabu', '08:30:00', '10:00:00', '2026-06-29 03:49:08', '2026-06-29 03:49:08'),
(513, 146, 22, 1994, 'Rabu', '10:15:00', '11:45:00', '2026-06-29 03:49:08', '2026-06-29 03:49:08'),
(514, 146, 19, 2041, 'Rabu', '12:30:00', '14:00:00', '2026-06-29 03:49:08', '2026-06-29 03:49:08'),
(515, 146, 25, 1983, 'Rabu', '14:00:00', '15:30:00', '2026-06-29 03:49:08', '2026-06-29 03:49:08'),
(516, 146, 89, 2003, 'Kamis', '07:00:00', '08:30:00', '2026-06-29 03:49:08', '2026-06-29 03:49:08'),
(517, 146, 90, 2007, 'Kamis', '08:30:00', '10:00:00', '2026-06-29 03:49:08', '2026-06-29 03:49:08'),
(518, 146, 26, 2005, 'Kamis', '10:15:00', '11:45:00', '2026-06-29 03:49:08', '2026-06-29 03:49:08'),
(519, 146, 21, 2001, 'Kamis', '12:30:00', '14:00:00', '2026-06-29 03:49:08', '2026-06-29 03:49:08'),
(520, 146, 29, 1983, 'Kamis', '14:00:00', '15:30:00', '2026-06-29 03:49:08', '2026-06-29 03:49:08'),
(521, 146, 89, 2003, 'Jumat', '07:00:00', '08:30:00', '2026-06-29 03:49:08', '2026-06-29 03:49:08'),
(522, 146, 92, 2007, 'Jumat', '08:30:00', '10:00:00', '2026-06-29 03:49:08', '2026-06-29 03:49:08'),
(523, 146, 24, 2006, 'Jumat', '10:15:00', '11:45:00', '2026-06-29 03:49:08', '2026-06-29 03:49:08'),
(524, 146, 28, 2023, 'Jumat', '12:30:00', '14:00:00', '2026-06-29 03:49:08', '2026-06-29 03:49:08'),
(525, 146, 29, 2041, 'Jumat', '14:00:00', '15:30:00', '2026-06-29 03:49:08', '2026-06-29 03:49:08'),
(526, 147, 91, 2028, 'Senin', '07:00:00', '08:30:00', '2026-06-29 03:49:08', '2026-06-29 03:49:08'),
(527, 147, 92, 2018, 'Senin', '08:30:00', '10:00:00', '2026-06-29 03:49:08', '2026-06-29 03:49:08'),
(528, 147, 28, 2004, 'Senin', '10:15:00', '11:45:00', '2026-06-29 03:49:08', '2026-06-29 03:49:08'),
(529, 147, 27, 1994, 'Senin', '12:30:00', '14:00:00', '2026-06-29 03:49:08', '2026-06-29 03:49:08'),
(530, 147, 21, 2014, 'Senin', '14:00:00', '15:30:00', '2026-06-29 03:49:08', '2026-06-29 03:49:08'),
(531, 147, 92, 2020, 'Selasa', '07:00:00', '08:30:00', '2026-06-29 03:49:08', '2026-06-29 03:49:08'),
(532, 147, 88, 2028, 'Selasa', '08:30:00', '10:00:00', '2026-06-29 03:49:08', '2026-06-29 03:49:08'),
(533, 147, 21, 2040, 'Selasa', '10:15:00', '11:45:00', '2026-06-29 03:49:08', '2026-06-29 03:49:08'),
(534, 147, 27, 2037, 'Selasa', '12:30:00', '14:00:00', '2026-06-29 03:49:08', '2026-06-29 03:49:08'),
(535, 147, 22, 1991, 'Selasa', '14:00:00', '15:30:00', '2026-06-29 03:49:08', '2026-06-29 03:49:08'),
(536, 147, 92, 2003, 'Rabu', '07:00:00', '08:30:00', '2026-06-29 03:49:08', '2026-06-29 03:49:08'),
(537, 147, 90, 2020, 'Rabu', '08:30:00', '10:00:00', '2026-06-29 03:49:08', '2026-06-29 03:49:08'),
(538, 147, 28, 1987, 'Rabu', '10:15:00', '11:45:00', '2026-06-29 03:49:08', '2026-06-29 03:49:08'),
(539, 147, 19, 1999, 'Rabu', '12:30:00', '14:00:00', '2026-06-29 03:49:08', '2026-06-29 03:49:08'),
(540, 147, 20, 2014, 'Rabu', '14:00:00', '15:30:00', '2026-06-29 03:49:08', '2026-06-29 03:49:08'),
(541, 147, 90, 1992, 'Kamis', '07:00:00', '08:30:00', '2026-06-29 03:49:08', '2026-06-29 03:49:08'),
(542, 147, 88, 2003, 'Kamis', '08:30:00', '10:00:00', '2026-06-29 03:49:08', '2026-06-29 03:49:08'),
(543, 147, 26, 1991, 'Kamis', '10:15:00', '11:45:00', '2026-06-29 03:49:08', '2026-06-29 03:49:08'),
(544, 147, 25, 1998, 'Kamis', '12:30:00', '14:00:00', '2026-06-29 03:49:08', '2026-06-29 03:49:08'),
(545, 147, 22, 1984, 'Kamis', '14:00:00', '15:30:00', '2026-06-29 03:49:08', '2026-06-29 03:49:08'),
(546, 147, 91, 2020, 'Jumat', '07:00:00', '08:30:00', '2026-06-29 03:49:08', '2026-06-29 03:49:08'),
(547, 147, 88, 1990, 'Jumat', '08:30:00', '10:00:00', '2026-06-29 03:49:08', '2026-06-29 03:49:08'),
(548, 147, 25, 2044, 'Jumat', '10:15:00', '11:45:00', '2026-06-29 03:49:08', '2026-06-29 03:49:08'),
(549, 147, 19, 1994, 'Jumat', '12:30:00', '14:00:00', '2026-06-29 03:49:08', '2026-06-29 03:49:08'),
(550, 147, 21, 2022, 'Jumat', '14:00:00', '15:30:00', '2026-06-29 03:49:08', '2026-06-29 03:49:08'),
(551, 148, 89, 2018, 'Senin', '07:00:00', '08:30:00', '2026-06-29 03:49:08', '2026-06-29 03:49:08'),
(552, 148, 91, 1992, 'Senin', '08:30:00', '10:00:00', '2026-06-29 03:49:08', '2026-06-29 03:49:08'),
(553, 148, 27, 1994, 'Senin', '10:15:00', '11:45:00', '2026-06-29 03:49:08', '2026-06-29 03:49:08'),
(554, 148, 26, 2012, 'Senin', '12:30:00', '14:00:00', '2026-06-29 03:49:08', '2026-06-29 03:49:08'),
(555, 148, 21, 1994, 'Senin', '14:00:00', '15:30:00', '2026-06-29 03:49:08', '2026-06-29 03:49:08'),
(556, 148, 89, 2028, 'Selasa', '07:00:00', '08:30:00', '2026-06-29 03:49:08', '2026-06-29 03:49:08'),
(557, 148, 91, 2020, 'Selasa', '08:30:00', '10:00:00', '2026-06-29 03:49:08', '2026-06-29 03:49:08'),
(558, 148, 25, 2037, 'Selasa', '10:15:00', '11:45:00', '2026-06-29 03:49:08', '2026-06-29 03:49:08'),
(559, 148, 27, 2022, 'Selasa', '12:30:00', '14:00:00', '2026-06-29 03:49:08', '2026-06-29 03:49:08'),
(560, 148, 28, 1998, 'Selasa', '14:00:00', '15:30:00', '2026-06-29 03:49:08', '2026-06-29 03:49:08'),
(561, 148, 90, 1992, 'Rabu', '07:00:00', '08:30:00', '2026-06-29 03:49:08', '2026-06-29 03:49:08'),
(562, 148, 92, 2021, 'Rabu', '08:30:00', '10:00:00', '2026-06-29 03:49:08', '2026-06-29 03:49:08'),
(563, 148, 25, 2016, 'Rabu', '10:15:00', '11:45:00', '2026-06-29 03:49:08', '2026-06-29 03:49:08'),
(564, 148, 20, 2012, 'Rabu', '12:30:00', '14:00:00', '2026-06-29 03:49:08', '2026-06-29 03:49:08'),
(565, 148, 19, 1994, 'Rabu', '14:00:00', '15:30:00', '2026-06-29 03:49:08', '2026-06-29 03:49:08'),
(566, 148, 89, 2021, 'Kamis', '07:00:00', '08:30:00', '2026-06-29 03:49:08', '2026-06-29 03:49:08'),
(567, 148, 92, 2028, 'Kamis', '08:30:00', '10:00:00', '2026-06-29 03:49:08', '2026-06-29 03:49:08'),
(568, 148, 26, 1999, 'Kamis', '10:15:00', '11:45:00', '2026-06-29 03:49:08', '2026-06-29 03:49:08'),
(569, 148, 23, 2044, 'Kamis', '12:30:00', '14:00:00', '2026-06-29 03:49:08', '2026-06-29 03:49:08'),
(570, 148, 22, 1989, 'Kamis', '14:00:00', '15:30:00', '2026-06-29 03:49:08', '2026-06-29 03:49:08'),
(571, 148, 89, 1990, 'Jumat', '07:00:00', '08:30:00', '2026-06-29 03:49:08', '2026-06-29 03:49:08'),
(572, 148, 88, 2028, 'Jumat', '08:30:00', '10:00:00', '2026-06-29 03:49:08', '2026-06-29 03:49:08'),
(573, 148, 29, 2012, 'Jumat', '10:15:00', '11:45:00', '2026-06-29 03:49:08', '2026-06-29 03:49:08'),
(574, 148, 19, 1999, 'Jumat', '12:30:00', '14:00:00', '2026-06-29 03:49:08', '2026-06-29 03:49:08'),
(575, 148, 21, 2001, 'Jumat', '14:00:00', '15:30:00', '2026-06-29 03:49:08', '2026-06-29 03:49:08'),
(576, 149, 93, 2043, 'Senin', '07:00:00', '08:30:00', '2026-06-29 03:49:08', '2026-06-29 03:49:08'),
(577, 149, 95, 2029, 'Senin', '08:30:00', '10:00:00', '2026-06-29 03:49:08', '2026-06-29 03:49:08'),
(578, 149, 26, 1991, 'Senin', '10:15:00', '11:45:00', '2026-06-29 03:49:08', '2026-06-29 03:49:08'),
(579, 149, 27, 2040, 'Senin', '12:30:00', '14:00:00', '2026-06-29 03:49:08', '2026-06-29 03:49:08'),
(580, 149, 19, 1989, 'Senin', '14:00:00', '15:30:00', '2026-06-29 03:49:08', '2026-06-29 03:49:08'),
(581, 149, 95, 2030, 'Selasa', '07:00:00', '08:30:00', '2026-06-29 03:49:08', '2026-06-29 03:49:08'),
(582, 149, 98, 2025, 'Selasa', '08:30:00', '10:00:00', '2026-06-29 03:49:08', '2026-06-29 03:49:08'),
(583, 149, 28, 1989, 'Selasa', '10:15:00', '11:45:00', '2026-06-29 03:49:08', '2026-06-29 03:49:08'),
(584, 149, 19, 2023, 'Selasa', '12:30:00', '14:00:00', '2026-06-29 03:49:08', '2026-06-29 03:49:08'),
(585, 149, 26, 2002, 'Selasa', '14:00:00', '15:30:00', '2026-06-29 03:49:08', '2026-06-29 03:49:08'),
(586, 149, 97, 2025, 'Rabu', '07:00:00', '08:30:00', '2026-06-29 03:49:08', '2026-06-29 03:49:08'),
(587, 149, 94, 2039, 'Rabu', '08:30:00', '10:00:00', '2026-06-29 03:49:08', '2026-06-29 03:49:08'),
(588, 149, 27, 2041, 'Rabu', '10:15:00', '11:45:00', '2026-06-29 03:49:08', '2026-06-29 03:49:08'),
(589, 149, 20, 1984, 'Rabu', '12:30:00', '14:00:00', '2026-06-29 03:49:08', '2026-06-29 03:49:08'),
(590, 149, 23, 2022, 'Rabu', '14:00:00', '15:30:00', '2026-06-29 03:49:08', '2026-06-29 03:49:08'),
(591, 149, 93, 2039, 'Kamis', '07:00:00', '08:30:00', '2026-06-29 03:49:08', '2026-06-29 03:49:08'),
(592, 149, 98, 2026, 'Kamis', '08:30:00', '10:00:00', '2026-06-29 03:49:08', '2026-06-29 03:49:08'),
(593, 149, 26, 2012, 'Kamis', '10:15:00', '11:45:00', '2026-06-29 03:49:08', '2026-06-29 03:49:08'),
(594, 149, 20, 2011, 'Kamis', '12:30:00', '14:00:00', '2026-06-29 03:49:08', '2026-06-29 03:49:08'),
(595, 149, 19, 2001, 'Kamis', '14:00:00', '15:30:00', '2026-06-29 03:49:08', '2026-06-29 03:49:08'),
(596, 149, 95, 2029, 'Jumat', '07:00:00', '08:30:00', '2026-06-29 03:49:08', '2026-06-29 03:49:08'),
(597, 149, 96, 1986, 'Jumat', '08:30:00', '10:00:00', '2026-06-29 03:49:08', '2026-06-29 03:49:08'),
(598, 149, 29, 2023, 'Jumat', '10:15:00', '11:45:00', '2026-06-29 03:49:08', '2026-06-29 03:49:08'),
(599, 149, 28, 1995, 'Jumat', '12:30:00', '14:00:00', '2026-06-29 03:49:08', '2026-06-29 03:49:08'),
(600, 149, 22, 2011, 'Jumat', '14:00:00', '15:30:00', '2026-06-29 03:49:08', '2026-06-29 03:49:08'),
(601, 150, 93, 2025, 'Senin', '07:00:00', '08:30:00', '2026-06-29 03:49:08', '2026-06-29 03:49:08'),
(602, 150, 94, 2026, 'Senin', '08:30:00', '10:00:00', '2026-06-29 03:49:08', '2026-06-29 03:49:08'),
(603, 150, 20, 2005, 'Senin', '10:15:00', '11:45:00', '2026-06-29 03:49:08', '2026-06-29 03:49:08'),
(604, 150, 24, 2034, 'Senin', '12:30:00', '14:00:00', '2026-06-29 03:49:08', '2026-06-29 03:49:08'),
(605, 150, 21, 1999, 'Senin', '14:00:00', '15:30:00', '2026-06-29 03:49:08', '2026-06-29 03:49:08'),
(606, 150, 97, 2027, 'Selasa', '07:00:00', '08:30:00', '2026-06-29 03:49:08', '2026-06-29 03:49:08'),
(607, 150, 94, 2008, 'Selasa', '08:30:00', '10:00:00', '2026-06-29 03:49:08', '2026-06-29 03:49:08'),
(608, 150, 23, 2042, 'Selasa', '10:15:00', '11:45:00', '2026-06-29 03:49:08', '2026-06-29 03:49:08'),
(609, 150, 27, 2002, 'Selasa', '12:30:00', '14:00:00', '2026-06-29 03:49:08', '2026-06-29 03:49:08'),
(610, 150, 26, 1989, 'Selasa', '14:00:00', '15:30:00', '2026-06-29 03:49:08', '2026-06-29 03:49:08'),
(611, 150, 96, 2015, 'Rabu', '07:00:00', '08:30:00', '2026-06-29 03:49:08', '2026-06-29 03:49:08'),
(612, 150, 93, 2015, 'Rabu', '08:30:00', '10:00:00', '2026-06-29 03:49:08', '2026-06-29 03:49:08'),
(613, 150, 27, 2006, 'Rabu', '10:15:00', '11:45:00', '2026-06-29 03:49:08', '2026-06-29 03:49:08'),
(614, 150, 23, 2023, 'Rabu', '12:30:00', '14:00:00', '2026-06-29 03:49:08', '2026-06-29 03:49:08'),
(615, 150, 20, 2044, 'Rabu', '14:00:00', '15:30:00', '2026-06-29 03:49:08', '2026-06-29 03:49:08'),
(616, 150, 95, 2027, 'Kamis', '07:00:00', '08:30:00', '2026-06-29 03:49:08', '2026-06-29 03:49:08'),
(617, 150, 93, 2030, 'Kamis', '08:30:00', '10:00:00', '2026-06-29 03:49:08', '2026-06-29 03:49:08'),
(618, 150, 22, 1983, 'Kamis', '10:15:00', '11:45:00', '2026-06-29 03:49:08', '2026-06-29 03:49:08'),
(619, 150, 24, 2022, 'Kamis', '12:30:00', '14:00:00', '2026-06-29 03:49:08', '2026-06-29 03:49:08'),
(620, 150, 21, 2042, 'Kamis', '14:00:00', '15:30:00', '2026-06-29 03:49:08', '2026-06-29 03:49:08'),
(621, 150, 96, 2027, 'Jumat', '07:00:00', '08:30:00', '2026-06-29 03:49:08', '2026-06-29 03:49:08'),
(622, 150, 98, 1996, 'Jumat', '08:30:00', '10:00:00', '2026-06-29 03:49:08', '2026-06-29 03:49:08'),
(623, 150, 25, 1989, 'Jumat', '10:15:00', '11:45:00', '2026-06-29 03:49:08', '2026-06-29 03:49:08'),
(624, 150, 22, 1991, 'Jumat', '12:30:00', '14:00:00', '2026-06-29 03:49:08', '2026-06-29 03:49:08'),
(625, 150, 28, 1984, 'Jumat', '14:00:00', '15:30:00', '2026-06-29 03:49:08', '2026-06-29 03:49:08'),
(626, 151, 85, 1985, 'Senin', '07:00:00', '08:30:00', '2026-06-29 03:49:08', '2026-06-29 03:49:08'),
(627, 151, 86, 2010, 'Senin', '08:30:00', '10:00:00', '2026-06-29 03:49:08', '2026-06-29 03:49:08'),
(628, 151, 19, 2022, 'Senin', '10:15:00', '11:45:00', '2026-06-29 03:49:08', '2026-06-29 03:49:08'),
(629, 151, 29, 2004, 'Senin', '12:30:00', '14:00:00', '2026-06-29 03:49:08', '2026-06-29 03:49:08'),
(630, 151, 26, 1984, 'Senin', '14:00:00', '15:30:00', '2026-06-29 03:49:08', '2026-06-29 03:49:08'),
(631, 151, 84, 1985, 'Selasa', '07:00:00', '08:30:00', '2026-06-29 03:49:08', '2026-06-29 03:49:08'),
(632, 151, 83, 2024, 'Selasa', '08:30:00', '10:00:00', '2026-06-29 03:49:08', '2026-06-29 03:49:08'),
(633, 151, 25, 2022, 'Selasa', '10:15:00', '11:45:00', '2026-06-29 03:49:08', '2026-06-29 03:49:08'),
(634, 151, 23, 1984, 'Selasa', '12:30:00', '14:00:00', '2026-06-29 03:49:08', '2026-06-29 03:49:08'),
(635, 151, 27, 1995, 'Selasa', '14:00:00', '15:30:00', '2026-06-29 03:49:08', '2026-06-29 03:49:08'),
(636, 151, 62, 2010, 'Rabu', '07:00:00', '08:30:00', '2026-06-29 03:49:08', '2026-06-29 03:49:08'),
(637, 151, 83, 2019, 'Rabu', '08:30:00', '10:00:00', '2026-06-29 03:49:08', '2026-06-29 03:49:08'),
(638, 151, 19, 2037, 'Rabu', '10:15:00', '11:45:00', '2026-06-29 03:49:08', '2026-06-29 03:49:08'),
(639, 151, 22, 2037, 'Rabu', '12:30:00', '14:00:00', '2026-06-29 03:49:08', '2026-06-29 03:49:08'),
(640, 151, 20, 2002, 'Rabu', '14:00:00', '15:30:00', '2026-06-29 03:49:08', '2026-06-29 03:49:08'),
(641, 151, 62, 2010, 'Kamis', '07:00:00', '08:30:00', '2026-06-29 03:49:08', '2026-06-29 03:49:08'),
(642, 151, 85, 2000, 'Kamis', '08:30:00', '10:00:00', '2026-06-29 03:49:08', '2026-06-29 03:49:08'),
(643, 151, 23, 1989, 'Kamis', '10:15:00', '11:45:00', '2026-06-29 03:49:08', '2026-06-29 03:49:08'),
(644, 151, 28, 1991, 'Kamis', '12:30:00', '14:00:00', '2026-06-29 03:49:08', '2026-06-29 03:49:08'),
(645, 151, 20, 2006, 'Kamis', '14:00:00', '15:30:00', '2026-06-29 03:49:08', '2026-06-29 03:49:08'),
(646, 151, 84, 2024, 'Jumat', '07:00:00', '08:30:00', '2026-06-29 03:49:08', '2026-06-29 03:49:08'),
(647, 151, 62, 2019, 'Jumat', '08:30:00', '10:00:00', '2026-06-29 03:49:08', '2026-06-29 03:49:08'),
(648, 151, 23, 2037, 'Jumat', '10:15:00', '11:45:00', '2026-06-29 03:49:08', '2026-06-29 03:49:08'),
(649, 151, 22, 1998, 'Jumat', '12:30:00', '14:00:00', '2026-06-29 03:49:08', '2026-06-29 03:49:08'),
(650, 151, 28, 1991, 'Jumat', '14:00:00', '15:30:00', '2026-06-29 03:49:08', '2026-06-29 03:49:08'),
(651, 152, 84, 1993, 'Senin', '07:00:00', '08:30:00', '2026-06-29 03:49:08', '2026-06-29 03:49:08'),
(652, 152, 86, 2035, 'Senin', '08:30:00', '10:00:00', '2026-06-29 03:49:08', '2026-06-29 03:49:08'),
(653, 152, 23, 2044, 'Senin', '10:15:00', '11:45:00', '2026-06-29 03:49:08', '2026-06-29 03:49:08'),
(654, 152, 28, 2002, 'Senin', '12:30:00', '14:00:00', '2026-06-29 03:49:08', '2026-06-29 03:49:08'),
(655, 152, 22, 2011, 'Senin', '14:00:00', '15:30:00', '2026-06-29 03:49:08', '2026-06-29 03:49:08'),
(656, 152, 85, 2019, 'Selasa', '07:00:00', '08:30:00', '2026-06-29 03:49:08', '2026-06-29 03:49:08'),
(657, 152, 83, 2000, 'Selasa', '08:30:00', '10:00:00', '2026-06-29 03:49:08', '2026-06-29 03:49:08'),
(658, 152, 28, 2023, 'Selasa', '10:15:00', '11:45:00', '2026-06-29 03:49:08', '2026-06-29 03:49:08'),
(659, 152, 25, 2014, 'Selasa', '12:30:00', '14:00:00', '2026-06-29 03:49:08', '2026-06-29 03:49:08'),
(660, 152, 19, 2041, 'Selasa', '14:00:00', '15:30:00', '2026-06-29 03:49:08', '2026-06-29 03:49:08'),
(661, 152, 62, 2035, 'Rabu', '07:00:00', '08:30:00', '2026-06-29 03:49:08', '2026-06-29 03:49:08'),
(662, 152, 86, 1993, 'Rabu', '08:30:00', '10:00:00', '2026-06-29 03:49:08', '2026-06-29 03:49:08'),
(663, 152, 29, 1998, 'Rabu', '10:15:00', '11:45:00', '2026-06-29 03:49:08', '2026-06-29 03:49:08'),
(664, 152, 26, 2014, 'Rabu', '12:30:00', '14:00:00', '2026-06-29 03:49:08', '2026-06-29 03:49:08'),
(665, 152, 25, 2011, 'Rabu', '14:00:00', '15:30:00', '2026-06-29 03:49:08', '2026-06-29 03:49:08'),
(666, 152, 85, 1985, 'Kamis', '07:00:00', '08:30:00', '2026-06-29 03:49:08', '2026-06-29 03:49:08'),
(667, 152, 83, 1985, 'Kamis', '08:30:00', '10:00:00', '2026-06-29 03:49:08', '2026-06-29 03:49:08'),
(668, 152, 29, 2023, 'Kamis', '10:15:00', '11:45:00', '2026-06-29 03:49:08', '2026-06-29 03:49:08'),
(669, 152, 27, 2036, 'Kamis', '12:30:00', '14:00:00', '2026-06-29 03:49:08', '2026-06-29 03:49:08'),
(670, 152, 22, 2036, 'Kamis', '14:00:00', '15:30:00', '2026-06-29 03:49:08', '2026-06-29 03:49:08'),
(671, 152, 85, 1988, 'Jumat', '07:00:00', '08:30:00', '2026-06-29 03:49:08', '2026-06-29 03:49:08'),
(672, 152, 84, 1988, 'Jumat', '08:30:00', '10:00:00', '2026-06-29 03:49:08', '2026-06-29 03:49:08'),
(673, 152, 27, 2041, 'Jumat', '10:15:00', '11:45:00', '2026-06-29 03:49:08', '2026-06-29 03:49:08'),
(674, 152, 22, 2012, 'Jumat', '12:30:00', '14:00:00', '2026-06-29 03:49:08', '2026-06-29 03:49:08'),
(675, 152, 19, 2042, 'Jumat', '14:00:00', '15:30:00', '2026-06-29 03:49:08', '2026-06-29 03:49:08'),
(676, 153, 26, 2005, 'Senin', '07:00:00', '08:30:00', '2026-06-29 03:49:08', '2026-06-29 03:49:08'),
(677, 153, 105, 1997, 'Senin', '08:30:00', '10:00:00', '2026-06-29 03:49:08', '2026-06-29 03:49:08'),
(678, 153, 103, 2017, 'Senin', '10:15:00', '11:45:00', '2026-06-29 03:49:08', '2026-06-29 03:49:08'),
(679, 153, 24, 2042, 'Senin', '12:30:00', '14:00:00', '2026-06-29 03:49:08', '2026-06-29 03:49:08'),
(680, 153, 19, 2042, 'Senin', '14:00:00', '15:30:00', '2026-06-29 03:49:08', '2026-06-29 03:49:08'),
(681, 153, 21, 2012, 'Selasa', '07:00:00', '08:30:00', '2026-06-29 03:49:08', '2026-06-29 03:49:08'),
(682, 153, 102, 2038, 'Selasa', '08:30:00', '10:00:00', '2026-06-29 03:49:08', '2026-06-29 03:49:08'),
(683, 153, 99, 2009, 'Selasa', '10:15:00', '11:45:00', '2026-06-29 03:49:08', '2026-06-29 03:49:08'),
(684, 153, 26, 2011, 'Selasa', '12:30:00', '14:00:00', '2026-06-29 03:49:08', '2026-06-29 03:49:08'),
(685, 153, 22, 2006, 'Selasa', '14:00:00', '15:30:00', '2026-06-29 03:49:08', '2026-06-29 03:49:08'),
(686, 153, 25, 2001, 'Rabu', '07:00:00', '08:30:00', '2026-06-29 03:49:08', '2026-06-29 03:49:08'),
(687, 153, 101, 1997, 'Rabu', '08:30:00', '10:00:00', '2026-06-29 03:49:08', '2026-06-29 03:49:08'),
(688, 153, 100, 2031, 'Rabu', '10:15:00', '11:45:00', '2026-06-29 03:49:08', '2026-06-29 03:49:08'),
(689, 153, 20, 2042, 'Rabu', '12:30:00', '14:00:00', '2026-06-29 03:49:08', '2026-06-29 03:49:08'),
(690, 153, 19, 2036, 'Rabu', '14:00:00', '15:30:00', '2026-06-29 03:49:08', '2026-06-29 03:49:08'),
(691, 153, 27, 2001, 'Kamis', '07:00:00', '08:30:00', '2026-06-29 03:49:08', '2026-06-29 03:49:08'),
(692, 153, 105, 1997, 'Kamis', '08:30:00', '10:00:00', '2026-06-29 03:49:08', '2026-06-29 03:49:08'),
(693, 153, 101, 2017, 'Kamis', '10:15:00', '11:45:00', '2026-06-29 03:49:08', '2026-06-29 03:49:08'),
(694, 153, 29, 1999, 'Kamis', '12:30:00', '14:00:00', '2026-06-29 03:49:08', '2026-06-29 03:49:08'),
(695, 153, 20, 1998, 'Kamis', '14:00:00', '15:30:00', '2026-06-29 03:49:08', '2026-06-29 03:49:08'),
(696, 153, 25, 2001, 'Jumat', '07:00:00', '08:30:00', '2026-06-29 03:49:08', '2026-06-29 03:49:08'),
(697, 153, 101, 2033, 'Jumat', '08:30:00', '10:00:00', '2026-06-29 03:49:08', '2026-06-29 03:49:08'),
(698, 153, 103, 2038, 'Jumat', '10:15:00', '11:45:00', '2026-06-29 03:49:08', '2026-06-29 03:49:08'),
(699, 153, 21, 2004, 'Jumat', '12:30:00', '14:00:00', '2026-06-29 03:49:08', '2026-06-29 03:49:08'),
(700, 153, 29, 1987, 'Jumat', '14:00:00', '15:30:00', '2026-06-29 03:49:08', '2026-06-29 03:49:08'),
(701, 154, 24, 2036, 'Senin', '07:00:00', '08:30:00', '2026-06-29 03:49:08', '2026-06-29 03:49:08'),
(702, 154, 28, 2044, 'Senin', '08:30:00', '10:00:00', '2026-06-29 03:49:08', '2026-06-29 03:49:08'),
(703, 154, 103, 2038, 'Senin', '10:15:00', '11:45:00', '2026-06-29 03:49:08', '2026-06-29 03:49:08'),
(704, 154, 20, 2014, 'Senin', '12:30:00', '14:00:00', '2026-06-29 03:49:08', '2026-06-29 03:49:08'),
(705, 154, 99, 2033, 'Senin', '14:00:00', '15:30:00', '2026-06-29 03:49:08', '2026-06-29 03:49:08'),
(706, 154, 19, 2005, 'Selasa', '07:00:00', '08:30:00', '2026-06-29 03:49:08', '2026-06-29 03:49:08'),
(707, 154, 25, 1991, 'Selasa', '08:30:00', '10:00:00', '2026-06-29 03:49:08', '2026-06-29 03:49:08'),
(708, 154, 101, 2033, 'Selasa', '10:15:00', '11:45:00', '2026-06-29 03:49:08', '2026-06-29 03:49:08'),
(709, 154, 28, 1998, 'Selasa', '12:30:00', '14:00:00', '2026-06-29 03:49:08', '2026-06-29 03:49:08'),
(710, 154, 104, 2038, 'Selasa', '14:00:00', '15:30:00', '2026-06-29 03:49:08', '2026-06-29 03:49:08'),
(711, 154, 27, 1998, 'Rabu', '07:00:00', '08:30:00', '2026-06-29 03:49:08', '2026-06-29 03:49:08'),
(712, 154, 21, 2012, 'Rabu', '08:30:00', '10:00:00', '2026-06-29 03:49:08', '2026-06-29 03:49:08'),
(713, 154, 105, 2038, 'Rabu', '10:15:00', '11:45:00', '2026-06-29 03:49:08', '2026-06-29 03:49:08'),
(714, 154, 22, 2005, 'Rabu', '12:30:00', '14:00:00', '2026-06-29 03:49:08', '2026-06-29 03:49:08'),
(715, 154, 104, 1997, 'Rabu', '14:00:00', '15:30:00', '2026-06-29 03:49:08', '2026-06-29 03:49:08'),
(716, 154, 24, 1989, 'Kamis', '07:00:00', '08:30:00', '2026-06-29 03:49:08', '2026-06-29 03:49:08'),
(717, 154, 21, 1991, 'Kamis', '08:30:00', '10:00:00', '2026-06-29 03:49:08', '2026-06-29 03:49:08'),
(718, 154, 100, 1997, 'Kamis', '10:15:00', '11:45:00', '2026-06-29 03:49:08', '2026-06-29 03:49:08'),
(719, 154, 19, 2014, 'Kamis', '12:30:00', '14:00:00', '2026-06-29 03:49:08', '2026-06-29 03:49:08'),
(720, 154, 99, 2038, 'Kamis', '14:00:00', '15:30:00', '2026-06-29 03:49:08', '2026-06-29 03:49:08'),
(721, 154, 26, 2044, 'Jumat', '07:00:00', '08:30:00', '2026-06-29 03:49:08', '2026-06-29 03:49:08'),
(722, 154, 25, 2037, 'Jumat', '08:30:00', '10:00:00', '2026-06-29 03:49:08', '2026-06-29 03:49:08'),
(723, 154, 104, 2009, 'Jumat', '10:15:00', '11:45:00', '2026-06-29 03:49:08', '2026-06-29 03:49:08'),
(724, 154, 20, 2006, 'Jumat', '12:30:00', '14:00:00', '2026-06-29 03:49:08', '2026-06-29 03:49:08'),
(725, 154, 99, 2038, 'Jumat', '14:00:00', '15:30:00', '2026-06-29 03:49:08', '2026-06-29 03:49:08'),
(726, 155, 29, 1987, 'Senin', '07:00:00', '08:30:00', '2026-06-29 03:49:08', '2026-06-29 03:49:08'),
(727, 155, 24, 1999, 'Senin', '08:30:00', '10:00:00', '2026-06-29 03:49:08', '2026-06-29 03:49:08'),
(728, 155, 22, 2001, 'Senin', '10:15:00', '11:45:00', '2026-06-29 03:49:08', '2026-06-29 03:49:08'),
(729, 155, 102, 2038, 'Senin', '12:30:00', '14:00:00', '2026-06-29 03:49:08', '2026-06-29 03:49:08'),
(730, 155, 99, 2031, 'Senin', '14:00:00', '15:30:00', '2026-06-29 03:49:08', '2026-06-29 03:49:08'),
(731, 155, 22, 1998, 'Selasa', '07:00:00', '08:30:00', '2026-06-29 03:49:08', '2026-06-29 03:49:08'),
(732, 155, 28, 2002, 'Selasa', '08:30:00', '10:00:00', '2026-06-29 03:49:08', '2026-06-29 03:49:08'),
(733, 155, 27, 1998, 'Selasa', '10:15:00', '11:45:00', '2026-06-29 03:49:08', '2026-06-29 03:49:08'),
(734, 155, 100, 2038, 'Selasa', '12:30:00', '14:00:00', '2026-06-29 03:49:08', '2026-06-29 03:49:08'),
(735, 155, 99, 1997, 'Selasa', '14:00:00', '15:30:00', '2026-06-29 03:49:08', '2026-06-29 03:49:08'),
(736, 155, 26, 2011, 'Rabu', '07:00:00', '08:30:00', '2026-06-29 03:49:08', '2026-06-29 03:49:08'),
(737, 155, 28, 1994, 'Rabu', '08:30:00', '10:00:00', '2026-06-29 03:49:08', '2026-06-29 03:49:08'),
(738, 155, 23, 2040, 'Rabu', '10:15:00', '11:45:00', '2026-06-29 03:49:08', '2026-06-29 03:49:08'),
(739, 155, 102, 2038, 'Rabu', '12:30:00', '14:00:00', '2026-06-29 03:49:08', '2026-06-29 03:49:08'),
(740, 155, 104, 2031, 'Rabu', '14:00:00', '15:30:00', '2026-06-29 03:49:09', '2026-06-29 03:49:09'),
(741, 155, 29, 2014, 'Kamis', '07:00:00', '08:30:00', '2026-06-29 03:49:09', '2026-06-29 03:49:09'),
(742, 155, 26, 1984, 'Kamis', '08:30:00', '10:00:00', '2026-06-29 03:49:09', '2026-06-29 03:49:09'),
(743, 155, 25, 2014, 'Kamis', '10:15:00', '11:45:00', '2026-06-29 03:49:09', '2026-06-29 03:49:09'),
(744, 155, 103, 2009, 'Kamis', '12:30:00', '14:00:00', '2026-06-29 03:49:09', '2026-06-29 03:49:09'),
(745, 155, 104, 2009, 'Kamis', '14:00:00', '15:30:00', '2026-06-29 03:49:09', '2026-06-29 03:49:09'),
(746, 155, 21, 2036, 'Jumat', '07:00:00', '08:30:00', '2026-06-29 03:49:09', '2026-06-29 03:49:09'),
(747, 155, 26, 1999, 'Jumat', '08:30:00', '10:00:00', '2026-06-29 03:49:09', '2026-06-29 03:49:09'),
(748, 155, 20, 1998, 'Jumat', '10:15:00', '11:45:00', '2026-06-29 03:49:09', '2026-06-29 03:49:09'),
(749, 155, 103, 2009, 'Jumat', '12:30:00', '14:00:00', '2026-06-29 03:49:09', '2026-06-29 03:49:09'),
(750, 155, 104, 1997, 'Jumat', '14:00:00', '15:30:00', '2026-06-29 03:49:09', '2026-06-29 03:49:09');

-- --------------------------------------------------------

--
-- Table structure for table `tbl_jurusan`
--

CREATE TABLE `tbl_jurusan` (
  `id_jurusan` int(11) NOT NULL,
  `kode_jurusan` varchar(10) NOT NULL,
  `nama_jurusan` varchar(100) NOT NULL,
  `id_kaprog` int(11) DEFAULT NULL COMMENT 'FK ke tbl_guru',
  `created_at` datetime NOT NULL DEFAULT current_timestamp(),
  `updated_at` datetime NOT NULL DEFAULT current_timestamp() ON UPDATE current_timestamp()
) ENGINE=InnoDB DEFAULT CHARSET=utf8mb4 COLLATE=utf8mb4_unicode_ci;

--
-- Dumping data for table `tbl_jurusan`
--

INSERT INTO `tbl_jurusan` (`id_jurusan`, `kode_jurusan`, `nama_jurusan`, `id_kaprog`, `created_at`, `updated_at`) VALUES
(8, 'AKL', 'Akuntansi Keuangan Lembaga', NULL, '2026-06-28 11:24:07', '2026-06-29 01:15:12'),
(9, 'FK', 'Farmasi Kesehatan', NULL, '2026-06-28 11:24:07', '2026-06-28 11:24:07'),
(10, 'TLM', 'Teknologi Laboratorium Medik', NULL, '2026-06-28 11:24:07', '2026-06-28 11:24:07'),
(11, 'TJK', 'Teknik Jaringan Komputer', NULL, '2026-06-28 11:28:47', '2026-06-28 11:28:47');

-- --------------------------------------------------------

--
-- Table structure for table `tbl_kelas`
--

CREATE TABLE `tbl_kelas` (
  `id_kelas` int(11) NOT NULL,
  `id_jurusan` int(11) NOT NULL COMMENT 'FK ke tbl_jurusan',
  `nama_kelas` varchar(50) NOT NULL,
  `tingkat` enum('X','XI','XII') NOT NULL,
  `nomor_kelas` int(11) DEFAULT NULL,
  `id_wali_kelas` int(11) DEFAULT NULL COMMENT 'FK ke tbl_guru',
  `jumlah_siswa` int(11) NOT NULL DEFAULT 0,
  `created_at` datetime NOT NULL DEFAULT current_timestamp(),
  `updated_at` datetime NOT NULL DEFAULT current_timestamp() ON UPDATE current_timestamp()
) ENGINE=InnoDB DEFAULT CHARSET=utf8mb4 COLLATE=utf8mb4_unicode_ci;

--
-- Dumping data for table `tbl_kelas`
--

INSERT INTO `tbl_kelas` (`id_kelas`, `id_jurusan`, `nama_kelas`, `tingkat`, `nomor_kelas`, `id_wali_kelas`, `jumlah_siswa`, `created_at`, `updated_at`) VALUES
(21, 11, 'X TJK 1', 'X', 1, 1983, 32, '2026-06-28 11:28:59', '2026-06-28 11:34:32'),
(127, 8, 'X AKL 2', 'X', 2, 2043, 33, '2026-06-29 01:17:13', '2026-06-29 02:13:06'),
(128, 8, 'X AKL 3', 'X', 3, 1992, 33, '2026-06-29 01:17:13', '2026-06-29 02:13:07'),
(129, 9, 'X FK 1', 'X', 1, 2008, 33, '2026-06-29 01:17:13', '2026-06-29 02:13:07'),
(130, 9, 'X FK 2', 'X', 2, 2024, 33, '2026-06-29 01:17:13', '2026-06-29 02:13:07'),
(131, 9, 'X FK 3', 'X', 3, 1986, 33, '2026-06-29 01:17:13', '2026-06-29 02:13:07'),
(132, 8, 'X AKL 1', 'X', 1, 2003, 34, '2026-06-29 01:17:13', '2026-06-29 02:13:06'),
(133, 11, 'X TJK 2', 'X', 2, 2035, 33, '2026-06-29 01:17:13', '2026-06-29 02:13:07'),
(134, 10, 'X TLM 1', 'X', 1, 2017, 33, '2026-06-29 01:17:13', '2026-06-29 02:13:07'),
(135, 10, 'X TLM 2', 'X', 2, 1989, 34, '2026-06-29 01:17:13', '2026-06-29 02:13:07'),
(136, 8, 'XI AKL 1', 'XI', 1, 2006, 33, '2026-06-29 01:17:13', '2026-06-29 02:13:08'),
(137, 8, 'XI AKL 2', 'XI', 2, 2020, 33, '2026-06-29 01:17:13', '2026-06-29 02:13:08'),
(138, 9, 'XI FK 1', 'XI', 1, 2039, 34, '2026-06-29 01:17:13', '2026-06-29 02:13:08'),
(139, 9, 'XI FK 2', 'XI', 2, 2015, 33, '2026-06-29 01:17:13', '2026-06-29 02:13:08'),
(140, 9, 'XI FK 3', 'XI', 3, 1996, 33, '2026-06-29 01:17:13', '2026-06-29 02:13:08'),
(141, 11, 'XI TJK 1', 'XI', 1, 1985, 34, '2026-06-29 01:17:13', '2026-06-29 02:13:08'),
(142, 11, 'XI TJK 2', 'XI', 2, 1988, 33, '2026-06-29 01:17:13', '2026-06-29 02:13:08'),
(143, 11, 'XI TJK 3', 'XI', 3, 2010, 34, '2026-06-29 01:17:13', '2026-06-29 02:13:09'),
(144, 10, 'XI TLM 1', 'XI', 1, 2009, 33, '2026-06-29 01:17:13', '2026-06-29 02:13:09'),
(145, 10, 'XI TLM 2', 'XI', 2, 2038, 33, '2026-06-29 01:17:13', '2026-06-29 02:13:09'),
(146, 8, 'XII AKL 1', 'XII', 1, 1998, 34, '2026-06-29 01:17:13', '2026-06-29 02:13:09'),
(147, 8, 'XII AKL 2', 'XII', 2, 2028, 34, '2026-06-29 01:17:13', '2026-06-29 02:13:09'),
(148, 8, 'XII AKL 3', 'XII', 3, 2018, 33, '2026-06-29 01:17:13', '2026-06-29 02:13:09'),
(149, 9, 'XII FK 1', 'XII', 1, 2027, 34, '2026-06-29 01:17:13', '2026-06-29 02:13:09'),
(150, 9, 'XII FK 2', 'XII', 2, 2032, 34, '2026-06-29 01:17:13', '2026-06-29 02:13:10'),
(151, 11, 'XII TJK 1', 'XII', 1, 2019, 33, '2026-06-29 01:17:13', '2026-06-29 02:13:10'),
(152, 11, 'XII TJK 2', 'XII', 2, 1990, 33, '2026-06-29 01:17:13', '2026-06-29 02:13:10'),
(153, 10, 'XII TLM 1', 'XII', 1, 1997, 34, '2026-06-29 01:17:13', '2026-06-29 02:13:10'),
(154, 10, 'XII TLM 2', 'XII', 2, 2033, 33, '2026-06-29 01:17:13', '2026-06-29 02:13:10'),
(155, 10, 'XII TLM 3', 'XII', 3, 2041, 33, '2026-06-29 01:17:13', '2026-06-29 02:13:10');

-- --------------------------------------------------------

--
-- Table structure for table `tbl_mata_pelajaran`
--

CREATE TABLE `tbl_mata_pelajaran` (
  `id_mapel` int(11) NOT NULL,
  `nama_mapel` varchar(100) NOT NULL,
  `status` enum('Produktif','Umum') NOT NULL DEFAULT 'Umum',
  `id_guru` int(11) DEFAULT NULL,
  `created_at` datetime NOT NULL DEFAULT current_timestamp(),
  `updated_at` datetime NOT NULL DEFAULT current_timestamp() ON UPDATE current_timestamp()
) ENGINE=InnoDB DEFAULT CHARSET=utf8mb4 COLLATE=utf8mb4_unicode_ci;

--
-- Dumping data for table `tbl_mata_pelajaran`
--

INSERT INTO `tbl_mata_pelajaran` (`id_mapel`, `nama_mapel`, `status`, `id_guru`, `created_at`, `updated_at`) VALUES
(19, 'Pendidikan Agama dan Budi Pekerti', 'Umum', NULL, '2026-06-29 03:02:34', '2026-06-29 03:02:34'),
(20, 'Pendidikan Pancasila', 'Umum', NULL, '2026-06-29 03:02:34', '2026-06-29 03:02:34'),
(21, 'Bahasa Indonesia', 'Umum', NULL, '2026-06-29 03:02:34', '2026-06-29 03:02:34'),
(22, 'Matematika', 'Umum', NULL, '2026-06-29 03:02:34', '2026-06-29 03:02:34'),
(23, 'Bahasa Inggris', 'Umum', NULL, '2026-06-29 03:02:34', '2026-06-29 03:02:34'),
(24, 'Sejarah', 'Umum', NULL, '2026-06-29 03:02:34', '2026-06-29 03:02:34'),
(25, 'Seni Budaya', 'Umum', NULL, '2026-06-29 03:02:34', '2026-06-29 03:02:34'),
(26, 'Pendidikan Jasmani, Olahraga & Kesehatan', 'Umum', NULL, '2026-06-29 03:02:34', '2026-06-29 03:02:34'),
(27, 'Projek IPAS (Ilmu Pengetahuan Alam dan Sosial)', 'Umum', NULL, '2026-06-29 03:02:34', '2026-06-29 03:02:34'),
(28, 'Informatika', 'Umum', NULL, '2026-06-29 03:02:34', '2026-06-29 03:02:34'),
(29, 'Projek Penguatan Profil Pelajar Pancasila', 'Umum', NULL, '2026-06-29 03:02:34', '2026-06-29 03:02:34'),
(30, 'Dasar-Dasar Teknik Jaringan Komputer & Telekomunikasi', 'Produktif', NULL, '2026-06-29 03:02:34', '2026-06-29 03:02:34'),
(31, 'Proses bisnis bidang TKJ', 'Produktif', NULL, '2026-06-29 03:02:34', '2026-06-29 03:02:34'),
(32, 'K3LH dan budaya kerja industri', 'Produktif', NULL, '2026-06-29 03:02:34', '2026-06-29 03:02:34'),
(33, 'Orientasi dasar jaringan komputer & telekomunikasi', 'Produktif', NULL, '2026-06-29 03:02:34', '2026-06-29 03:02:34'),
(34, 'Perkembangan teknologi jaringan (IoT, Cloud, 5G)', 'Produktif', NULL, '2026-06-29 03:02:34', '2026-06-29 03:02:34'),
(35, 'Alat ukur jaringan', 'Produktif', NULL, '2026-06-29 03:02:34', '2026-06-29 03:02:34'),
(36, 'Profesi & kewirausahaan (job-profile & technopreneurship)', 'Produktif', NULL, '2026-06-29 03:02:34', '2026-06-29 03:02:34'),
(37, 'Dasar-Dasar Akuntansi dan Keuangan Lembaga', 'Produktif', NULL, '2026-06-29 03:02:34', '2026-06-29 03:02:34'),
(38, 'Proses bisnis di bidang akuntansi', 'Produktif', NULL, '2026-06-29 03:02:34', '2026-06-29 03:02:34'),
(39, 'Lingkup kerja akuntansi & keuangan lembaga', 'Produktif', NULL, '2026-06-29 03:02:34', '2026-06-29 03:02:34'),
(40, 'Etika profesi akuntansi', 'Produktif', NULL, '2026-06-29 03:02:34', '2026-06-29 03:02:34'),
(41, 'Siklus akuntansi perusahaan jasa, dagang, manufaktur', 'Produktif', NULL, '2026-06-29 03:02:34', '2026-06-29 03:02:34'),
(42, 'Aplikasi pengolah angka (spreadsheet akuntansi)', 'Produktif', NULL, '2026-06-29 03:02:34', '2026-06-29 03:02:34'),
(43, 'Dasar-Dasar Teknologi Farmasi (Fase E)', 'Produktif', NULL, '2026-06-29 03:02:34', '2026-06-29 03:02:34'),
(44, 'Proses bisnis bidang farmasi', 'Produktif', NULL, '2026-06-29 03:02:34', '2026-06-29 03:02:34'),
(45, 'Perkembangan teknologi dan isu bidang farmasi', 'Produktif', NULL, '2026-06-29 03:02:34', '2026-06-29 03:02:34'),
(46, 'Profesi & kewirausahaan bidang farmasi', 'Produktif', NULL, '2026-06-29 03:02:34', '2026-06-29 03:02:34'),
(47, 'K3LH dan budaya kerja industri farmasi', 'Produktif', NULL, '2026-06-29 03:02:34', '2026-06-29 03:02:34'),
(48, 'Dasar-dasar kefarmasian (kimia farmasi, biologi dasar)', 'Produktif', NULL, '2026-06-29 03:02:34', '2026-06-29 03:02:34'),
(49, 'Pengantar ilmu resep', 'Produktif', NULL, '2026-06-29 03:02:34', '2026-06-29 03:02:34'),
(50, 'Dasar-Dasar Teknik Laboratorium Medik (Fase E)', 'Produktif', NULL, '2026-06-29 03:02:34', '2026-06-29 03:02:34'),
(51, 'Proses bisnis bidang laboratorium medik', 'Produktif', NULL, '2026-06-29 03:02:34', '2026-06-29 03:02:34'),
(52, 'Perkembangan teknologi laboratorium kesehatan', 'Produktif', NULL, '2026-06-29 03:02:34', '2026-06-29 03:02:34'),
(53, 'K3LH dan budaya kerja industri kesehatan', 'Produktif', NULL, '2026-06-29 03:02:34', '2026-06-29 03:02:34'),
(54, 'Profesi & kewirausahaan bidang TLM', 'Produktif', NULL, '2026-06-29 03:02:34', '2026-06-29 03:02:34'),
(55, 'Pengenalan alat laboratorium medik', 'Produktif', NULL, '2026-06-29 03:02:34', '2026-06-29 03:02:34'),
(56, 'Dasar kimia & biologi untuk laboratorium', 'Produktif', NULL, '2026-06-29 03:02:34', '2026-06-29 03:02:34'),
(57, 'Matematika (kontekstual kejuruan)', 'Umum', NULL, '2026-06-29 03:02:34', '2026-06-29 03:02:34'),
(58, 'Bahasa Inggris (kontekstual kejuruan)', 'Umum', NULL, '2026-06-29 03:02:34', '2026-06-29 03:02:34'),
(59, 'Administrasi Infrastruktur Jaringan', 'Produktif', NULL, '2026-06-29 03:02:34', '2026-06-29 03:02:34'),
(60, 'Administrasi Sistem Jaringan', 'Produktif', NULL, '2026-06-29 03:02:34', '2026-06-29 03:02:34'),
(61, 'Teknologi Layanan Jaringan', 'Produktif', NULL, '2026-06-29 03:02:34', '2026-06-29 03:02:34'),
(62, 'Produk Kreatif dan Kewirausahaan', 'Produktif', NULL, '2026-06-29 03:02:34', '2026-06-29 03:02:34'),
(63, 'Keamanan Jaringan (Network Security)', 'Produktif', NULL, '2026-06-29 03:02:34', '2026-06-29 03:02:34'),
(64, 'Pemrograman Dasar (Python/Scripting untuk jaringan)', 'Produktif', NULL, '2026-06-29 03:02:34', '2026-06-29 03:02:34'),
(65, 'Akuntansi Keuangan', 'Produktif', NULL, '2026-06-29 03:02:34', '2026-06-29 03:02:34'),
(66, 'Komputer Akuntansi (MYOB/Zahir)', 'Produktif', NULL, '2026-06-29 03:02:34', '2026-06-29 03:02:34'),
(67, 'Administrasi Pajak', 'Produktif', NULL, '2026-06-29 03:02:34', '2026-06-29 03:02:34'),
(68, 'Perbankan Dasar', 'Produktif', NULL, '2026-06-29 03:02:34', '2026-06-29 03:02:34'),
(69, 'Ekonomi Bisnis dan Manajemen Keuangan', 'Produktif', NULL, '2026-06-29 03:02:34', '2026-06-29 03:02:34'),
(70, 'Farmasi Klinis dan Komunitas', 'Produktif', NULL, '2026-06-29 03:02:34', '2026-06-29 03:02:34'),
(71, 'Pelayanan Farmasi (prosedur resep, kalkulasi obat)', 'Produktif', NULL, '2026-06-29 03:02:34', '2026-06-29 03:02:34'),
(72, 'Farmakologi', 'Produktif', NULL, '2026-06-29 03:02:34', '2026-06-29 03:02:34'),
(73, 'Farmakognosi', 'Produktif', NULL, '2026-06-29 03:02:34', '2026-06-29 03:02:34'),
(74, 'Kimia Farmasi Analisis', 'Produktif', NULL, '2026-06-29 03:02:34', '2026-06-29 03:02:34'),
(75, 'Administrasi Farmasi', 'Produktif', NULL, '2026-06-29 03:02:34', '2026-06-29 03:02:34'),
(76, 'Anatomi Fisiologi Dasar', 'Produktif', NULL, '2026-06-29 03:02:34', '2026-06-29 03:02:34'),
(77, 'Teknologi Laboratorium Medik (Fase F)', 'Produktif', NULL, '2026-06-29 03:02:34', '2026-06-29 03:02:34'),
(78, 'Hematologi (sel darah: eritrosit, leukosit, trombosit)', 'Produktif', NULL, '2026-06-29 03:02:34', '2026-06-29 03:02:34'),
(79, 'Biokimia Klinis (pemeriksaan darah, urin, cairan tubuh)', 'Produktif', NULL, '2026-06-29 03:02:34', '2026-06-29 03:02:34'),
(80, 'Mikrobiologi (bakteri, virus, jamur, parasit)', 'Produktif', NULL, '2026-06-29 03:02:34', '2026-06-29 03:02:34'),
(81, 'Imunoserologi', 'Produktif', NULL, '2026-06-29 03:02:34', '2026-06-29 03:02:34'),
(82, 'Parasitologi Klinik', 'Produktif', NULL, '2026-06-29 03:02:34', '2026-06-29 03:02:34'),
(83, 'Administrasi Infrastruktur Jaringan (lanjutan)', 'Produktif', NULL, '2026-06-29 03:02:34', '2026-06-29 03:02:34'),
(84, 'Administrasi Sistem Jaringan (lanjutan)', 'Produktif', NULL, '2026-06-29 03:02:34', '2026-06-29 03:02:34'),
(85, 'Teknologi Layanan Jaringan (lanjutan)', 'Produktif', NULL, '2026-06-29 03:02:34', '2026-06-29 03:02:34'),
(86, 'Cloud Computing & Virtualisasi', 'Produktif', NULL, '2026-06-29 03:02:34', '2026-06-29 03:02:34'),
(87, 'Praktik Kerja Lapangan (PKL)', 'Produktif', NULL, '2026-06-29 03:02:34', '2026-06-29 03:02:34'),
(88, 'Akuntansi Keuangan (lanjutan)', 'Produktif', NULL, '2026-06-29 03:02:34', '2026-06-29 03:02:34'),
(89, 'Praktikum Akuntansi Perusahaan Jasa, Dagang & Manufaktur', 'Produktif', NULL, '2026-06-29 03:02:34', '2026-06-29 03:02:34'),
(90, 'Praktikum Akuntansi Lembaga/Instansi Pemerintah', 'Produktif', NULL, '2026-06-29 03:02:34', '2026-06-29 03:02:34'),
(91, 'Komputer Akuntansi (lanjutan)', 'Produktif', NULL, '2026-06-29 03:02:34', '2026-06-29 03:02:34'),
(92, 'Administrasi Pajak (lanjutan)', 'Produktif', NULL, '2026-06-29 03:02:34', '2026-06-29 03:02:34'),
(93, 'Farmasi Klinis dan Komunitas (lanjutan)', 'Produktif', NULL, '2026-06-29 03:02:34', '2026-06-29 03:02:34'),
(94, 'Pelayanan Farmasi (lanjutan — meracik & menyiapkan sediaan)', 'Produktif', NULL, '2026-06-29 03:02:34', '2026-06-29 03:02:34'),
(95, 'Farmakologi (lanjutan)', 'Produktif', NULL, '2026-06-29 03:02:34', '2026-06-29 03:02:34'),
(96, 'Farmakognosi (lanjutan)', 'Produktif', NULL, '2026-06-29 03:02:34', '2026-06-29 03:02:34'),
(97, 'Kimia Farmasi Analisis (lanjutan)', 'Produktif', NULL, '2026-06-29 03:02:34', '2026-06-29 03:02:34'),
(98, 'Manajemen Apotek dan Pelayanan Kesehatan', 'Produktif', NULL, '2026-06-29 03:02:34', '2026-06-29 03:02:34'),
(99, 'Teknologi Laboratorium Medik (lanjutan)', 'Produktif', NULL, '2026-06-29 03:02:34', '2026-06-29 03:02:34'),
(100, 'Hematologi (lanjutan — diagnosis anemia, leukemia)', 'Produktif', NULL, '2026-06-29 03:02:34', '2026-06-29 03:02:34'),
(101, 'Biokimia Klinis (lanjutan)', 'Produktif', NULL, '2026-06-29 03:02:34', '2026-06-29 03:02:34'),
(102, 'Mikrobiologi (lanjutan)', 'Produktif', NULL, '2026-06-29 03:02:34', '2026-06-29 03:02:34'),
(103, 'Imunoserologi (lanjutan)', 'Produktif', NULL, '2026-06-29 03:02:34', '2026-06-29 03:02:34'),
(104, 'Etika dan manajemen data laboratorium', 'Produktif', NULL, '2026-06-29 03:02:34', '2026-06-29 03:02:34'),
(105, 'Sitologi dan Histologi Dasar', 'Produktif', NULL, '2026-06-29 03:02:34', '2026-06-29 03:02:34');

-- --------------------------------------------------------

--
-- Table structure for table `tbl_siswa`
--

CREATE TABLE `tbl_siswa` (
  `id_siswa` int(11) NOT NULL,
  `id_kelas` int(11) NOT NULL COMMENT 'FK ke tbl_kelas',
  `nisn` varchar(20) NOT NULL,
  `nama_siswa` varchar(100) NOT NULL,
  `jenis_kelamin` enum('L','P') NOT NULL,
  `alamat` text DEFAULT NULL,
  `no_hp` varchar(15) DEFAULT NULL,
  `foto` varchar(255) DEFAULT NULL,
  `created_at` datetime NOT NULL DEFAULT current_timestamp(),
  `updated_at` datetime NOT NULL DEFAULT current_timestamp() ON UPDATE current_timestamp()
) ENGINE=InnoDB DEFAULT CHARSET=utf8mb4 COLLATE=utf8mb4_unicode_ci;

--
-- Dumping data for table `tbl_siswa`
--

INSERT INTO `tbl_siswa` (`id_siswa`, `id_kelas`, `nisn`, `nama_siswa`, `jenis_kelamin`, `alamat`, `no_hp`, `foto`, `created_at`, `updated_at`) VALUES
(24, 21, '0019347202', 'Qodir Maulana', 'L', 'Jl. Contoh No.1, Depok', '086988645550', NULL, '2026-06-28 11:29:15', '2026-06-28 11:29:15'),
(25, 21, '0003991341', 'Fina Ramadhani', 'P', 'Jl. Contoh No.2, Depok', '084585335484', NULL, '2026-06-28 11:29:15', '2026-06-28 11:29:15'),
(26, 21, '0045386591', 'Malik Ibrahim', 'L', 'Jl. Contoh No.3, Depok', '083826328748', NULL, '2026-06-28 11:29:15', '2026-06-28 11:29:15'),
(27, 21, '0066741081', 'Naufal Rizky', 'L', 'Jl. Contoh No.4, Depok', '088795237981', NULL, '2026-06-28 11:29:15', '2026-06-28 11:29:15'),
(28, 21, '0018303118', 'Ela Fitriana', 'P', 'Jl. Contoh No.5, Depok', '086206783618', NULL, '2026-06-28 11:29:15', '2026-06-28 11:29:15'),
(29, 21, '0087856313', 'Gita Puspita', 'P', 'Jl. Contoh No.6, Depok', '089280197054', NULL, '2026-06-28 11:29:15', '2026-06-28 11:29:15'),
(30, 21, '0053204400', 'Ucok Sitorus', 'L', 'Jl. Contoh No.7, Depok', '088545594524', NULL, '2026-06-28 11:29:15', '2026-06-28 11:29:15'),
(31, 21, '0014917228', 'Joko Susilo', 'L', 'Jl. Contoh No.8, Depok', '084553792623', NULL, '2026-06-28 11:29:15', '2026-06-28 11:29:15'),
(32, 21, '0014945565', 'Irfan Hakim', 'L', 'Jl. Contoh No.9, Depok', '081910553832', NULL, '2026-06-28 11:29:15', '2026-06-28 11:29:15'),
(33, 21, '0057248597', 'Fajar Nugroho', 'L', 'Jl. Contoh No.10, Depok', '084423242857', NULL, '2026-06-28 11:29:15', '2026-06-28 11:29:15'),
(34, 21, '0058469440', 'Surya Dinata', 'L', 'Jl. Contoh No.11, Depok', '083029327153', NULL, '2026-06-28 11:29:15', '2026-06-28 11:29:15'),
(35, 21, '0073276406', 'Lutfi Hidayat', 'L', 'Jl. Contoh No.12, Depok', '086764775062', NULL, '2026-06-28 11:29:15', '2026-06-28 11:29:15'),
(36, 21, '0033874499', 'Anisa Rahma', 'P', 'Jl. Contoh No.13, Depok', '083745332986', NULL, '2026-06-28 11:29:15', '2026-06-28 11:29:15'),
(37, 21, '0041935917', 'Vino Bastian', 'L', 'Jl. Contoh No.14, Depok', '086989928550', NULL, '2026-06-28 11:29:15', '2026-06-28 11:29:15'),
(38, 21, '0025969797', 'Bella Safitri', 'P', 'Jl. Contoh No.15, Depok', '084608565286', NULL, '2026-06-28 11:29:15', '2026-06-28 11:29:15'),
(39, 21, '0008053624', 'Kevin Pratama', 'L', 'Jl. Contoh No.16, Depok', '089503510728', NULL, '2026-06-28 11:29:15', '2026-06-28 11:29:15'),
(40, 21, '0019387336', 'Budi Santoso', 'L', 'Jl. Contoh No.17, Depok', '086680486357', NULL, '2026-06-28 11:29:15', '2026-06-28 11:29:15'),
(41, 21, '0064288974', 'Hana Kristina', 'P', 'Jl. Contoh No.18, Depok', '082644299563', NULL, '2026-06-28 11:29:15', '2026-06-28 11:29:15'),
(42, 21, '0010926904', 'Citra Dewi', 'P', 'Jl. Contoh No.19, Depok', '082954800028', NULL, '2026-06-28 11:29:15', '2026-06-28 11:29:15'),
(43, 21, '0078737731', 'Dinda Ayu', 'P', 'Jl. Contoh No.20, Depok', '080049988377', NULL, '2026-06-28 11:29:15', '2026-06-28 11:29:15'),
(44, 21, '0069672167', 'Wahyu Saputra', 'L', 'Jl. Contoh No.21, Depok', '089221343470', NULL, '2026-06-28 11:29:15', '2026-06-28 11:29:15'),
(45, 21, '0005987562', 'Xander Febrian', 'L', 'Jl. Contoh No.22, Depok', '082717677317', NULL, '2026-06-28 11:29:15', '2026-06-28 11:29:15'),
(46, 21, '0077269311', 'Hendra Kusuma', 'L', 'Jl. Contoh No.23, Depok', '082781682422', NULL, '2026-06-28 11:29:15', '2026-06-28 11:29:15'),
(47, 21, '0043491670', 'Oscar Firmansyah', 'L', 'Jl. Contoh No.24, Depok', '089563258473', NULL, '2026-06-28 11:29:15', '2026-06-28 11:29:15'),
(48, 21, '0044425419', 'Ahmad Fauzi', 'L', 'Jl. Contoh No.25, Depok', '089422971770', NULL, '2026-06-28 11:29:15', '2026-06-28 11:29:15'),
(49, 21, '0082106688', 'Eko Wahyudi', 'L', 'Jl. Contoh No.26, Depok', '087453870970', NULL, '2026-06-28 11:29:15', '2026-06-28 11:29:15'),
(50, 21, '0010603346', 'Gilang Ramadan', 'L', 'Jl. Contoh No.27, Depok', '083800825867', NULL, '2026-06-28 11:29:15', '2026-06-28 11:29:15'),
(51, 21, '0053153144', 'Cahyo Prabowo', 'L', 'Jl. Contoh No.28, Depok', '084082574295', NULL, '2026-06-28 11:29:15', '2026-06-28 11:29:15'),
(52, 21, '0071510046', 'Rizky Ananda', 'L', 'Jl. Contoh No.29, Depok', '081121085196', NULL, '2026-06-28 11:29:15', '2026-06-28 11:29:15'),
(53, 21, '0006294567', 'Putra Aditya', 'L', 'Jl. Contoh No.30, Depok', '081143518352', NULL, '2026-06-28 11:29:15', '2026-06-28 11:29:15'),
(54, 21, '0082693913', 'Dani Setiawan', 'L', 'Jl. Contoh No.31, Depok', '085353126846', NULL, '2026-06-28 11:29:15', '2026-06-28 11:29:15'),
(55, 21, '0035054990', 'Taufik Hidayat', 'L', 'Jl. Contoh No.32, Depok', '084342387806', NULL, '2026-06-28 11:29:15', '2026-06-28 11:29:15'),
(56, 132, '1767950141', 'Fadli Citra Prabowo', 'L', 'Jl. Merdeka No. 96 RT 14/RW 07, Gandul, Cinere, Kota Depok', '087788197369', NULL, '2026-06-29 02:13:06', '2026-06-29 02:13:06'),
(57, 132, '3837117532', 'Reza Cahyo Firdaus', 'L', 'Jl. H. Djuanda No. 137 RT 02/RW 08, Cimpaeun, Tapos, Kota Depok', '081375604806', NULL, '2026-06-29 02:13:06', '2026-06-29 02:13:06'),
(58, 132, '7895609197', 'Amelia Hidayat', 'P', 'Jl. Kenanga No. 108 RT 02/RW 07, Tanah Baru, Beji, Kota Depok', '082379282010', NULL, '2026-06-29 02:13:06', '2026-06-29 02:13:06'),
(59, 132, '3651673637', 'Herlan Wahyu Kusuma', 'L', 'Jl. Raya Citayam No. 34 RT 12/RW 03, Sawangan, Sawangan, Kota Depok', '085103748625', NULL, '2026-06-29 02:13:06', '2026-06-29 02:13:06'),
(60, 132, '1534151989', 'Bunga Fitri Wijaya', 'P', 'Jl. Raya Depok No. 19 RT 09/RW 05, Depok Jaya, Pancoran Mas, Kota Depok', '087823857341', NULL, '2026-06-29 02:13:06', '2026-06-29 02:13:06'),
(61, 132, '5499741226', 'Fatimah Fitriani', 'P', 'Jl. Imam Bonjol No. 59 RT 05/RW 04, Bojong Pondok Terong, Cipayung, Kota Depok', '087766581205', NULL, '2026-06-29 02:13:06', '2026-06-29 02:13:06'),
(62, 132, '2348331442', 'Zidan Ginting', 'L', 'Jl. Raya Bogor No. 83 RT 13/RW 08, Serua, Bojong Sari, Kota Depok', '085264717641', NULL, '2026-06-29 02:13:06', '2026-06-29 02:13:06'),
(63, 132, '9143315354', 'Leon Permana', 'L', 'Jl. Kartini No. 89 RT 01/RW 06, Depok Jaya, Pancoran Mas, Kota Depok', '081724699736', NULL, '2026-06-29 02:13:06', '2026-06-29 02:13:06'),
(64, 132, '8044022892', 'Silvia Simbolon', 'P', 'Jl. Kelapa Dua Raya No. 80 RT 11/RW 03, Harjamukti, Cimanggis, Kota Depok', '085265601883', NULL, '2026-06-29 02:13:06', '2026-06-29 02:13:06'),
(65, 132, '6176709320', 'Yosi Permana', 'P', 'Jl. Sukmajaya Raya No. 149 RT 01/RW 01, Abadijaya, Sukmajaya, Kota Depok', '089688994301', NULL, '2026-06-29 02:13:06', '2026-06-29 02:13:06'),
(66, 132, '7764197613', 'Devano Subagyo', 'L', 'Jl. Cisalak Raya No. 144 RT 12/RW 03, Bojong Pondok Terong, Cipayung, Kota Depok', '087762475227', NULL, '2026-06-29 02:13:06', '2026-06-29 02:13:06'),
(67, 132, '6469975712', 'Rizal Sembiring', 'L', 'Jl. Cipayung Raya No. 4 RT 02/RW 06, Bedahan, Sawangan, Kota Depok', '087727972183', NULL, '2026-06-29 02:13:06', '2026-06-29 02:13:06'),
(68, 132, '9606859121', 'Teguh Panjaitan', 'L', 'Jl. Raya Cibubur No. 13 RT 06/RW 04, Cipayung, Cipayung, Kota Depok', '081195642290', NULL, '2026-06-29 02:13:06', '2026-06-29 02:13:06'),
(69, 132, '2885838821', 'Tika Setiawan', 'P', 'Jl. Raya Bogor No. 45 RT 12/RW 06, Cilangkap, Tapos, Kota Depok', '085117244518', NULL, '2026-06-29 02:13:06', '2026-06-29 02:13:06'),
(70, 132, '3911447521', 'Wicaksono Eka Santoso', 'L', 'Jl. Siliwangi No. 88 RT 13/RW 01, Gandul, Cinere, Kota Depok', '081510862539', NULL, '2026-06-29 02:13:06', '2026-06-29 02:13:06'),
(71, 132, '2873192509', 'Laras Dwi Santoso', 'P', 'Jl. Sawangan Raya No. 42 RT 15/RW 03, Cinere, Cinere, Kota Depok', '089780361397', NULL, '2026-06-29 02:13:06', '2026-06-29 02:13:06'),
(72, 132, '9785787650', 'Ilham Fitri Ningrum', 'L', 'Jl. Siliwangi No. 42 RT 10/RW 06, Cisalak, Cimanggis, Kota Depok', '081148441761', NULL, '2026-06-29 02:13:06', '2026-06-29 02:13:06'),
(73, 132, '5160717643', 'Mutia Simanjuntak', 'P', 'Jl. Proklamasi No. 105 RT 01/RW 04, Beji Timur, Beji, Kota Depok', '085282046683', NULL, '2026-06-29 02:13:06', '2026-06-29 02:13:06'),
(74, 132, '3436025404', 'Nida Ayu Sumarno', 'P', 'Jl. Sawangan Raya No. 10 RT 09/RW 07, Beji, Beji, Kota Depok', '085122404296', NULL, '2026-06-29 02:13:06', '2026-06-29 02:13:06'),
(75, 132, '3526419652', 'Haikal Firmansyah', 'L', 'Jl. Cempaka No. 52 RT 15/RW 03, Curug, Kelapa Dua, Kota Depok', '081715823973', NULL, '2026-06-29 02:13:06', '2026-06-29 02:13:06'),
(76, 132, '4854360204', 'Dinda Prabowo', 'P', 'Jl. Proklamasi No. 102 RT 09/RW 02, Meruyung, Limo, Kota Depok', '082388813383', NULL, '2026-06-29 02:13:06', '2026-06-29 02:13:06'),
(77, 132, '6730298400', 'Devano Aldi Putra', 'L', 'Jl. Cemara No. 3 RT 10/RW 05, Krukut, Limo, Kota Depok', '081260530424', NULL, '2026-06-29 02:13:06', '2026-06-29 02:13:06'),
(78, 132, '1489953560', 'Mawar Sembiring', 'P', 'Jl. Margonda Raya No. 21 RT 14/RW 07, Beji Timur, Beji, Kota Depok', '085684370053', NULL, '2026-06-29 02:13:06', '2026-06-29 02:13:06'),
(79, 132, '2611756579', 'Rafi Citra Putra', 'L', 'Jl. Cipayung Raya No. 112 RT 02/RW 06, Cipayung, Cipayung, Kota Depok', '081123359410', NULL, '2026-06-29 02:13:06', '2026-06-29 02:13:06'),
(80, 132, '9057705029', 'Zainal Situmorang', 'L', 'Jl. Ahmad Yani No. 84 RT 10/RW 02, Cimpaeun, Tapos, Kota Depok', '085355148310', NULL, '2026-06-29 02:13:06', '2026-06-29 02:13:06'),
(81, 132, '2044124315', 'Nilam Firdaus', 'P', 'Jl. Raya Citayam No. 83 RT 09/RW 04, Cinangka, Sawangan, Kota Depok', '081194161047', NULL, '2026-06-29 02:13:06', '2026-06-29 02:13:06'),
(82, 132, '4722576012', 'Isnaini Hidayat', 'P', 'Jl. Sukmajaya Raya No. 22 RT 11/RW 03, Harjamukti, Cimanggis, Kota Depok', '081394775910', NULL, '2026-06-29 02:13:06', '2026-06-29 02:13:06'),
(83, 132, '3485644362', 'Ahmad Nur Hidayat', 'L', 'Jl. Sukmajaya Raya No. 80 RT 14/RW 03, Cipayung, Cipayung, Kota Depok', '085110642242', NULL, '2026-06-29 02:13:06', '2026-06-29 02:13:06'),
(84, 132, '1413553202', 'Farhan Haryanto', 'L', 'Jl. Merdeka No. 75 RT 10/RW 08, Cipayung Jaya, Cipayung, Kota Depok', '085324109147', NULL, '2026-06-29 02:13:06', '2026-06-29 02:13:06'),
(85, 132, '7449365990', 'Nina Lestari Panjaitan', 'P', 'Jl. Pahlawan No. 91 RT 10/RW 02, Cilangkap, Tapos, Kota Depok', '082374235828', NULL, '2026-06-29 02:13:06', '2026-06-29 02:13:06'),
(86, 132, '4355896637', 'Reni Danu Sanjaya', 'P', 'Jl. Proklamasi No. 50 RT 14/RW 02, Kelapa Dua, Kelapa Dua, Kota Depok', '087791061671', NULL, '2026-06-29 02:13:06', '2026-06-29 02:13:06'),
(87, 132, '1491912577', 'Yogi Maulida Wijaya', 'L', 'Jl. Diponegoro No. 130 RT 01/RW 08, Ratujaya, Cipayung, Kota Depok', '081531915034', NULL, '2026-06-29 02:13:06', '2026-06-29 02:13:06'),
(88, 132, '7943004606', 'Fatimah Budi Sembiring', 'P', 'Jl. Margonda Raya No. 143 RT 03/RW 05, Pangkalan Jati, Cinere, Kota Depok', '085783389672', NULL, '2026-06-29 02:13:06', '2026-06-29 02:13:06'),
(89, 132, '7843987908', 'Dafa Budi Dewi', 'L', 'Jl. Tapos Raya No. 9 RT 11/RW 06, Serua, Bojong Sari, Kota Depok', '081558452851', NULL, '2026-06-29 02:13:06', '2026-06-29 02:13:06'),
(90, 127, '1676776754', 'Danu Firmansyah', 'L', 'Jl. Diponegoro No. 91 RT 03/RW 02, Kelapa Dua, Kelapa Dua, Kota Depok', '087768865964', NULL, '2026-06-29 02:13:06', '2026-06-29 02:13:06'),
(91, 127, '4947335918', 'Mia Lubis', 'P', 'Jl. Raya Cibubur No. 74 RT 12/RW 01, Grogol, Limo, Kota Depok', '085291944622', NULL, '2026-06-29 02:13:06', '2026-06-29 02:13:06'),
(92, 127, '2126390036', 'Gita Nasution', 'P', 'Jl. Proklamasi No. 17 RT 08/RW 05, Jatijajar, Tapos, Kota Depok', '082244661507', NULL, '2026-06-29 02:13:06', '2026-06-29 02:13:06'),
(93, 127, '5246981598', 'Cantika Sanjaya', 'P', 'Jl. H. Djuanda No. 4 RT 08/RW 04, Sukatani, Tapos, Kota Depok', '081358258010', NULL, '2026-06-29 02:13:06', '2026-06-29 02:13:06'),
(94, 127, '4084789317', 'Fatimah Hutabarat', 'P', 'Jl. Nusantara No. 9 RT 05/RW 01, Pasir Gunung Selatan, Cimanggis, Kota Depok', '085226228749', NULL, '2026-06-29 02:13:06', '2026-06-29 02:13:06'),
(95, 127, '7741288360', 'Mia Ramadhan', 'P', 'Jl. Akasia No. 107 RT 11/RW 05, Bojong Sari Baru, Bojong Sari, Kota Depok', '082249520595', NULL, '2026-06-29 02:13:06', '2026-06-29 02:13:06'),
(96, 127, '5635856521', 'Tiara Prabowo', 'P', 'Jl. Imam Bonjol No. 41 RT 09/RW 04, Beji, Beji, Kota Depok', '081747082043', NULL, '2026-06-29 02:13:06', '2026-06-29 02:13:06'),
(97, 127, '6984683352', 'Ivan Lestari Nuraini', 'L', 'Jl. Anggrek No. 84 RT 10/RW 03, Grogol, Limo, Kota Depok', '082302877475', NULL, '2026-06-29 02:13:06', '2026-06-29 02:13:06'),
(98, 127, '3523139455', 'Novia Dwi Sanjaya', 'P', 'Jl. Seroja No. 64 RT 13/RW 07, Sukatani, Tapos, Kota Depok', '087756855311', NULL, '2026-06-29 02:13:06', '2026-06-29 02:13:06'),
(99, 127, '8353975742', 'Febrianti Fitri Sari', 'P', 'Jl. Raya Citayam No. 143 RT 11/RW 07, Tugu, Cimanggis, Kota Depok', '081217634758', NULL, '2026-06-29 02:13:06', '2026-06-29 02:13:06'),
(100, 127, '7161371951', 'Intan Susanto', 'P', 'Jl. Raya Bogor No. 133 RT 08/RW 05, Tanah Baru, Beji, Kota Depok', '081727952777', NULL, '2026-06-29 02:13:06', '2026-06-29 02:13:06'),
(101, 127, '5716414378', 'Alfarizi Suranta', 'L', 'Jl. Raya Cibubur No. 51 RT 03/RW 02, Pasir Gunung Selatan, Cimanggis, Kota Depok', '089631570665', NULL, '2026-06-29 02:13:06', '2026-06-29 02:13:06'),
(102, 127, '4725875055', 'Arya Danu Kurniawan', 'L', 'Jl. Akasia No. 53 RT 04/RW 01, Leuwinanggung, Tapos, Kota Depok', '082234050030', NULL, '2026-06-29 02:13:06', '2026-06-29 02:13:06'),
(103, 127, '7340525085', 'Melisa Jaya Fitriani', 'P', 'Jl. Limo Raya No. 95 RT 06/RW 03, Ratujaya, Cipayung, Kota Depok', '085240712903', NULL, '2026-06-29 02:13:06', '2026-06-29 02:13:06'),
(104, 127, '8063396775', 'Sidik Firmansyah', 'L', 'Jl. Cisalak Raya No. 45 RT 06/RW 06, Depok, Pancoran Mas, Kota Depok', '081148915106', NULL, '2026-06-29 02:13:06', '2026-06-29 02:13:06'),
(105, 127, '8190250770', 'Lestari Suranta', 'P', 'Jl. Cemara No. 19 RT 13/RW 02, Meruyung, Limo, Kota Depok', '085362934811', NULL, '2026-06-29 02:13:06', '2026-06-29 02:13:06'),
(106, 127, '2054828204', 'Bima Santika', 'L', 'Jl. Anggrek No. 46 RT 03/RW 01, Duren Seribu, Sawangan, Kota Depok', '081562055364', NULL, '2026-06-29 02:13:06', '2026-06-29 02:13:06'),
(107, 127, '6813410377', 'Cahya Maulida Situmorang', 'L', 'Jl. Raya Depok No. 22 RT 13/RW 03, Cipayung, Cipayung, Kota Depok', '085894353034', NULL, '2026-06-29 02:13:06', '2026-06-29 02:13:06'),
(108, 127, '3945613245', 'Lestari Nuraini', 'P', 'Jl. H. Djuanda No. 59 RT 15/RW 05, Jatijajar, Tapos, Kota Depok', '082293368746', NULL, '2026-06-29 02:13:06', '2026-06-29 02:13:06'),
(109, 127, '4164194755', 'Arjuna Tarigan', 'L', 'Jl. Melati No. 64 RT 02/RW 02, Beji, Beji, Kota Depok', '081220346011', NULL, '2026-06-29 02:13:06', '2026-06-29 02:13:06'),
(110, 127, '9671517130', 'Farhan Suryadi', 'L', 'Jl. Melati No. 132 RT 08/RW 06, Sawangan Baru, Sawangan, Kota Depok', '085852769062', NULL, '2026-06-29 02:13:06', '2026-06-29 02:13:06'),
(111, 127, '8254174939', 'Soni Hutabarat', 'L', 'Jl. Merdeka No. 70 RT 14/RW 07, Sawangan, Sawangan, Kota Depok', '081233088539', NULL, '2026-06-29 02:13:06', '2026-06-29 02:13:06'),
(112, 127, '5996927809', 'Bagas Wijaya', 'L', 'Jl. Raya Citayam No. 138 RT 01/RW 08, Cilangkap, Tapos, Kota Depok', '085122619413', NULL, '2026-06-29 02:13:06', '2026-06-29 02:13:06'),
(113, 127, '2895348364', 'Rahmawati Yusuf', 'P', 'Jl. H. Djuanda No. 44 RT 10/RW 04, Limo, Limo, Kota Depok', '081557389121', NULL, '2026-06-29 02:13:06', '2026-06-29 02:13:06'),
(114, 127, '7809961903', 'Zidan Santika', 'L', 'Jl. Dahlia No. 65 RT 06/RW 03, Cilangkap, Tapos, Kota Depok', '081146259019', NULL, '2026-06-29 02:13:06', '2026-06-29 02:13:06'),
(115, 127, '7366594432', 'Ratna Susanto', 'P', 'Jl. Limo Raya No. 124 RT 12/RW 03, Cinere, Cinere, Kota Depok', '085753344398', NULL, '2026-06-29 02:13:06', '2026-06-29 02:13:06'),
(116, 127, '6399343905', 'Danu Agung Haryanto', 'L', 'Jl. Tugu Raya No. 144 RT 02/RW 03, Pangkalan Jati, Cinere, Kota Depok', '081187405062', NULL, '2026-06-29 02:13:06', '2026-06-29 02:13:06'),
(117, 127, '3601483321', 'Putri Santoso', 'P', 'Jl. Cinere Raya No. 1 RT 10/RW 02, Bojong Pondok Terong, Cipayung, Kota Depok', '081181719648', NULL, '2026-06-29 02:13:06', '2026-06-29 02:13:06'),
(118, 127, '2583530059', 'Mawar Cahyo Ginting', 'P', 'Jl. Cinere Raya No. 80 RT 04/RW 07, Sawangan, Sawangan, Kota Depok', '081112349339', NULL, '2026-06-29 02:13:06', '2026-06-29 02:13:06'),
(119, 127, '4094095843', 'Dinda Citra Rahayu', 'P', 'Jl. Siliwangi No. 22 RT 15/RW 02, Abadijaya, Sukmajaya, Kota Depok', '087728692396', NULL, '2026-06-29 02:13:06', '2026-06-29 02:13:06'),
(120, 127, '1619522198', 'Nurlaila Dewi', 'P', 'Jl. Pahlawan No. 44 RT 08/RW 03, Ratujaya, Cipayung, Kota Depok', '087738473859', NULL, '2026-06-29 02:13:06', '2026-06-29 02:13:06'),
(121, 127, '7288518661', 'Faisal Sembiring', 'L', 'Jl. Raya Bogor No. 114 RT 11/RW 07, Limo, Limo, Kota Depok', '087751980378', NULL, '2026-06-29 02:13:06', '2026-06-29 02:13:06'),
(122, 127, '5695896180', 'Rizqi Permana', 'L', 'Jl. Melati No. 81 RT 07/RW 06, Kukusan, Beji, Kota Depok', '089703313862', NULL, '2026-06-29 02:13:06', '2026-06-29 02:13:06'),
(123, 128, '3058362394', 'Yuli Wulan Kusuma', 'P', 'Jl. Beji Raya No. 76 RT 08/RW 06, Jatijajar, Tapos, Kota Depok', '082205853451', NULL, '2026-06-29 02:13:06', '2026-06-29 02:13:06'),
(124, 128, '5293492114', 'Annisa Lubis', 'P', 'Jl. Tugu Raya No. 41 RT 14/RW 05, Sawangan Baru, Sawangan, Kota Depok', '089808584700', NULL, '2026-06-29 02:13:06', '2026-06-29 02:13:06'),
(125, 128, '8431704473', 'Alfarizi Ivan Rahayu', 'L', 'Jl. Anggrek No. 116 RT 12/RW 03, Bojong Sari, Bojong Sari, Kota Depok', '089782327517', NULL, '2026-06-29 02:13:06', '2026-06-29 02:13:06'),
(126, 128, '5957878270', 'Febrianti Prabowo', 'P', 'Jl. Anggrek No. 80 RT 02/RW 08, Bedahan, Sawangan, Kota Depok', '082220445736', NULL, '2026-06-29 02:13:06', '2026-06-29 02:13:06'),
(127, 128, '4486303870', 'Lestari Galih Sembiring', 'P', 'Jl. Dahlia No. 18 RT 06/RW 03, Sukatani, Tapos, Kota Depok', '082268058665', NULL, '2026-06-29 02:13:06', '2026-06-29 02:13:06'),
(128, 128, '4476726621', 'Rahayu Putri', 'P', 'Jl. Imam Bonjol No. 112 RT 09/RW 02, Bojong Sari, Bojong Sari, Kota Depok', '085744213041', NULL, '2026-06-29 02:13:06', '2026-06-29 02:13:06'),
(129, 128, '2985948718', 'Dewi Suryadi', 'P', 'Jl. Cipayung Raya No. 48 RT 06/RW 05, Duren Seribu, Sawangan, Kota Depok', '085815846139', NULL, '2026-06-29 02:13:06', '2026-06-29 02:13:06'),
(130, 128, '1061576849', 'Rita Jaya Setiawan', 'P', 'Jl. Flamboyan No. 87 RT 05/RW 08, Jatijajar, Tapos, Kota Depok', '085887839672', NULL, '2026-06-29 02:13:06', '2026-06-29 02:13:06'),
(131, 128, '3529315267', 'Haikal Sukma', 'L', 'Jl. Akasia No. 148 RT 14/RW 04, Pangkalan Jati, Cinere, Kota Depok', '085244129015', NULL, '2026-06-29 02:13:06', '2026-06-29 02:13:06'),
(132, 128, '1738968982', 'Amir Purba', 'L', 'Jl. Pahlawan No. 64 RT 12/RW 05, Jatijajar, Tapos, Kota Depok', '081150674538', NULL, '2026-06-29 02:13:06', '2026-06-29 02:13:06'),
(133, 128, '5754734620', 'Amelia Citra Dewi', 'P', 'Jl. Cempaka No. 90 RT 08/RW 07, Gandul, Cinere, Kota Depok', '081790623891', NULL, '2026-06-29 02:13:06', '2026-06-29 02:13:06'),
(134, 128, '6167360672', 'Fikri Napitupulu', 'L', 'Jl. Diponegoro No. 56 RT 10/RW 07, Pondok Cina, Beji, Kota Depok', '085357998378', NULL, '2026-06-29 02:13:06', '2026-06-29 02:13:06'),
(135, 128, '6559331389', 'Fikri Prabowo', 'L', 'Jl. Mawar No. 103 RT 03/RW 07, Sawangan, Sawangan, Kota Depok', '082341404693', NULL, '2026-06-29 02:13:06', '2026-06-29 02:13:06'),
(136, 128, '7846464181', 'Febrianti Wulan Ramadhan', 'P', 'Jl. Siliwangi No. 79 RT 04/RW 05, Bojong Sari Baru, Bojong Sari, Kota Depok', '081689301057', NULL, '2026-06-29 02:13:06', '2026-06-29 02:13:06'),
(137, 128, '2689794600', 'Aulia Fitri Sukma', 'P', 'Jl. Cisalak Raya No. 76 RT 03/RW 01, Depok Jaya, Pancoran Mas, Kota Depok', '085183028883', NULL, '2026-06-29 02:13:06', '2026-06-29 02:13:06'),
(138, 128, '1493387658', 'Devano Panjaitan', 'L', 'Jl. Cipayung Raya No. 25 RT 06/RW 01, Pangkalan Jati Baru, Cinere, Kota Depok', '085663546481', NULL, '2026-06-29 02:13:06', '2026-06-29 02:13:06'),
(139, 128, '4768169491', 'Melani Hendra Hasanah', 'P', 'Jl. Diponegoro No. 112 RT 04/RW 08, Bedahan, Sawangan, Kota Depok', '089651627765', NULL, '2026-06-29 02:13:07', '2026-06-29 02:13:07'),
(140, 128, '5959486444', 'Febri Jaya Maulana', 'L', 'Jl. Imam Bonjol No. 14 RT 07/RW 07, Cinere, Cinere, Kota Depok', '081561094001', NULL, '2026-06-29 02:13:07', '2026-06-29 02:13:07'),
(141, 128, '8121791877', 'Bunga Santoso', 'P', 'Jl. Akasia No. 20 RT 01/RW 07, Abadijaya, Sukmajaya, Kota Depok', '089616732070', NULL, '2026-06-29 02:13:07', '2026-06-29 02:13:07'),
(142, 128, '3465358385', 'Gilang Jaya Setiawan', 'L', 'Jl. Sawangan Raya No. 92 RT 11/RW 01, Depok Jaya, Pancoran Mas, Kota Depok', '085884918400', NULL, '2026-06-29 02:13:07', '2026-06-29 02:13:07'),
(143, 128, '6074111794', 'Aulia Putri Saputra', 'P', 'Jl. Anggrek No. 146 RT 12/RW 07, Baktijaya, Sukmajaya, Kota Depok', '082317635502', NULL, '2026-06-29 02:13:07', '2026-06-29 02:13:07'),
(144, 128, '1174424616', 'Hendra Fitri Simbolon', 'L', 'Jl. Raya Cibubur No. 130 RT 01/RW 03, Sukamaju, Sukmajaya, Kota Depok', '085811264383', NULL, '2026-06-29 02:13:07', '2026-06-29 02:13:07'),
(145, 128, '2393422640', 'Ilham Simanullang', 'L', 'Jl. Proklamasi No. 133 RT 10/RW 02, Bojong Pondok Terong, Cipayung, Kota Depok', '082386663124', NULL, '2026-06-29 02:13:07', '2026-06-29 02:13:07'),
(146, 128, '4601664331', 'Arman Danu Sumarno', 'L', 'Jl. Flamboyan No. 79 RT 04/RW 01, Pondok Jaya, Bojong Sari, Kota Depok', '085296997860', NULL, '2026-06-29 02:13:07', '2026-06-29 02:13:07'),
(147, 128, '9737233707', 'Lestari Kusuma Napitupulu', 'P', 'Jl. Proklamasi No. 49 RT 08/RW 06, Sukamaju Baru, Kelapa Dua, Kota Depok', '085146373026', NULL, '2026-06-29 02:13:07', '2026-06-29 02:13:07'),
(148, 128, '4547370837', 'Suci Jaya Sumarno', 'P', 'Jl. Beji Raya No. 141 RT 14/RW 04, Limo, Limo, Kota Depok', '082204741934', NULL, '2026-06-29 02:13:07', '2026-06-29 02:13:07'),
(149, 128, '4505493751', 'Maulana Firdaus', 'L', 'Jl. Kenanga No. 92 RT 08/RW 02, Pangkalan Jati, Cinere, Kota Depok', '089621387163', NULL, '2026-06-29 02:13:07', '2026-06-29 02:13:07'),
(150, 128, '6706411715', 'Agnes Maulana', 'P', 'Jl. Raya Citayam No. 34 RT 02/RW 02, Bojong Sari, Bojong Sari, Kota Depok', '085736376614', NULL, '2026-06-29 02:13:07', '2026-06-29 02:13:07'),
(151, 128, '8309325535', 'Ryan Situmorang', 'L', 'Jl. Seroja No. 123 RT 10/RW 07, Cisalak, Cimanggis, Kota Depok', '085805128330', NULL, '2026-06-29 02:13:07', '2026-06-29 02:13:07'),
(152, 128, '8769699108', 'Rizal Cahyo Situmorang', 'L', 'Jl. Tugu Raya No. 5 RT 11/RW 07, Krukut, Limo, Kota Depok', '085610137799', NULL, '2026-06-29 02:13:07', '2026-06-29 02:13:07'),
(153, 128, '9373041152', 'Wahyu Rahayu Yusuf', 'L', 'Jl. Sukmajaya Raya No. 35 RT 14/RW 04, Bojong Pondok Terong, Cipayung, Kota Depok', '085146502459', NULL, '2026-06-29 02:13:07', '2026-06-29 02:13:07'),
(154, 128, '5568895242', 'Nida Simanullang', 'P', 'Jl. Beji Raya No. 146 RT 06/RW 04, Pasir Gunung Selatan, Cimanggis, Kota Depok', '089628557202', NULL, '2026-06-29 02:13:07', '2026-06-29 02:13:07'),
(155, 128, '2340936299', 'Hanif Budi Sumarno', 'L', 'Jl. Cempaka No. 55 RT 07/RW 01, Pangkalan Jati, Cinere, Kota Depok', '085324947179', NULL, '2026-06-29 02:13:07', '2026-06-29 02:13:07'),
(156, 129, '6783024352', 'Diah Budi Firmansyah', 'P', 'Jl. Kartini No. 143 RT 03/RW 04, Mampang, Pancoran Mas, Kota Depok', '081182948101', NULL, '2026-06-29 02:13:07', '2026-06-29 02:13:07'),
(157, 129, '3538793535', 'Hani Siregar', 'P', 'Jl. Raya Bogor No. 24 RT 07/RW 01, Grogol, Limo, Kota Depok', '081138082150', NULL, '2026-06-29 02:13:07', '2026-06-29 02:13:07'),
(158, 129, '8661245586', 'Akbar Haryanto', 'L', 'Jl. Akasia No. 3 RT 05/RW 04, Beji Timur, Beji, Kota Depok', '082107173353', NULL, '2026-06-29 02:13:07', '2026-06-29 02:13:07'),
(159, 129, '7959943609', 'Nurlaila Putra', 'P', 'Jl. Kenanga No. 1 RT 09/RW 06, Tapos, Tapos, Kota Depok', '082195833566', NULL, '2026-06-29 02:13:07', '2026-06-29 02:13:07'),
(160, 129, '4704268749', 'Wulan Manurung', 'P', 'Jl. Cemara No. 89 RT 04/RW 02, Grogol, Limo, Kota Depok', '081554990230', NULL, '2026-06-29 02:13:07', '2026-06-29 02:13:07'),
(161, 129, '8822218411', 'Isnaini Fitriani', 'P', 'Jl. Anggrek No. 65 RT 13/RW 07, Leuwinanggung, Tapos, Kota Depok', '085674678549', NULL, '2026-06-29 02:13:07', '2026-06-29 02:13:07'),
(162, 129, '9448305786', 'Afifah Firmansyah', 'P', 'Jl. Dahlia No. 92 RT 03/RW 04, Ratujaya, Cipayung, Kota Depok', '085268378456', NULL, '2026-06-29 02:13:07', '2026-06-29 02:13:07'),
(163, 129, '5965518477', 'Bella Nasution', 'P', 'Jl. Flamboyan No. 147 RT 11/RW 08, Bedahan, Sawangan, Kota Depok', '089641906968', NULL, '2026-06-29 02:13:07', '2026-06-29 02:13:07'),
(164, 129, '6046380391', 'Anisa Simbolon', 'P', 'Jl. Raya Parung No. 89 RT 06/RW 08, Cilangkap, Tapos, Kota Depok', '082254530326', NULL, '2026-06-29 02:13:07', '2026-06-29 02:13:07'),
(165, 129, '1534973901', 'Nadia Subagyo', 'P', 'Jl. Akasia No. 51 RT 01/RW 05, Mekarjaya, Sukmajaya, Kota Depok', '087754206530', NULL, '2026-06-29 02:13:07', '2026-06-29 02:13:07'),
(166, 129, '7840388422', 'Dinda Ramadhan', 'P', 'Jl. H. Djuanda No. 38 RT 08/RW 05, Sawangan, Sawangan, Kota Depok', '082382166121', NULL, '2026-06-29 02:13:07', '2026-06-29 02:13:07'),
(167, 129, '9433991779', 'Nida Hasanah', 'P', 'Jl. Seroja No. 91 RT 05/RW 08, Gandul, Cinere, Kota Depok', '085112789138', NULL, '2026-06-29 02:13:07', '2026-06-29 02:13:07'),
(168, 129, '7368373392', 'Lestari Lestari Nugroho', 'P', 'Jl. Limo Raya No. 10 RT 09/RW 04, Serua, Bojong Sari, Kota Depok', '082161261376', NULL, '2026-06-29 02:13:07', '2026-06-29 02:13:07'),
(169, 129, '1607872945', 'Arya Hidayat', 'L', 'Jl. Dahlia No. 40 RT 11/RW 08, Pancoran Mas, Pancoran Mas, Kota Depok', '082244950784', NULL, '2026-06-29 02:13:07', '2026-06-29 02:13:07'),
(170, 129, '4906565358', 'Siska Hakim', 'P', 'Jl. Cemara No. 106 RT 01/RW 08, Cilangkap, Tapos, Kota Depok', '082123748848', NULL, '2026-06-29 02:13:07', '2026-06-29 02:13:07'),
(171, 129, '9714637090', 'Gita Ayu Sumarno', 'P', 'Jl. Ahmad Yani No. 17 RT 08/RW 05, Kelapa Dua, Kelapa Dua, Kota Depok', '081117369711', NULL, '2026-06-29 02:13:07', '2026-06-29 02:13:07'),
(172, 129, '8620887684', 'Lisa Prabowo', 'P', 'Jl. Cinere Raya No. 147 RT 14/RW 02, Meruyung, Limo, Kota Depok', '081767400084', NULL, '2026-06-29 02:13:07', '2026-06-29 02:13:07'),
(173, 129, '3579268998', 'Farida Hakim', 'P', 'Jl. Raya Depok No. 122 RT 02/RW 03, Mampang, Pancoran Mas, Kota Depok', '081713681995', NULL, '2026-06-29 02:13:07', '2026-06-29 02:13:07'),
(174, 129, '2571946168', 'Robi Panjaitan', 'L', 'Jl. Akasia No. 48 RT 02/RW 03, Ratujaya, Cipayung, Kota Depok', '085884589370', NULL, '2026-06-29 02:13:07', '2026-06-29 02:13:07'),
(175, 129, '5381736420', 'Anggi Rahayu', 'P', 'Jl. Flamboyan No. 49 RT 06/RW 04, Pangkalan Jati, Cinere, Kota Depok', '085667131186', NULL, '2026-06-29 02:13:07', '2026-06-29 02:13:07'),
(176, 129, '9517310913', 'Diah Simbolon', 'P', 'Jl. Pahlawan No. 65 RT 15/RW 01, Baktijaya, Sukmajaya, Kota Depok', '082268036105', NULL, '2026-06-29 02:13:07', '2026-06-29 02:13:07'),
(177, 129, '7268984609', 'Arisandi Putri', 'L', 'Jl. Nusantara No. 147 RT 01/RW 07, Curug, Kelapa Dua, Kota Depok', '082129980701', NULL, '2026-06-29 02:13:07', '2026-06-29 02:13:07'),
(178, 129, '2731265547', 'Hani Dwi Napitupulu', 'P', 'Jl. Limo Raya No. 117 RT 03/RW 02, Depok Jaya, Pancoran Mas, Kota Depok', '081159217763', NULL, '2026-06-29 02:13:07', '2026-06-29 02:13:07'),
(179, 129, '3946824308', 'Sri Maulida Suryadi', 'P', 'Jl. Kartini No. 93 RT 09/RW 04, Gandul, Cinere, Kota Depok', '082395931486', NULL, '2026-06-29 02:13:07', '2026-06-29 02:13:07'),
(180, 129, '5259357168', 'Fadhil Nasution', 'L', 'Jl. Akasia No. 72 RT 03/RW 01, Curug, Kelapa Dua, Kota Depok', '089600192479', NULL, '2026-06-29 02:13:07', '2026-06-29 02:13:07'),
(181, 129, '8597540499', 'Zahra Simbolon', 'P', 'Jl. Kelapa Dua Raya No. 68 RT 11/RW 07, Limo, Limo, Kota Depok', '089637340942', NULL, '2026-06-29 02:13:07', '2026-06-29 02:13:07'),
(182, 129, '5591780202', 'Cantika Kurniawan', 'P', 'Jl. Proklamasi No. 94 RT 09/RW 03, Leuwinanggung, Tapos, Kota Depok', '081357673072', NULL, '2026-06-29 02:13:07', '2026-06-29 02:13:07'),
(183, 129, '3311374262', 'Adinda Simanjuntak', 'P', 'Jl. Mawar No. 138 RT 02/RW 06, Pasir Gunung Selatan, Cimanggis, Kota Depok', '085148112686', NULL, '2026-06-29 02:13:07', '2026-06-29 02:13:07'),
(184, 129, '7505447683', 'Neni Jaya Ginting', 'P', 'Jl. Cempaka No. 5 RT 11/RW 04, Curug, Kelapa Dua, Kota Depok', '085780587544', NULL, '2026-06-29 02:13:07', '2026-06-29 02:13:07'),
(185, 129, '2605964632', 'Amanda Wulan Purba', 'P', 'Jl. Raya Depok No. 128 RT 15/RW 07, Cisalak Pasar, Sukmajaya, Kota Depok', '087700896205', NULL, '2026-06-29 02:13:07', '2026-06-29 02:13:07'),
(186, 129, '7034273175', 'Yogi Fadli Rahayu', 'L', 'Jl. Limo Raya No. 142 RT 07/RW 03, Cimpaeun, Tapos, Kota Depok', '085752108843', NULL, '2026-06-29 02:13:07', '2026-06-29 02:13:07'),
(187, 129, '4424449057', 'Fadila Fadillah', 'P', 'Jl. Nusantara No. 118 RT 07/RW 02, Sawangan Baru, Sawangan, Kota Depok', '081759977580', NULL, '2026-06-29 02:13:07', '2026-06-29 02:13:07'),
(188, 129, '3291147726', 'Amanda Tarigan', 'P', 'Jl. Tugu Raya No. 91 RT 04/RW 06, Kukusan, Beji, Kota Depok', '085264089143', NULL, '2026-06-29 02:13:07', '2026-06-29 02:13:07'),
(189, 130, '8942168695', 'Melisa Galih Sanjaya', 'P', 'Jl. Ahmad Yani No. 17 RT 13/RW 07, Grogol, Limo, Kota Depok', '089854077665', NULL, '2026-06-29 02:13:07', '2026-06-29 02:13:07'),
(190, 130, '9771040028', 'Nabila Wahyuni', 'P', 'Jl. Pahlawan No. 31 RT 14/RW 04, Kelapa Dua, Kelapa Dua, Kota Depok', '085764497435', NULL, '2026-06-29 02:13:07', '2026-06-29 02:13:07'),
(191, 130, '7814075451', 'Nadia Ramadhan', 'P', 'Jl. Cempaka No. 1 RT 10/RW 07, Leuwinanggung, Tapos, Kota Depok', '087867452877', NULL, '2026-06-29 02:13:07', '2026-06-29 02:13:07'),
(192, 130, '3181108972', 'Robi Hendra Hakim', 'L', 'Jl. Sawangan Raya No. 146 RT 12/RW 04, Krukut, Limo, Kota Depok', '081594469000', NULL, '2026-06-29 02:13:07', '2026-06-29 02:13:07'),
(193, 130, '2813044201', 'Risma Rahayu Fitriani', 'P', 'Jl. Akasia No. 27 RT 06/RW 02, Abadijaya, Sukmajaya, Kota Depok', '081381162964', NULL, '2026-06-29 02:13:07', '2026-06-29 02:13:07'),
(194, 130, '9268312785', 'Suci Simanjuntak', 'P', 'Jl. Kartini No. 134 RT 08/RW 04, Pondok Jaya, Bojong Sari, Kota Depok', '089792869138', NULL, '2026-06-29 02:13:07', '2026-06-29 02:13:07'),
(195, 130, '4418829263', 'Novia Maulana', 'P', 'Jl. Kelapa Dua Raya No. 142 RT 06/RW 08, Grogol, Limo, Kota Depok', '081235068279', NULL, '2026-06-29 02:13:07', '2026-06-29 02:13:07'),
(196, 130, '1738211675', 'Diah Kurnia Pratama', 'P', 'Jl. Siliwangi No. 139 RT 13/RW 05, Bojong Sari Baru, Bojong Sari, Kota Depok', '085796925119', NULL, '2026-06-29 02:13:07', '2026-06-29 02:13:07'),
(197, 130, '6465489662', 'Aulia Suryadi', 'P', 'Jl. Dahlia No. 28 RT 05/RW 05, Tonjong, Bojong Sari, Kota Depok', '085308274040', NULL, '2026-06-29 02:13:07', '2026-06-29 02:13:07'),
(198, 130, '9680799420', 'Agnes Susanto', 'P', 'Jl. Kelapa Dua Raya No. 71 RT 03/RW 02, Depok, Pancoran Mas, Kota Depok', '081290345314', NULL, '2026-06-29 02:13:07', '2026-06-29 02:13:07'),
(199, 130, '4501796675', 'Dian Simanullang', 'P', 'Jl. Tugu Raya No. 44 RT 10/RW 07, Rangkapan Jaya, Pancoran Mas, Kota Depok', '081676418839', NULL, '2026-06-29 02:13:07', '2026-06-29 02:13:07'),
(200, 130, '8370905429', 'Nadhira Situmorang', 'P', 'Jl. Margonda Raya No. 11 RT 06/RW 03, Cipayung Jaya, Cipayung, Kota Depok', '085119559100', NULL, '2026-06-29 02:13:07', '2026-06-29 02:13:07'),
(201, 130, '8904753860', 'Afifah Subagyo', 'P', 'Jl. Sawangan Raya No. 14 RT 01/RW 08, Kelapa Dua, Kelapa Dua, Kota Depok', '085767855627', NULL, '2026-06-29 02:13:07', '2026-06-29 02:13:07'),
(202, 130, '7737330700', 'Teguh Kurnia Tarigan', 'L', 'Jl. Pajajaran No. 148 RT 07/RW 05, Cimpaeun, Tapos, Kota Depok', '085230985757', NULL, '2026-06-29 02:13:07', '2026-06-29 02:13:07'),
(203, 130, '2734278090', 'Oktavia Sudrajat', 'P', 'Jl. Merdeka No. 137 RT 07/RW 01, Sawangan Baru, Sawangan, Kota Depok', '082127650434', NULL, '2026-06-29 02:13:07', '2026-06-29 02:13:07'),
(204, 130, '1161168857', 'Fadila Hasanah', 'P', 'Jl. H. Djuanda No. 125 RT 01/RW 03, Curug, Cimanggis, Kota Depok', '087786754706', NULL, '2026-06-29 02:13:07', '2026-06-29 02:13:07'),
(205, 130, '3450218309', 'Zahra Jaya Nugroho', 'P', 'Jl. Cempaka No. 63 RT 02/RW 02, Cisalak, Cimanggis, Kota Depok', '081236633942', NULL, '2026-06-29 02:13:07', '2026-06-29 02:13:07'),
(206, 130, '8424032003', 'Rini Saputra', 'P', 'Jl. Melati No. 62 RT 02/RW 05, Cipayung Jaya, Cipayung, Kota Depok', '081368111304', NULL, '2026-06-29 02:13:07', '2026-06-29 02:13:07'),
(207, 130, '4151843429', 'Ayu Saputra', 'P', 'Jl. Cisalak Raya No. 83 RT 07/RW 01, Cisalak, Cimanggis, Kota Depok', '085145918989', NULL, '2026-06-29 02:13:07', '2026-06-29 02:13:07'),
(208, 130, '7335022994', 'Septian Gunawan', 'L', 'Jl. Mawar No. 128 RT 13/RW 02, Mekarjaya, Sukmajaya, Kota Depok', '081641299486', NULL, '2026-06-29 02:13:07', '2026-06-29 02:13:07'),
(209, 130, '5976989180', 'Siska Fadli Hakim', 'P', 'Jl. Kelapa Dua Raya No. 95 RT 10/RW 01, Bojong Pondok Terong, Cipayung, Kota Depok', '085881283146', NULL, '2026-06-29 02:13:07', '2026-06-29 02:13:07'),
(210, 130, '4092135901', 'Wulan Permana', 'P', 'Jl. Merdeka No. 128 RT 05/RW 02, Baktijaya, Sukmajaya, Kota Depok', '082373922709', NULL, '2026-06-29 02:13:07', '2026-06-29 02:13:07'),
(211, 130, '6298763930', 'Nadya Galih Tarigan', 'P', 'Jl. Siliwangi No. 134 RT 05/RW 07, Pangkalan Jati Baru, Cinere, Kota Depok', '085220525442', NULL, '2026-06-29 02:13:07', '2026-06-29 02:13:07'),
(212, 130, '6205281074', 'Nilam Rahayu', 'P', 'Jl. Mawar No. 80 RT 05/RW 08, Serua, Bojong Sari, Kota Depok', '081703160585', NULL, '2026-06-29 02:13:07', '2026-06-29 02:13:07'),
(213, 130, '1926913246', 'Dinda Agung Lubis', 'P', 'Jl. Gatot Subroto No. 125 RT 12/RW 04, Pangkalan Jati, Cinere, Kota Depok', '085897344855', NULL, '2026-06-29 02:13:07', '2026-06-29 02:13:07'),
(214, 130, '8857821049', 'Hani Sari Setiawan', 'P', 'Jl. Cemara No. 124 RT 01/RW 04, Baktijaya, Sukmajaya, Kota Depok', '087807597364', NULL, '2026-06-29 02:13:07', '2026-06-29 02:13:07'),
(215, 130, '9629015940', 'Nida Budi Firdaus', 'P', 'Jl. H. Djuanda No. 43 RT 12/RW 01, Meruyung, Limo, Kota Depok', '087792514622', NULL, '2026-06-29 02:13:07', '2026-06-29 02:13:07'),
(216, 130, '3951891530', 'Bella Permata Maulana', 'P', 'Jl. Flamboyan No. 108 RT 12/RW 01, Sawangan, Sawangan, Kota Depok', '089887647379', NULL, '2026-06-29 02:13:07', '2026-06-29 02:13:07'),
(217, 130, '2739529546', 'Nisa Kusuma Anggraini', 'P', 'Jl. Limo Raya No. 145 RT 10/RW 01, Cilangkap, Tapos, Kota Depok', '085303045326', NULL, '2026-06-29 02:13:07', '2026-06-29 02:13:07'),
(218, 130, '4450939187', 'Puspita Setiawan', 'P', 'Jl. Sukmajaya Raya No. 133 RT 09/RW 06, Beji Timur, Beji, Kota Depok', '089844242520', NULL, '2026-06-29 02:13:07', '2026-06-29 02:13:07'),
(219, 130, '2146761972', 'Oktavia Lubis', 'P', 'Jl. Ahmad Yani No. 37 RT 04/RW 08, Cilangkap, Tapos, Kota Depok', '082266810399', NULL, '2026-06-29 02:13:07', '2026-06-29 02:13:07'),
(220, 130, '9594704216', 'Melisa Prabowo', 'P', 'Jl. Cipayung Raya No. 129 RT 06/RW 04, Depok, Pancoran Mas, Kota Depok', '082366353304', NULL, '2026-06-29 02:13:07', '2026-06-29 02:13:07'),
(221, 130, '6852828712', 'Isnaini Agung Nuraini', 'P', 'Jl. Seroja No. 141 RT 06/RW 07, Grogol, Limo, Kota Depok', '082192777727', NULL, '2026-06-29 02:13:07', '2026-06-29 02:13:07'),
(222, 131, '6930008719', 'Fathan Citra Yusuf', 'L', 'Jl. Siliwangi No. 40 RT 03/RW 03, Bojong Pondok Terong, Cipayung, Kota Depok', '081679725028', NULL, '2026-06-29 02:13:07', '2026-06-29 02:13:07'),
(223, 131, '9639053586', 'Dewi Ramadhan', 'P', 'Jl. Margonda Raya No. 106 RT 13/RW 06, Mekarsari, Cimanggis, Kota Depok', '085385482860', NULL, '2026-06-29 02:13:07', '2026-06-29 02:13:07'),
(224, 131, '8400643903', 'Dinda Yulia Sanjaya', 'P', 'Jl. Pajajaran No. 21 RT 04/RW 02, Bojong Pondok Terong, Cipayung, Kota Depok', '081772714645', NULL, '2026-06-29 02:13:07', '2026-06-29 02:13:07'),
(225, 131, '1025735909', 'Rizka Lestari', 'P', 'Jl. Cemara No. 20 RT 01/RW 02, Kelapa Dua, Kelapa Dua, Kota Depok', '085660333017', NULL, '2026-06-29 02:13:07', '2026-06-29 02:13:07'),
(226, 131, '8384711880', 'Siska Sukma', 'P', 'Jl. Akasia No. 10 RT 01/RW 04, Bojong Pondok Terong, Cipayung, Kota Depok', '081353448935', NULL, '2026-06-29 02:13:07', '2026-06-29 02:13:07'),
(227, 131, '7627742903', 'Ragil Cahyo Firmansyah', 'L', 'Jl. Akasia No. 16 RT 11/RW 08, Duren Seribu, Sawangan, Kota Depok', '085337064204', NULL, '2026-06-29 02:13:07', '2026-06-29 02:13:07'),
(228, 131, '3454819135', 'Yuli Pratama', 'P', 'Jl. Merdeka No. 120 RT 05/RW 08, Duren Seribu, Sawangan, Kota Depok', '081594570119', NULL, '2026-06-29 02:13:07', '2026-06-29 02:13:07'),
(229, 131, '1355399420', 'Nina Manurung', 'P', 'Jl. Diponegoro No. 18 RT 01/RW 06, Sawangan Baru, Sawangan, Kota Depok', '081741092368', NULL, '2026-06-29 02:13:07', '2026-06-29 02:13:07'),
(230, 131, '9686374825', 'Bunga Eka Gunawan', 'P', 'Jl. Raya Parung No. 70 RT 03/RW 03, Curug, Kelapa Dua, Kota Depok', '087755947287', NULL, '2026-06-29 02:13:07', '2026-06-29 02:13:07'),
(231, 131, '7147449109', 'Ahmad Kusuma', 'L', 'Jl. Raya Citayam No. 33 RT 03/RW 08, Mekarsari, Cimanggis, Kota Depok', '081553634722', NULL, '2026-06-29 02:13:07', '2026-06-29 02:13:07'),
(232, 131, '2620967108', 'Danial Danu Pratama', 'L', 'Jl. Raya Sawangan No. 116 RT 15/RW 02, Bojong Sari Baru, Bojong Sari, Kota Depok', '082325238725', NULL, '2026-06-29 02:13:07', '2026-06-29 02:13:07'),
(233, 131, '8995851305', 'Silvia Suranta', 'P', 'Jl. Tugu Raya No. 65 RT 11/RW 05, Serua, Bojong Sari, Kota Depok', '085883345213', NULL, '2026-06-29 02:13:07', '2026-06-29 02:13:07'),
(234, 131, '6984037752', 'Sri Situmorang', 'P', 'Jl. Pahlawan No. 107 RT 12/RW 01, Baktijaya, Sukmajaya, Kota Depok', '089629730623', NULL, '2026-06-29 02:13:07', '2026-06-29 02:13:07'),
(235, 131, '2227987261', 'Nurfitri Situmorang', 'P', 'Jl. Raya Citayam No. 129 RT 07/RW 04, Baktijaya, Sukmajaya, Kota Depok', '081727772183', NULL, '2026-06-29 02:13:07', '2026-06-29 02:13:07'),
(236, 131, '9220727725', 'Sari Wahyuni', 'P', 'Jl. Cinere Raya No. 23 RT 05/RW 07, Depok, Pancoran Mas, Kota Depok', '085369248624', NULL, '2026-06-29 02:13:07', '2026-06-29 02:13:07'),
(237, 131, '5477314321', 'Farida Bagas Kurniawan', 'P', 'Jl. Gatot Subroto No. 6 RT 04/RW 08, Krukut, Limo, Kota Depok', '081179562330', NULL, '2026-06-29 02:13:07', '2026-06-29 02:13:07'),
(238, 131, '8427712915', 'Amelia Wijaya', 'P', 'Jl. Raya Sawangan No. 134 RT 13/RW 06, Sukamaju Baru, Kelapa Dua, Kota Depok', '085655758416', NULL, '2026-06-29 02:13:07', '2026-06-29 02:13:07'),
(239, 131, '2925405305', 'Nina Kusuma Maulana', 'P', 'Jl. Cempaka No. 82 RT 11/RW 04, Pengasinan, Sawangan, Kota Depok', '089784487475', NULL, '2026-06-29 02:13:07', '2026-06-29 02:13:07'),
(240, 131, '2016613190', 'Novia Ningrum', 'P', 'Jl. Raya Sawangan No. 70 RT 02/RW 04, Depok, Pancoran Mas, Kota Depok', '085299464201', NULL, '2026-06-29 02:13:07', '2026-06-29 02:13:07'),
(241, 131, '9977214381', 'Dara Fadli Sari', 'P', 'Jl. Cemara No. 90 RT 13/RW 02, Bedahan, Sawangan, Kota Depok', '082236116159', NULL, '2026-06-29 02:13:07', '2026-06-29 02:13:07'),
(242, 131, '9268130801', 'Akbar Maulida Kurniawan', 'L', 'Jl. Merdeka No. 127 RT 11/RW 08, Gandul, Cinere, Kota Depok', '085376789176', NULL, '2026-06-29 02:13:07', '2026-06-29 02:13:07'),
(243, 131, '6077503984', 'Rita Prabowo', 'P', 'Jl. Pajajaran No. 73 RT 05/RW 04, Cinere, Cinere, Kota Depok', '085738966214', NULL, '2026-06-29 02:13:07', '2026-06-29 02:13:07'),
(244, 131, '5161977634', 'Fadila Eka Tarigan', 'P', 'Jl. Cemara No. 44 RT 11/RW 06, Jatijajar, Tapos, Kota Depok', '081365834023', NULL, '2026-06-29 02:13:07', '2026-06-29 02:13:07'),
(245, 131, '5858703667', 'Ragil Nasution', 'L', 'Jl. Melati No. 26 RT 12/RW 05, Tonjong, Bojong Sari, Kota Depok', '085254935576', NULL, '2026-06-29 02:13:07', '2026-06-29 02:13:07'),
(246, 131, '4040665606', 'Ayu Siregar', 'P', 'Jl. Sawangan Raya No. 108 RT 15/RW 03, Pondok Cina, Beji, Kota Depok', '082153154437', NULL, '2026-06-29 02:13:07', '2026-06-29 02:13:07'),
(247, 131, '9411348467', 'Eko Ginting', 'L', 'Jl. Ahmad Yani No. 144 RT 09/RW 07, Abadijaya, Sukmajaya, Kota Depok', '085692390323', NULL, '2026-06-29 02:13:07', '2026-06-29 02:13:07'),
(248, 131, '5469985297', 'Nisa Anggraini', 'P', 'Jl. Cemara No. 128 RT 01/RW 06, Rangkapan Jaya, Pancoran Mas, Kota Depok', '081147143231', NULL, '2026-06-29 02:13:07', '2026-06-29 02:13:07'),
(249, 131, '7549056844', 'Dani Wijaya', 'L', 'Jl. Margonda Raya No. 80 RT 05/RW 03, Tapos, Tapos, Kota Depok', '081331452855', NULL, '2026-06-29 02:13:07', '2026-06-29 02:13:07'),
(250, 131, '8081120626', 'Dicky Permata Sanjaya', 'L', 'Jl. Merdeka No. 67 RT 01/RW 02, Meruyung, Limo, Kota Depok', '085851555032', NULL, '2026-06-29 02:13:07', '2026-06-29 02:13:07'),
(251, 131, '6423832160', 'Agus Wahyu Fitriani', 'L', 'Jl. Sawangan Raya No. 74 RT 09/RW 04, Meruyung, Limo, Kota Depok', '085285385128', NULL, '2026-06-29 02:13:07', '2026-06-29 02:13:07'),
(252, 131, '6696237737', 'Adi Sanjaya', 'L', 'Jl. Siliwangi No. 74 RT 02/RW 03, Pengasinan, Sawangan, Kota Depok', '081556780042', NULL, '2026-06-29 02:13:07', '2026-06-29 02:13:07'),
(253, 131, '6878969597', 'Mahesa Setiawan', 'L', 'Jl. Sawangan Raya No. 142 RT 11/RW 07, Kukusan, Beji, Kota Depok', '089858231490', NULL, '2026-06-29 02:13:07', '2026-06-29 02:13:07'),
(254, 131, '3946163243', 'Rini Lubis', 'P', 'Jl. Kelapa Dua Raya No. 144 RT 09/RW 08, Cisalak Pasar, Sukmajaya, Kota Depok', '082329449303', NULL, '2026-06-29 02:13:07', '2026-06-29 02:13:07'),
(255, 133, '8142373709', 'Bella Sembiring', 'P', 'Jl. Raya Bogor No. 54 RT 04/RW 07, Bedahan, Sawangan, Kota Depok', '089609959307', NULL, '2026-06-29 02:13:07', '2026-06-29 02:13:07'),
(256, 133, '6679645618', 'Silvia Manurung', 'P', 'Jl. Tugu Raya No. 45 RT 02/RW 03, Pangkalan Jati Baru, Cinere, Kota Depok', '087822124414', NULL, '2026-06-29 02:13:07', '2026-06-29 02:13:07'),
(257, 133, '3189988143', 'Akbar Nainggolan', 'L', 'Jl. Diponegoro No. 101 RT 05/RW 07, Rangkapan Jaya, Pancoran Mas, Kota Depok', '089625592296', NULL, '2026-06-29 02:13:07', '2026-06-29 02:13:07'),
(258, 133, '8572355995', 'Adinda Lubis', 'P', 'Jl. Cisalak Raya No. 90 RT 01/RW 06, Curug, Kelapa Dua, Kota Depok', '085848358345', NULL, '2026-06-29 02:13:07', '2026-06-29 02:13:07'),
(259, 133, '5036339936', 'Rafi Nainggolan', 'L', 'Jl. Kartini No. 86 RT 07/RW 07, Sukamaju, Sukmajaya, Kota Depok', '085105945307', NULL, '2026-06-29 02:13:07', '2026-06-29 02:13:07'),
(260, 133, '2092382735', 'Yusuf Putri Simanjuntak', 'L', 'Jl. Melati No. 89 RT 09/RW 08, Curug, Kelapa Dua, Kota Depok', '085323246636', NULL, '2026-06-29 02:13:07', '2026-06-29 02:13:07'),
(261, 133, '6202996407', 'Hanif Sukma', 'L', 'Jl. Margonda Raya No. 85 RT 01/RW 03, Gandul, Cinere, Kota Depok', '089683072540', NULL, '2026-06-29 02:13:07', '2026-06-29 02:13:07'),
(262, 133, '5784866855', 'Rizal Santika', 'L', 'Jl. Diponegoro No. 22 RT 02/RW 05, Depok Jaya, Pancoran Mas, Kota Depok', '087755372708', NULL, '2026-06-29 02:13:07', '2026-06-29 02:13:07'),
(263, 133, '1966600943', 'Arisandi Rahayu', 'L', 'Jl. Siliwangi No. 141 RT 12/RW 04, Sukamaju Baru, Kelapa Dua, Kota Depok', '085727745227', NULL, '2026-06-29 02:13:07', '2026-06-29 02:13:07'),
(264, 133, '9358240252', 'Yeni Sari', 'P', 'Jl. Raya Parung No. 96 RT 04/RW 03, Mekarsari, Cimanggis, Kota Depok', '085639803662', NULL, '2026-06-29 02:13:07', '2026-06-29 02:13:07'),
(265, 133, '8219994092', 'Fauzia Danu Wijaya', 'P', 'Jl. Mawar No. 58 RT 04/RW 02, Pondok Cina, Beji, Kota Depok', '085169410977', NULL, '2026-06-29 02:13:07', '2026-06-29 02:13:07'),
(266, 133, '5689584274', 'Novia Citra Hasanah', 'P', 'Jl. Dahlia No. 38 RT 03/RW 03, Mampang, Pancoran Mas, Kota Depok', '089866024190', NULL, '2026-06-29 02:13:07', '2026-06-29 02:13:07'),
(267, 133, '9658121252', 'Arisandi Setiawan', 'L', 'Jl. Raya Bogor No. 22 RT 08/RW 04, Limo, Limo, Kota Depok', '085735102627', NULL, '2026-06-29 02:13:07', '2026-06-29 02:13:07'),
(268, 133, '2768977918', 'Faris Indah Subagyo', 'L', 'Jl. Raya Cibubur No. 2 RT 05/RW 01, Bojong Sari, Bojong Sari, Kota Depok', '087732002904', NULL, '2026-06-29 02:13:07', '2026-06-29 02:13:07'),
(269, 133, '3983833917', 'Zahra Nainggolan', 'P', 'Jl. Limo Raya No. 135 RT 11/RW 06, Cinere, Cinere, Kota Depok', '081593504269', NULL, '2026-06-29 02:13:07', '2026-06-29 02:13:07'),
(270, 133, '9253426373', 'Hadi Nainggolan', 'L', 'Jl. Margonda Raya No. 53 RT 03/RW 04, Rangkapan Jaya, Pancoran Mas, Kota Depok', '087751745383', NULL, '2026-06-29 02:13:07', '2026-06-29 02:13:07'),
(271, 133, '8763688741', 'Yogi Setiawan', 'L', 'Jl. Sawangan Raya No. 43 RT 15/RW 05, Depok Jaya, Pancoran Mas, Kota Depok', '081178138387', NULL, '2026-06-29 02:13:07', '2026-06-29 02:13:07'),
(272, 133, '6528161507', 'Haris Fitri Wijaya', 'L', 'Jl. Tapos Raya No. 99 RT 04/RW 06, Kelapa Dua, Kelapa Dua, Kota Depok', '081748227722', NULL, '2026-06-29 02:13:07', '2026-06-29 02:13:07'),
(273, 133, '1730785900', 'Hanif Budi Setiawan', 'L', 'Jl. Pahlawan No. 39 RT 11/RW 06, Jatijajar, Tapos, Kota Depok', '085236140424', NULL, '2026-06-29 02:13:07', '2026-06-29 02:13:07'),
(274, 133, '7859083120', 'Ferdi Bagas Firdaus', 'L', 'Jl. Raya Citayam No. 90 RT 10/RW 02, Kelapa Dua, Kelapa Dua, Kota Depok', '082151588624', NULL, '2026-06-29 02:13:07', '2026-06-29 02:13:07'),
(275, 133, '7406643620', 'Nadhira Rahmawati', 'P', 'Jl. Proklamasi No. 55 RT 09/RW 08, Pondok Cina, Beji, Kota Depok', '085296037175', NULL, '2026-06-29 02:13:07', '2026-06-29 02:13:07'),
(276, 133, '5091863672', 'Haikal Simanullang', 'L', 'Jl. Ahmad Yani No. 83 RT 08/RW 06, Cipayung Jaya, Cipayung, Kota Depok', '081534063655', NULL, '2026-06-29 02:13:07', '2026-06-29 02:13:07'),
(277, 133, '5168850125', 'Mohammad Firdaus', 'L', 'Jl. Imam Bonjol No. 145 RT 15/RW 04, Pondok Jaya, Bojong Sari, Kota Depok', '089625013594', NULL, '2026-06-29 02:13:07', '2026-06-29 02:13:07'),
(278, 133, '4807180971', 'Septian Sembiring', 'L', 'Jl. Ahmad Yani No. 92 RT 02/RW 06, Curug, Kelapa Dua, Kota Depok', '081771814568', NULL, '2026-06-29 02:13:07', '2026-06-29 02:13:07'),
(279, 133, '7360370513', 'Nurhidayat Agung Sari', 'L', 'Jl. Ahmad Yani No. 145 RT 04/RW 08, Kukusan, Beji, Kota Depok', '081502453177', NULL, '2026-06-29 02:13:07', '2026-06-29 02:13:07'),
(280, 133, '2457602518', 'Cahya Ayu Sanjaya', 'L', 'Jl. H. Djuanda No. 13 RT 15/RW 06, Pondok Cina, Beji, Kota Depok', '085858514529', NULL, '2026-06-29 02:13:07', '2026-06-29 02:13:07'),
(281, 133, '1118804389', 'Isnaini Galih Saputra', 'P', 'Jl. Kenanga No. 69 RT 09/RW 07, Jatijajar, Tapos, Kota Depok', '082385777554', NULL, '2026-06-29 02:13:07', '2026-06-29 02:13:07'),
(282, 133, '6470034765', 'Ahmad Jaya Lestari', 'L', 'Jl. Pajajaran No. 127 RT 07/RW 06, Grogol, Limo, Kota Depok', '081660244131', NULL, '2026-06-29 02:13:07', '2026-06-29 02:13:07'),
(283, 133, '8931051570', 'Soni Galih Tarigan', 'L', 'Jl. Mawar No. 68 RT 11/RW 05, Cimpaeun, Tapos, Kota Depok', '085717436881', NULL, '2026-06-29 02:13:07', '2026-06-29 02:13:07'),
(284, 133, '1257942800', 'Danu Wahyuni', 'L', 'Jl. Sukmajaya Raya No. 33 RT 07/RW 07, Bojong Pondok Terong, Cipayung, Kota Depok', '089764435380', NULL, '2026-06-29 02:13:07', '2026-06-29 02:13:07'),
(285, 133, '1869601541', 'Galang Santoso', 'L', 'Jl. Ahmad Yani No. 112 RT 05/RW 01, Pasir Gunung Selatan, Cimanggis, Kota Depok', '085791853428', NULL, '2026-06-29 02:13:07', '2026-06-29 02:13:07'),
(286, 133, '8718531104', 'Aini Permata Sukma', 'P', 'Jl. Raya Citayam No. 20 RT 05/RW 08, Grogol, Limo, Kota Depok', '089805657990', NULL, '2026-06-29 02:13:07', '2026-06-29 02:13:07'),
(287, 133, '9348165687', 'Amir Panjaitan', 'L', 'Jl. Sawangan Raya No. 31 RT 11/RW 06, Cipayung Jaya, Cipayung, Kota Depok', '085883139232', NULL, '2026-06-29 02:13:07', '2026-06-29 02:13:07'),
(288, 134, '5937930603', 'Selvi Sembiring', 'P', 'Jl. Diponegoro No. 10 RT 04/RW 03, Kelapa Dua, Kelapa Dua, Kota Depok', '082349335576', NULL, '2026-06-29 02:13:07', '2026-06-29 02:13:07'),
(289, 134, '4408851345', 'Ayu Eka Rahmawati', 'P', 'Jl. Sukmajaya Raya No. 57 RT 10/RW 01, Bojong Sari Baru, Bojong Sari, Kota Depok', '085107641051', NULL, '2026-06-29 02:13:07', '2026-06-29 02:13:07'),
(290, 134, '1429886462', 'Andika Lestari Hakim', 'L', 'Jl. Kartini No. 113 RT 11/RW 05, Baktijaya, Sukmajaya, Kota Depok', '089757944877', NULL, '2026-06-29 02:13:07', '2026-06-29 02:13:07'),
(291, 134, '6455548206', 'Lisa Kurnia Sudrajat', 'P', 'Jl. Pajajaran No. 63 RT 10/RW 08, Kukusan, Beji, Kota Depok', '085710222148', NULL, '2026-06-29 02:13:07', '2026-06-29 02:13:07'),
(292, 134, '5977134172', 'Aini Putra', 'P', 'Jl. Dahlia No. 24 RT 09/RW 06, Harjamukti, Cimanggis, Kota Depok', '081765055916', NULL, '2026-06-29 02:13:07', '2026-06-29 02:13:07'),
(293, 134, '2700267213', 'Febri Setiawan', 'L', 'Jl. Kenanga No. 5 RT 08/RW 06, Pasir Gunung Selatan, Cimanggis, Kota Depok', '087837288110', NULL, '2026-06-29 02:13:07', '2026-06-29 02:13:07'),
(294, 134, '7948621468', 'Tri Situmorang', 'L', 'Jl. Melati No. 123 RT 04/RW 02, Baktijaya, Sukmajaya, Kota Depok', '089653201516', NULL, '2026-06-29 02:13:07', '2026-06-29 02:13:07'),
(295, 134, '6665865757', 'Sekar Susanto', 'P', 'Jl. Flamboyan No. 44 RT 06/RW 08, Meruyung, Limo, Kota Depok', '087824597792', NULL, '2026-06-29 02:13:07', '2026-06-29 02:13:07'),
(296, 134, '4480379947', 'Fauzia Hakim', 'P', 'Jl. Sawangan Raya No. 60 RT 02/RW 06, Meruyung, Limo, Kota Depok', '089636286084', NULL, '2026-06-29 02:13:07', '2026-06-29 02:13:07'),
(297, 134, '9010719791', 'Rizka Sudrajat', 'P', 'Jl. Kartini No. 60 RT 12/RW 01, Cimpaeun, Tapos, Kota Depok', '085322789364', NULL, '2026-06-29 02:13:07', '2026-06-29 02:13:07'),
(298, 134, '8991725172', 'Bima Ningrum', 'L', 'Jl. Proklamasi No. 49 RT 01/RW 07, Limo, Limo, Kota Depok', '081148146819', NULL, '2026-06-29 02:13:07', '2026-06-29 02:13:07');
INSERT INTO `tbl_siswa` (`id_siswa`, `id_kelas`, `nisn`, `nama_siswa`, `jenis_kelamin`, `alamat`, `no_hp`, `foto`, `created_at`, `updated_at`) VALUES
(299, 134, '2621143329', 'Intan Bagas Wati', 'P', 'Jl. Raya Bogor No. 7 RT 12/RW 02, Rangkapan Jaya, Pancoran Mas, Kota Depok', '081155982507', NULL, '2026-06-29 02:13:07', '2026-06-29 02:13:07'),
(300, 134, '5555343734', 'Lisa Suryadi', 'P', 'Jl. Raya Sawangan No. 74 RT 10/RW 05, Kelapa Dua, Kelapa Dua, Kota Depok', '081597370902', NULL, '2026-06-29 02:13:07', '2026-06-29 02:13:07'),
(301, 134, '2367978342', 'Bella Jaya Hutabarat', 'P', 'Jl. Seroja No. 150 RT 15/RW 08, Sawangan Baru, Sawangan, Kota Depok', '081599743594', NULL, '2026-06-29 02:13:07', '2026-06-29 02:13:07'),
(302, 134, '5898647599', 'Amelia Citra Santoso', 'P', 'Jl. Beji Raya No. 18 RT 08/RW 01, Kukusan, Beji, Kota Depok', '082264600962', NULL, '2026-06-29 02:13:07', '2026-06-29 02:13:07'),
(303, 134, '6523642873', 'Anggi Rahayu Manurung', 'P', 'Jl. Pajajaran No. 10 RT 13/RW 05, Pancoran Mas, Pancoran Mas, Kota Depok', '085153155310', NULL, '2026-06-29 02:13:07', '2026-06-29 02:13:07'),
(304, 134, '6056641854', 'Bunga Cahyo Ramadhan', 'P', 'Jl. Mawar No. 67 RT 07/RW 08, Beji, Beji, Kota Depok', '085640439432', NULL, '2026-06-29 02:13:07', '2026-06-29 02:13:07'),
(305, 134, '2063164933', 'Fathan Tri Nuraini', 'L', 'Jl. Cemara No. 40 RT 15/RW 07, Tapos, Tapos, Kota Depok', '085269025485', NULL, '2026-06-29 02:13:07', '2026-06-29 02:13:07'),
(306, 134, '8473688360', 'Luthfia Permana', 'P', 'Jl. Proklamasi No. 49 RT 12/RW 04, Tonjong, Bojong Sari, Kota Depok', '081157555289', NULL, '2026-06-29 02:13:07', '2026-06-29 02:13:07'),
(307, 134, '1088267932', 'Yuli Wahyu Ginting', 'P', 'Jl. Cinere Raya No. 62 RT 03/RW 05, Curug, Cimanggis, Kota Depok', '081683945352', NULL, '2026-06-29 02:13:07', '2026-06-29 02:13:07'),
(308, 134, '9458591909', 'Gita Ivan Permana', 'P', 'Jl. Kenanga No. 4 RT 09/RW 07, Mekarsari, Cimanggis, Kota Depok', '081194266718', NULL, '2026-06-29 02:13:07', '2026-06-29 02:13:07'),
(309, 134, '2739979777', 'Diah Tri Wahyuni', 'P', 'Jl. Pajajaran No. 128 RT 06/RW 02, Sawangan Baru, Sawangan, Kota Depok', '081200510756', NULL, '2026-06-29 02:13:07', '2026-06-29 02:13:07'),
(310, 134, '2882450592', 'Kartika Kusuma Anggraini', 'P', 'Jl. Dahlia No. 36 RT 01/RW 01, Depok Jaya, Pancoran Mas, Kota Depok', '081148651090', NULL, '2026-06-29 02:13:07', '2026-06-29 02:13:07'),
(311, 134, '1546515696', 'Rahma Kusuma', 'P', 'Jl. Tugu Raya No. 51 RT 11/RW 01, Sukamaju, Sukmajaya, Kota Depok', '085841797778', NULL, '2026-06-29 02:13:07', '2026-06-29 02:13:07'),
(312, 134, '5724539714', 'Farida Ramadhan', 'P', 'Jl. Mawar No. 15 RT 14/RW 05, Kelapa Dua, Kelapa Dua, Kota Depok', '085251199126', NULL, '2026-06-29 02:13:07', '2026-06-29 02:13:07'),
(313, 134, '5708249903', 'Siska Eka Yusuf', 'P', 'Jl. H. Djuanda No. 142 RT 12/RW 07, Abadijaya, Sukmajaya, Kota Depok', '085359967571', NULL, '2026-06-29 02:13:07', '2026-06-29 02:13:07'),
(314, 134, '2168627086', 'Arif Sari Fitriani', 'L', 'Jl. H. Djuanda No. 18 RT 01/RW 05, Pengasinan, Sawangan, Kota Depok', '085377967390', NULL, '2026-06-29 02:13:07', '2026-06-29 02:13:07'),
(315, 134, '1570313063', 'Siti Cahyo Wahyuni', 'P', 'Jl. Ahmad Yani No. 48 RT 08/RW 04, Cilangkap, Tapos, Kota Depok', '089836797596', NULL, '2026-06-29 02:13:07', '2026-06-29 02:13:07'),
(316, 134, '6456549554', 'Amelia Purba', 'P', 'Jl. Raya Cibubur No. 35 RT 04/RW 07, Meruyung, Limo, Kota Depok', '081649163260', NULL, '2026-06-29 02:13:07', '2026-06-29 02:13:07'),
(317, 134, '9872640868', 'Nilam Sinambela', 'P', 'Jl. Raya Parung No. 66 RT 02/RW 05, Serua, Bojong Sari, Kota Depok', '081641521946', NULL, '2026-06-29 02:13:07', '2026-06-29 02:13:07'),
(318, 134, '8379172606', 'Faisal Tri Tarigan', 'L', 'Jl. Merdeka No. 133 RT 14/RW 08, Jatijajar, Tapos, Kota Depok', '089854551097', NULL, '2026-06-29 02:13:07', '2026-06-29 02:13:07'),
(319, 134, '5714021511', 'Eva Bagas Setiawan', 'P', 'Jl. Kenanga No. 50 RT 02/RW 08, Duren Seribu, Sawangan, Kota Depok', '085323922833', NULL, '2026-06-29 02:13:07', '2026-06-29 02:13:07'),
(320, 134, '1361367654', 'Nurfitri Indah Hutabarat', 'P', 'Jl. H. Djuanda No. 57 RT 13/RW 02, Cinere, Cinere, Kota Depok', '081138836492', NULL, '2026-06-29 02:13:07', '2026-06-29 02:13:07'),
(321, 135, '3538605359', 'Annisa Suranta', 'P', 'Jl. Raya Cibubur No. 65 RT 08/RW 03, Pasir Gunung Selatan, Cimanggis, Kota Depok', '089855512281', NULL, '2026-06-29 02:13:07', '2026-06-29 02:13:07'),
(322, 135, '9904845045', 'Rita Tri Simanullang', 'P', 'Jl. Pahlawan No. 17 RT 11/RW 08, Limo, Limo, Kota Depok', '081778250539', NULL, '2026-06-29 02:13:07', '2026-06-29 02:13:07'),
(323, 135, '1912580891', 'Robi Hendra Haryanto', 'L', 'Jl. Sawangan Raya No. 15 RT 10/RW 02, Harjamukti, Cimanggis, Kota Depok', '089643458813', NULL, '2026-06-29 02:13:07', '2026-06-29 02:13:07'),
(324, 135, '6989686319', 'Nanda Hasanah', 'L', 'Jl. Merdeka No. 140 RT 07/RW 07, Tirtajaya, Sukmajaya, Kota Depok', '085396988265', NULL, '2026-06-29 02:13:07', '2026-06-29 02:13:07'),
(325, 135, '9980125828', 'Adinda Kusuma', 'P', 'Jl. Flamboyan No. 83 RT 14/RW 05, Pengasinan, Sawangan, Kota Depok', '081603218167', NULL, '2026-06-29 02:13:07', '2026-06-29 02:13:07'),
(326, 135, '9917852302', 'Dara Maulana', 'P', 'Jl. Cemara No. 97 RT 07/RW 06, Bojong Pondok Terong, Cipayung, Kota Depok', '085738573613', NULL, '2026-06-29 02:13:07', '2026-06-29 02:13:07'),
(327, 135, '1029390550', 'Tika Simbolon', 'P', 'Jl. Raya Sawangan No. 107 RT 12/RW 01, Pondok Cina, Beji, Kota Depok', '081616848914', NULL, '2026-06-29 02:13:07', '2026-06-29 02:13:07'),
(328, 135, '6321912480', 'Wulan Ayu Wahyuni', 'P', 'Jl. Sukmajaya Raya No. 144 RT 07/RW 07, Pangkalan Jati Baru, Cinere, Kota Depok', '089719845688', NULL, '2026-06-29 02:13:07', '2026-06-29 02:13:07'),
(329, 135, '7362253354', 'Dewi Susanto', 'P', 'Jl. Imam Bonjol No. 106 RT 13/RW 02, Cisalak, Cimanggis, Kota Depok', '082393794736', NULL, '2026-06-29 02:13:07', '2026-06-29 02:13:07'),
(330, 135, '7242848509', 'Devi Kusuma', 'P', 'Jl. Siliwangi No. 81 RT 05/RW 07, Mampang, Pancoran Mas, Kota Depok', '087895252540', NULL, '2026-06-29 02:13:07', '2026-06-29 02:13:07'),
(331, 135, '4720815530', 'Diah Permana', 'P', 'Jl. Raya Cibubur No. 123 RT 01/RW 01, Sawangan Baru, Sawangan, Kota Depok', '082175915032', NULL, '2026-06-29 02:13:07', '2026-06-29 02:13:07'),
(332, 135, '8200642701', 'Lina Prabowo', 'P', 'Jl. Dahlia No. 46 RT 06/RW 03, Cinangka, Sawangan, Kota Depok', '081375205884', NULL, '2026-06-29 02:13:07', '2026-06-29 02:13:07'),
(333, 135, '4141763441', 'Nabila Aldi Sudrajat', 'P', 'Jl. Sawangan Raya No. 122 RT 14/RW 01, Beji Timur, Beji, Kota Depok', '081635891816', NULL, '2026-06-29 02:13:07', '2026-06-29 02:13:07'),
(334, 135, '6367797763', 'Hani Ningrum', 'P', 'Jl. Gatot Subroto No. 69 RT 05/RW 04, Rangkapan Jaya, Pancoran Mas, Kota Depok', '082140905955', NULL, '2026-06-29 02:13:07', '2026-06-29 02:13:07'),
(335, 135, '2244828689', 'Wicaksono Manurung', 'L', 'Jl. Cipayung Raya No. 144 RT 04/RW 08, Mampang, Pancoran Mas, Kota Depok', '082197415577', NULL, '2026-06-29 02:13:07', '2026-06-29 02:13:07'),
(336, 135, '5339894695', 'Siska Wahyu Saputra', 'P', 'Jl. Merdeka No. 102 RT 08/RW 08, Bojong Sari Baru, Bojong Sari, Kota Depok', '081381849241', NULL, '2026-06-29 02:13:07', '2026-06-29 02:13:07'),
(337, 135, '6707875369', 'Wulan Lestari Firdaus', 'P', 'Jl. Cinere Raya No. 85 RT 12/RW 04, Mampang, Pancoran Mas, Kota Depok', '085704811773', NULL, '2026-06-29 02:13:07', '2026-06-29 02:13:07'),
(338, 135, '5616531548', 'Dian Sembiring', 'P', 'Jl. Kenanga No. 49 RT 09/RW 03, Tonjong, Bojong Sari, Kota Depok', '081749898042', NULL, '2026-06-29 02:13:07', '2026-06-29 02:13:07'),
(339, 135, '1063413405', 'Nurhidayat Putra', 'L', 'Jl. Tapos Raya No. 125 RT 04/RW 05, Sukatani, Tapos, Kota Depok', '085219539619', NULL, '2026-06-29 02:13:07', '2026-06-29 02:13:07'),
(340, 135, '7158207699', 'Dafa Sari Tarigan', 'L', 'Jl. Kartini No. 148 RT 03/RW 05, Duren Seribu, Sawangan, Kota Depok', '081576981510', NULL, '2026-06-29 02:13:07', '2026-06-29 02:13:07'),
(341, 135, '3696494311', 'Zahra Jaya Manurung', 'P', 'Jl. Raya Citayam No. 45 RT 06/RW 05, Leuwinanggung, Tapos, Kota Depok', '085207969478', NULL, '2026-06-29 02:13:07', '2026-06-29 02:13:07'),
(342, 135, '2870021863', 'Melani Permana', 'P', 'Jl. Sukmajaya Raya No. 119 RT 05/RW 02, Pasir Gunung Selatan, Cimanggis, Kota Depok', '081348690307', NULL, '2026-06-29 02:13:07', '2026-06-29 02:13:07'),
(343, 135, '9051409864', 'Nina Maulida Wahyuni', 'P', 'Jl. Siliwangi No. 21 RT 08/RW 02, Krukut, Limo, Kota Depok', '081108703109', NULL, '2026-06-29 02:13:07', '2026-06-29 02:13:07'),
(344, 135, '8922765489', 'Siti Danu Wahyuni', 'P', 'Jl. Anggrek No. 67 RT 11/RW 03, Pengasinan, Sawangan, Kota Depok', '085826872816', NULL, '2026-06-29 02:13:07', '2026-06-29 02:13:07'),
(345, 135, '6565209453', 'Melisa Fadli Napitupulu', 'P', 'Jl. Kartini No. 80 RT 12/RW 01, Cilangkap, Tapos, Kota Depok', '089763893034', NULL, '2026-06-29 02:13:07', '2026-06-29 02:13:07'),
(346, 135, '7373353717', 'Rangga Simbolon', 'L', 'Jl. Raya Cibubur No. 111 RT 09/RW 03, Pancoran Mas, Pancoran Mas, Kota Depok', '089716514891', NULL, '2026-06-29 02:13:07', '2026-06-29 02:13:07'),
(347, 135, '4498343697', 'Agus Kurnia Wahyuni', 'L', 'Jl. Beji Raya No. 100 RT 14/RW 07, Leuwinanggung, Tapos, Kota Depok', '082129883468', NULL, '2026-06-29 02:13:07', '2026-06-29 02:13:07'),
(348, 135, '9429376086', 'Mawar Sudrajat', 'P', 'Jl. Raya Depok No. 90 RT 08/RW 08, Bojong Pondok Terong, Cipayung, Kota Depok', '082255868691', NULL, '2026-06-29 02:13:07', '2026-06-29 02:13:07'),
(349, 135, '8949710258', 'Rahayu Simbolon', 'P', 'Jl. Cinere Raya No. 48 RT 02/RW 06, Ratujaya, Cipayung, Kota Depok', '085801684293', NULL, '2026-06-29 02:13:07', '2026-06-29 02:13:07'),
(350, 135, '3896484697', 'Siti Manurung', 'P', 'Jl. Raya Citayam No. 9 RT 04/RW 02, Sukamaju Baru, Kelapa Dua, Kota Depok', '082111794480', NULL, '2026-06-29 02:13:07', '2026-06-29 02:13:07'),
(351, 135, '8561703216', 'Mawar Yulia Purba', 'P', 'Jl. Melati No. 87 RT 04/RW 04, Duren Seribu, Sawangan, Kota Depok', '081607163161', NULL, '2026-06-29 02:13:07', '2026-06-29 02:13:07'),
(352, 135, '7067283279', 'Siska Kusuma', 'P', 'Jl. Flamboyan No. 12 RT 02/RW 06, Kelapa Dua, Kelapa Dua, Kota Depok', '081598913290', NULL, '2026-06-29 02:13:07', '2026-06-29 02:13:07'),
(353, 135, '4159774584', 'Nadya Purba', 'P', 'Jl. Kelapa Dua Raya No. 86 RT 15/RW 08, Jatijajar, Tapos, Kota Depok', '085726397771', NULL, '2026-06-29 02:13:07', '2026-06-29 02:13:07'),
(354, 135, '5688393422', 'Nur Hutabarat', 'L', 'Jl. Kartini No. 121 RT 02/RW 06, Sukatani, Tapos, Kota Depok', '081593415643', NULL, '2026-06-29 02:13:07', '2026-06-29 02:13:07'),
(355, 136, '5176286322', 'Agnes Rahayu', 'P', 'Jl. Cempaka No. 142 RT 15/RW 07, Kukusan, Beji, Kota Depok', '087802513428', NULL, '2026-06-29 02:13:07', '2026-06-29 02:13:07'),
(356, 136, '5621309922', 'Luthfia Setiawan', 'P', 'Jl. Anggrek No. 140 RT 14/RW 03, Tugu, Cimanggis, Kota Depok', '085601593132', NULL, '2026-06-29 02:13:07', '2026-06-29 02:13:07'),
(357, 136, '9439109459', 'Silvia Lubis', 'P', 'Jl. Raya Sawangan No. 22 RT 10/RW 04, Pangkalan Jati, Cinere, Kota Depok', '085289234383', NULL, '2026-06-29 02:13:07', '2026-06-29 02:13:07'),
(358, 136, '1154348472', 'Bagas Nasution', 'L', 'Jl. Dahlia No. 100 RT 03/RW 03, Krukut, Limo, Kota Depok', '085256019335', NULL, '2026-06-29 02:13:07', '2026-06-29 02:13:07'),
(359, 136, '2700334455', 'Saiful Kurnia Susanto', 'L', 'Jl. Pajajaran No. 72 RT 08/RW 04, Tugu, Cimanggis, Kota Depok', '081192419620', NULL, '2026-06-29 02:13:07', '2026-06-29 02:13:07'),
(360, 136, '9186118825', 'Fajar Setiawan', 'L', 'Jl. Flamboyan No. 145 RT 02/RW 04, Beji Timur, Beji, Kota Depok', '089785619819', NULL, '2026-06-29 02:13:07', '2026-06-29 02:13:07'),
(361, 136, '5342296655', 'Sigit Lubis', 'L', 'Jl. Diponegoro No. 72 RT 12/RW 04, Duren Seribu, Sawangan, Kota Depok', '089871042347', NULL, '2026-06-29 02:13:07', '2026-06-29 02:13:07'),
(362, 136, '1086305766', 'Rangga Hakim', 'L', 'Jl. Nusantara No. 23 RT 10/RW 08, Cisalak, Cimanggis, Kota Depok', '085609563454', NULL, '2026-06-29 02:13:07', '2026-06-29 02:13:07'),
(363, 136, '3317338349', 'Danu Saputra', 'L', 'Jl. Sukmajaya Raya No. 64 RT 11/RW 04, Baktijaya, Sukmajaya, Kota Depok', '089856300910', NULL, '2026-06-29 02:13:07', '2026-06-29 02:13:07'),
(364, 136, '9465615455', 'Intan Tri Nuraini', 'P', 'Jl. Sukmajaya Raya No. 147 RT 11/RW 06, Curug, Kelapa Dua, Kota Depok', '085236725547', NULL, '2026-06-29 02:13:07', '2026-06-29 02:13:07'),
(365, 136, '7544412619', 'Arman Putra', 'L', 'Jl. Nusantara No. 40 RT 02/RW 07, Krukut, Limo, Kota Depok', '089890488034', NULL, '2026-06-29 02:13:07', '2026-06-29 02:13:07'),
(366, 136, '6347735724', 'Eko Galih Rahayu', 'L', 'Jl. Sukmajaya Raya No. 133 RT 06/RW 01, Cilangkap, Tapos, Kota Depok', '087852089170', NULL, '2026-06-29 02:13:07', '2026-06-29 02:13:07'),
(367, 136, '7428524358', 'Rangga Kurnia Ningrum', 'L', 'Jl. Cisalak Raya No. 50 RT 03/RW 07, Cipayung, Cipayung, Kota Depok', '082170689115', NULL, '2026-06-29 02:13:07', '2026-06-29 02:13:07'),
(368, 136, '4400240375', 'Zahra Fitriani', 'P', 'Jl. Sukmajaya Raya No. 28 RT 12/RW 02, Pasir Gunung Selatan, Cimanggis, Kota Depok', '081671009208', NULL, '2026-06-29 02:13:07', '2026-06-29 02:13:07'),
(369, 136, '4014103733', 'Ilham Nur Haryanto', 'L', 'Jl. Beji Raya No. 96 RT 12/RW 08, Grogol, Limo, Kota Depok', '082142155228', NULL, '2026-06-29 02:13:07', '2026-06-29 02:13:07'),
(370, 136, '2014445449', 'Dwi Kusuma Firdaus', 'L', 'Jl. Margonda Raya No. 21 RT 05/RW 03, Limo, Limo, Kota Depok', '081160681611', NULL, '2026-06-29 02:13:07', '2026-06-29 02:13:07'),
(371, 136, '4120232854', 'Farida Sukma', 'P', 'Jl. Proklamasi No. 5 RT 15/RW 04, Meruyung, Limo, Kota Depok', '082150952833', NULL, '2026-06-29 02:13:07', '2026-06-29 02:13:07'),
(372, 136, '5281370324', 'Amanda Hutabarat', 'P', 'Jl. Pajajaran No. 16 RT 15/RW 04, Rangkapan Jaya, Pancoran Mas, Kota Depok', '085387121219', NULL, '2026-06-29 02:13:07', '2026-06-29 02:13:07'),
(373, 136, '1192811815', 'Zara Sari', 'P', 'Jl. Pahlawan No. 8 RT 12/RW 02, Jatijajar, Tapos, Kota Depok', '081770148024', NULL, '2026-06-29 02:13:07', '2026-06-29 02:13:07'),
(374, 136, '7533368637', 'Nia Santoso', 'P', 'Jl. Raya Parung No. 79 RT 15/RW 02, Mampang, Pancoran Mas, Kota Depok', '085674258738', NULL, '2026-06-29 02:13:07', '2026-06-29 02:13:07'),
(375, 136, '7791735714', 'Mawar Susanto', 'P', 'Jl. Tapos Raya No. 122 RT 09/RW 02, Beji, Beji, Kota Depok', '082382845113', NULL, '2026-06-29 02:13:07', '2026-06-29 02:13:07'),
(376, 136, '1320176107', 'Fathan Rahmawati', 'L', 'Jl. Seroja No. 23 RT 12/RW 02, Pangkalan Jati, Cinere, Kota Depok', '087779286520', NULL, '2026-06-29 02:13:07', '2026-06-29 02:13:07'),
(377, 136, '4860888100', 'Fitriani Simanjuntak', 'P', 'Jl. Seroja No. 34 RT 01/RW 07, Cilangkap, Tapos, Kota Depok', '081295112297', NULL, '2026-06-29 02:13:07', '2026-06-29 02:13:07'),
(378, 136, '2209062678', 'Hani Bagas Firdaus', 'P', 'Jl. Raya Depok No. 64 RT 15/RW 08, Kelapa Dua, Kelapa Dua, Kota Depok', '082111558531', NULL, '2026-06-29 02:13:08', '2026-06-29 02:13:08'),
(379, 136, '9923679343', 'Sari Putri Subagyo', 'P', 'Jl. Ahmad Yani No. 38 RT 07/RW 06, Meruyung, Limo, Kota Depok', '089625265298', NULL, '2026-06-29 02:13:08', '2026-06-29 02:13:08'),
(380, 136, '6155373420', 'Budi Suryadi', 'L', 'Jl. Ahmad Yani No. 71 RT 08/RW 01, Harjamukti, Cimanggis, Kota Depok', '085676041251', NULL, '2026-06-29 02:13:08', '2026-06-29 02:13:08'),
(381, 136, '1561819920', 'Dewi Sinambela', 'P', 'Jl. Pahlawan No. 94 RT 14/RW 03, Sukamaju Baru, Kelapa Dua, Kota Depok', '087852225860', NULL, '2026-06-29 02:13:08', '2026-06-29 02:13:08'),
(382, 136, '2816998050', 'Adi Simanjuntak', 'L', 'Jl. Tapos Raya No. 141 RT 12/RW 01, Pangkalan Jati, Cinere, Kota Depok', '085894181085', NULL, '2026-06-29 02:13:08', '2026-06-29 02:13:08'),
(383, 136, '7325037179', 'Rahmawati Subagyo', 'P', 'Jl. Anggrek No. 16 RT 06/RW 03, Bedahan, Sawangan, Kota Depok', '085242328603', NULL, '2026-06-29 02:13:08', '2026-06-29 02:13:08'),
(384, 136, '7407954178', 'Melani Rahayu', 'P', 'Jl. Raya Cibubur No. 31 RT 15/RW 08, Bojong Sari Baru, Bojong Sari, Kota Depok', '082362159686', NULL, '2026-06-29 02:13:08', '2026-06-29 02:13:08'),
(385, 136, '1699023916', 'Diah Haryanto', 'P', 'Jl. Sukmajaya Raya No. 143 RT 15/RW 08, Pondok Cina, Beji, Kota Depok', '085314389963', NULL, '2026-06-29 02:13:08', '2026-06-29 02:13:08'),
(386, 136, '2876894960', 'Laila Anggraini', 'P', 'Jl. Cempaka No. 133 RT 04/RW 06, Pengasinan, Sawangan, Kota Depok', '082356257077', NULL, '2026-06-29 02:13:08', '2026-06-29 02:13:08'),
(387, 136, '1686517834', 'Nurfitri Eka Nainggolan', 'P', 'Jl. Ahmad Yani No. 92 RT 06/RW 05, Bojong Sari, Bojong Sari, Kota Depok', '081754637008', NULL, '2026-06-29 02:13:08', '2026-06-29 02:13:08'),
(388, 137, '2379733799', 'Arya Putri Dewi', 'L', 'Jl. Tapos Raya No. 113 RT 02/RW 06, Krukut, Limo, Kota Depok', '085617921795', NULL, '2026-06-29 02:13:08', '2026-06-29 02:13:08'),
(389, 137, '3925648568', 'Agnes Firdaus', 'P', 'Jl. Anggrek No. 133 RT 05/RW 08, Mampang, Pancoran Mas, Kota Depok', '085269919889', NULL, '2026-06-29 02:13:08', '2026-06-29 02:13:08'),
(390, 137, '4358917486', 'Haikal Situmorang', 'L', 'Jl. Raya Bogor No. 34 RT 06/RW 05, Meruyung, Limo, Kota Depok', '087772894411', NULL, '2026-06-29 02:13:08', '2026-06-29 02:13:08'),
(391, 137, '8529423593', 'Hani Hakim', 'P', 'Jl. Gatot Subroto No. 4 RT 07/RW 06, Beji, Beji, Kota Depok', '089647524828', NULL, '2026-06-29 02:13:08', '2026-06-29 02:13:08'),
(392, 137, '1624518105', 'Nina Danu Rahayu', 'P', 'Jl. Cempaka No. 59 RT 13/RW 04, Tanah Baru, Beji, Kota Depok', '089849848963', NULL, '2026-06-29 02:13:08', '2026-06-29 02:13:08'),
(393, 137, '1908202806', 'Sidik Dewi', 'L', 'Jl. Kelapa Dua Raya No. 76 RT 08/RW 06, Serua, Bojong Sari, Kota Depok', '081547737379', NULL, '2026-06-29 02:13:08', '2026-06-29 02:13:08'),
(394, 137, '5982277750', 'Rahmawati Nasution', 'P', 'Jl. Cisalak Raya No. 123 RT 07/RW 01, Meruyung, Limo, Kota Depok', '082292664573', NULL, '2026-06-29 02:13:08', '2026-06-29 02:13:08'),
(395, 137, '8440465843', 'Jaka Lestari', 'L', 'Jl. Raya Parung No. 30 RT 08/RW 04, Pasir Gunung Selatan, Cimanggis, Kota Depok', '081191642948', NULL, '2026-06-29 02:13:08', '2026-06-29 02:13:08'),
(396, 137, '6103947702', 'Lina Tarigan', 'P', 'Jl. Margonda Raya No. 9 RT 05/RW 03, Limo, Limo, Kota Depok', '082192870168', NULL, '2026-06-29 02:13:08', '2026-06-29 02:13:08'),
(397, 137, '7720111742', 'Fauzia Yulia Sembiring', 'P', 'Jl. Tugu Raya No. 127 RT 12/RW 04, Curug, Kelapa Dua, Kota Depok', '081677337391', NULL, '2026-06-29 02:13:08', '2026-06-29 02:13:08'),
(398, 137, '6524689248', 'Rizky Susanto', 'L', 'Jl. Raya Depok No. 123 RT 08/RW 06, Cinere, Cinere, Kota Depok', '085213961231', NULL, '2026-06-29 02:13:08', '2026-06-29 02:13:08'),
(399, 137, '8492183417', 'Yosi Nuraini', 'P', 'Jl. H. Djuanda No. 15 RT 04/RW 03, Gandul, Cinere, Kota Depok', '081787384521', NULL, '2026-06-29 02:13:08', '2026-06-29 02:13:08'),
(400, 137, '7711562697', 'Rahmat Nugroho', 'L', 'Jl. Tugu Raya No. 38 RT 10/RW 08, Bojong Sari Baru, Bojong Sari, Kota Depok', '081327736580', NULL, '2026-06-29 02:13:08', '2026-06-29 02:13:08'),
(401, 137, '4324622996', 'Fadhil Putri Hakim', 'L', 'Jl. Nusantara No. 104 RT 05/RW 06, Bojong Sari Baru, Bojong Sari, Kota Depok', '085833305421', NULL, '2026-06-29 02:13:08', '2026-06-29 02:13:08'),
(402, 137, '7464340850', 'Tiara Haryanto', 'P', 'Jl. Cemara No. 42 RT 14/RW 02, Sukatani, Tapos, Kota Depok', '082385328779', NULL, '2026-06-29 02:13:08', '2026-06-29 02:13:08'),
(403, 137, '7928732372', 'Laila Putri', 'P', 'Jl. Gatot Subroto No. 21 RT 01/RW 05, Bojong Pondok Terong, Cipayung, Kota Depok', '081709812026', NULL, '2026-06-29 02:13:08', '2026-06-29 02:13:08'),
(404, 137, '4820950408', 'Tika Citra Gunawan', 'P', 'Jl. Flamboyan No. 72 RT 12/RW 08, Tugu, Cimanggis, Kota Depok', '089639960445', NULL, '2026-06-29 02:13:08', '2026-06-29 02:13:08'),
(405, 137, '9027405184', 'Dicky Wulan Santoso', 'L', 'Jl. Proklamasi No. 72 RT 15/RW 08, Gandul, Cinere, Kota Depok', '082192880430', NULL, '2026-06-29 02:13:08', '2026-06-29 02:13:08'),
(406, 137, '6257242195', 'Herlan Nur Hutabarat', 'L', 'Jl. Cemara No. 150 RT 05/RW 08, Serua, Bojong Sari, Kota Depok', '089657860664', NULL, '2026-06-29 02:13:08', '2026-06-29 02:13:08'),
(407, 137, '1949683075', 'Wulan Wati', 'P', 'Jl. Sukmajaya Raya No. 114 RT 06/RW 06, Pangkalan Jati, Cinere, Kota Depok', '085229118150', NULL, '2026-06-29 02:13:08', '2026-06-29 02:13:08'),
(408, 137, '1078485083', 'Rahma Situmorang', 'P', 'Jl. Margonda Raya No. 104 RT 07/RW 08, Sukatani, Tapos, Kota Depok', '082261248362', NULL, '2026-06-29 02:13:08', '2026-06-29 02:13:08'),
(409, 137, '9669048378', 'Cantika Hasanah', 'P', 'Jl. Margonda Raya No. 77 RT 07/RW 02, Ratujaya, Cipayung, Kota Depok', '085261685427', NULL, '2026-06-29 02:13:08', '2026-06-29 02:13:08'),
(410, 137, '2875250677', 'Arya Eka Ginting', 'L', 'Jl. Raya Sawangan No. 30 RT 13/RW 02, Beji Timur, Beji, Kota Depok', '081394450635', NULL, '2026-06-29 02:13:08', '2026-06-29 02:13:08'),
(411, 137, '9514720083', 'Danial Dwi Rahmawati', 'L', 'Jl. H. Djuanda No. 64 RT 08/RW 07, Sukamaju Baru, Kelapa Dua, Kota Depok', '087889310789', NULL, '2026-06-29 02:13:08', '2026-06-29 02:13:08'),
(412, 137, '7687408331', 'Siti Wulan Wati', 'P', 'Jl. Kartini No. 105 RT 15/RW 04, Cinere, Cinere, Kota Depok', '081141365798', NULL, '2026-06-29 02:13:08', '2026-06-29 02:13:08'),
(413, 137, '6192860261', 'Fadhil Citra Suranta', 'L', 'Jl. Cipayung Raya No. 82 RT 03/RW 07, Pangkalan Jati Baru, Cinere, Kota Depok', '085185448338', NULL, '2026-06-29 02:13:08', '2026-06-29 02:13:08'),
(414, 137, '4766209095', 'Arman Prabowo', 'L', 'Jl. Gatot Subroto No. 84 RT 01/RW 02, Kukusan, Beji, Kota Depok', '085102179712', NULL, '2026-06-29 02:13:08', '2026-06-29 02:13:08'),
(415, 137, '3702670775', 'Wendi Sukma', 'L', 'Jl. Melati No. 30 RT 04/RW 08, Cipayung, Cipayung, Kota Depok', '085302136543', NULL, '2026-06-29 02:13:08', '2026-06-29 02:13:08'),
(416, 137, '2088676803', 'Hamdan Fitriani', 'L', 'Jl. Dahlia No. 63 RT 12/RW 03, Cinere, Cinere, Kota Depok', '085309966313', NULL, '2026-06-29 02:13:08', '2026-06-29 02:13:08'),
(417, 137, '9844891238', 'Dwi Sumarno', 'L', 'Jl. Pahlawan No. 23 RT 03/RW 08, Bojong Sari, Bojong Sari, Kota Depok', '081285878850', NULL, '2026-06-29 02:13:08', '2026-06-29 02:13:08'),
(418, 137, '6577980413', 'Wulan Jaya Setiawan', 'P', 'Jl. Pahlawan No. 80 RT 10/RW 04, Mekarjaya, Sukmajaya, Kota Depok', '085745381509', NULL, '2026-06-29 02:13:08', '2026-06-29 02:13:08'),
(419, 137, '3265496883', 'Siti Sanjaya', 'P', 'Jl. Tapos Raya No. 93 RT 03/RW 01, Sukatani, Tapos, Kota Depok', '081593874922', NULL, '2026-06-29 02:13:08', '2026-06-29 02:13:08'),
(420, 137, '1384908309', 'Elsa Hendra Pratama', 'P', 'Jl. Gatot Subroto No. 49 RT 02/RW 07, Pangkalan Jati Baru, Cinere, Kota Depok', '081754926400', NULL, '2026-06-29 02:13:08', '2026-06-29 02:13:08'),
(421, 138, '6842902397', 'Lina Susanto', 'P', 'Jl. Raya Parung No. 32 RT 12/RW 06, Sukamaju, Sukmajaya, Kota Depok', '085284587698', NULL, '2026-06-29 02:13:08', '2026-06-29 02:13:08'),
(422, 138, '6621985361', 'Arman Ramadhan', 'L', 'Jl. Cinere Raya No. 28 RT 08/RW 03, Tonjong, Bojong Sari, Kota Depok', '085118757872', NULL, '2026-06-29 02:13:08', '2026-06-29 02:13:08'),
(423, 138, '4211884363', 'Ratna Ivan Sanjaya', 'P', 'Jl. Sukmajaya Raya No. 41 RT 12/RW 02, Bojong Sari Baru, Bojong Sari, Kota Depok', '089722376909', NULL, '2026-06-29 02:13:08', '2026-06-29 02:13:08'),
(424, 138, '9125453663', 'Indah Lestari', 'P', 'Jl. Proklamasi No. 18 RT 02/RW 07, Harjamukti, Cimanggis, Kota Depok', '081301054694', NULL, '2026-06-29 02:13:08', '2026-06-29 02:13:08'),
(425, 138, '2059761394', 'Yosi Kusuma Setiawan', 'P', 'Jl. Sukmajaya Raya No. 140 RT 12/RW 03, Cinere, Cinere, Kota Depok', '081762035236', NULL, '2026-06-29 02:13:08', '2026-06-29 02:13:08'),
(426, 138, '3571809136', 'Febri Susanto', 'L', 'Jl. Akasia No. 11 RT 13/RW 06, Krukut, Limo, Kota Depok', '089779117243', NULL, '2026-06-29 02:13:08', '2026-06-29 02:13:08'),
(427, 138, '9389341108', 'Risma Lubis', 'P', 'Jl. Margonda Raya No. 83 RT 01/RW 03, Tapos, Tapos, Kota Depok', '089613199556', NULL, '2026-06-29 02:13:08', '2026-06-29 02:13:08'),
(428, 138, '2155050187', 'Amelia Ningrum', 'P', 'Jl. Raya Depok No. 32 RT 01/RW 08, Duren Seribu, Sawangan, Kota Depok', '085797855105', NULL, '2026-06-29 02:13:08', '2026-06-29 02:13:08'),
(429, 138, '4731168486', 'Diah Kurnia Permana', 'P', 'Jl. Kelapa Dua Raya No. 110 RT 01/RW 04, Sukamaju Baru, Kelapa Dua, Kota Depok', '089841925403', NULL, '2026-06-29 02:13:08', '2026-06-29 02:13:08'),
(430, 138, '8873052495', 'Yosi Bagas Pratama', 'P', 'Jl. Dahlia No. 83 RT 12/RW 01, Sukamaju Baru, Kelapa Dua, Kota Depok', '087896940178', NULL, '2026-06-29 02:13:08', '2026-06-29 02:13:08'),
(431, 138, '9136094357', 'Aulia Fitriani', 'P', 'Jl. Beji Raya No. 120 RT 08/RW 03, Gandul, Cinere, Kota Depok', '081590747686', NULL, '2026-06-29 02:13:08', '2026-06-29 02:13:08'),
(432, 138, '4361357389', 'Indah Manurung', 'P', 'Jl. Raya Citayam No. 72 RT 08/RW 01, Cinangka, Sawangan, Kota Depok', '081608386136', NULL, '2026-06-29 02:13:08', '2026-06-29 02:13:08'),
(433, 138, '9078020292', 'Taufik Putri Wahyuni', 'L', 'Jl. H. Djuanda No. 26 RT 04/RW 08, Tonjong, Bojong Sari, Kota Depok', '081251370077', NULL, '2026-06-29 02:13:08', '2026-06-29 02:13:08'),
(434, 138, '1226975693', 'Arum Hakim', 'P', 'Jl. Raya Bogor No. 128 RT 13/RW 01, Pangkalan Jati, Cinere, Kota Depok', '085691924578', NULL, '2026-06-29 02:13:08', '2026-06-29 02:13:08'),
(435, 138, '1217953447', 'Fatimah Cahyo Santika', 'P', 'Jl. Cinere Raya No. 71 RT 04/RW 07, Tapos, Tapos, Kota Depok', '089669398198', NULL, '2026-06-29 02:13:08', '2026-06-29 02:13:08'),
(436, 138, '2253101436', 'Dicky Putri', 'L', 'Jl. Tugu Raya No. 8 RT 03/RW 08, Cinere, Cinere, Kota Depok', '089840600308', NULL, '2026-06-29 02:13:08', '2026-06-29 02:13:08'),
(437, 138, '5742626409', 'Uswatun Aldi Gunawan', 'P', 'Jl. Tugu Raya No. 33 RT 15/RW 03, Jatijajar, Tapos, Kota Depok', '089810512341', NULL, '2026-06-29 02:13:08', '2026-06-29 02:13:08'),
(438, 138, '8781186743', 'Zahra Tarigan', 'P', 'Jl. Cisalak Raya No. 33 RT 02/RW 02, Abadijaya, Sukmajaya, Kota Depok', '085384520475', NULL, '2026-06-29 02:13:08', '2026-06-29 02:13:08'),
(439, 138, '6590154401', 'Budi Anggraini', 'L', 'Jl. Dahlia No. 53 RT 11/RW 06, Pondok Cina, Beji, Kota Depok', '087839346314', NULL, '2026-06-29 02:13:08', '2026-06-29 02:13:08'),
(440, 138, '5679892148', 'Fadila Suryadi', 'P', 'Jl. Beji Raya No. 144 RT 07/RW 02, Sawangan Baru, Sawangan, Kota Depok', '081135334133', NULL, '2026-06-29 02:13:08', '2026-06-29 02:13:08'),
(441, 138, '4583534944', 'Agus Danu Manurung', 'L', 'Jl. Cempaka No. 4 RT 01/RW 02, Cisalak Pasar, Sukmajaya, Kota Depok', '081706066979', NULL, '2026-06-29 02:13:08', '2026-06-29 02:13:08'),
(442, 138, '7348112810', 'Dimas Hasanah', 'L', 'Jl. Dahlia No. 148 RT 04/RW 04, Mampang, Pancoran Mas, Kota Depok', '085266388941', NULL, '2026-06-29 02:13:08', '2026-06-29 02:13:08'),
(443, 138, '3601731911', 'Rahayu Agung Sinambela', 'P', 'Jl. Cempaka No. 53 RT 13/RW 06, Meruyung, Limo, Kota Depok', '081155279286', NULL, '2026-06-29 02:13:08', '2026-06-29 02:13:08'),
(444, 138, '7765844922', 'Dewi Simanjuntak', 'P', 'Jl. Raya Cibubur No. 15 RT 05/RW 03, Gandul, Cinere, Kota Depok', '087830871632', NULL, '2026-06-29 02:13:08', '2026-06-29 02:13:08'),
(445, 138, '5182967583', 'Yeni Sukma', 'P', 'Jl. Pajajaran No. 17 RT 10/RW 08, Depok, Pancoran Mas, Kota Depok', '085371858247', NULL, '2026-06-29 02:13:08', '2026-06-29 02:13:08'),
(446, 138, '3231273337', 'Arman Anggraini', 'L', 'Jl. Cisalak Raya No. 76 RT 03/RW 02, Curug, Kelapa Dua, Kota Depok', '085787882214', NULL, '2026-06-29 02:13:08', '2026-06-29 02:13:08'),
(447, 138, '3263206555', 'Nilam Galih Panjaitan', 'P', 'Jl. Cisalak Raya No. 11 RT 07/RW 01, Serua, Bojong Sari, Kota Depok', '085281551981', NULL, '2026-06-29 02:13:08', '2026-06-29 02:13:08'),
(448, 138, '8802770979', 'Rahayu Indah Firmansyah', 'P', 'Jl. Margonda Raya No. 150 RT 06/RW 03, Kelapa Dua, Kelapa Dua, Kota Depok', '081363994571', NULL, '2026-06-29 02:13:08', '2026-06-29 02:13:08'),
(449, 138, '8000022189', 'Saiful Ginting', 'L', 'Jl. Cempaka No. 50 RT 06/RW 04, Curug, Kelapa Dua, Kota Depok', '082271656155', NULL, '2026-06-29 02:13:08', '2026-06-29 02:13:08'),
(450, 138, '8542036081', 'Rita Setiawan', 'P', 'Jl. Margonda Raya No. 102 RT 08/RW 06, Sukatani, Tapos, Kota Depok', '087787457026', NULL, '2026-06-29 02:13:08', '2026-06-29 02:13:08'),
(451, 138, '3466702055', 'Rahma Rahayu Susanto', 'P', 'Jl. Sukmajaya Raya No. 83 RT 04/RW 04, Mampang, Pancoran Mas, Kota Depok', '082292430110', NULL, '2026-06-29 02:13:08', '2026-06-29 02:13:08'),
(452, 138, '2330554352', 'Amelia Hakim', 'P', 'Jl. Melati No. 46 RT 03/RW 06, Rangkapan Jaya, Pancoran Mas, Kota Depok', '082260224607', NULL, '2026-06-29 02:13:08', '2026-06-29 02:13:08'),
(453, 138, '6326066334', 'Lisa Tri Rahmawati', 'P', 'Jl. H. Djuanda No. 49 RT 12/RW 07, Gandul, Cinere, Kota Depok', '089880141239', NULL, '2026-06-29 02:13:08', '2026-06-29 02:13:08'),
(454, 138, '6221547024', 'Nurul Sinambela', 'P', 'Jl. Limo Raya No. 20 RT 06/RW 03, Abadijaya, Sukmajaya, Kota Depok', '085289107597', NULL, '2026-06-29 02:13:08', '2026-06-29 02:13:08'),
(455, 139, '1952168855', 'Farida Lubis', 'P', 'Jl. Proklamasi No. 25 RT 02/RW 06, Gandul, Cinere, Kota Depok', '085162456232', NULL, '2026-06-29 02:13:08', '2026-06-29 02:13:08'),
(456, 139, '4586423130', 'Bunga Sinambela', 'P', 'Jl. Gatot Subroto No. 60 RT 08/RW 07, Pengasinan, Sawangan, Kota Depok', '085234745478', NULL, '2026-06-29 02:13:08', '2026-06-29 02:13:08'),
(457, 139, '8696450213', 'Sari Hutabarat', 'P', 'Jl. Cisalak Raya No. 21 RT 08/RW 06, Krukut, Limo, Kota Depok', '082115379595', NULL, '2026-06-29 02:13:08', '2026-06-29 02:13:08'),
(458, 139, '3855409756', 'Sari Anggraini', 'P', 'Jl. Raya Parung No. 36 RT 11/RW 04, Pangkalan Jati Baru, Cinere, Kota Depok', '085295639116', NULL, '2026-06-29 02:13:08', '2026-06-29 02:13:08'),
(459, 139, '9532844576', 'Cantika Tri Wijaya', 'P', 'Jl. Proklamasi No. 126 RT 10/RW 04, Serua, Bojong Sari, Kota Depok', '085706511209', NULL, '2026-06-29 02:13:08', '2026-06-29 02:13:08'),
(460, 139, '5117370720', 'Rahmawati Hutabarat', 'P', 'Jl. Dahlia No. 129 RT 15/RW 07, Cisalak Pasar, Sukmajaya, Kota Depok', '081568360287', NULL, '2026-06-29 02:13:08', '2026-06-29 02:13:08'),
(461, 139, '3901472341', 'Laras Galih Subagyo', 'P', 'Jl. Ahmad Yani No. 139 RT 15/RW 08, Mekarjaya, Sukmajaya, Kota Depok', '087715217841', NULL, '2026-06-29 02:13:08', '2026-06-29 02:13:08'),
(462, 139, '2348240163', 'Nabila Lestari', 'P', 'Jl. Kenanga No. 7 RT 08/RW 04, Depok, Pancoran Mas, Kota Depok', '089800931456', NULL, '2026-06-29 02:13:08', '2026-06-29 02:13:08'),
(463, 139, '2127295524', 'Neni Hendra Kurniawan', 'P', 'Jl. Cempaka No. 150 RT 10/RW 07, Ratujaya, Cipayung, Kota Depok', '085252288782', NULL, '2026-06-29 02:13:08', '2026-06-29 02:13:08'),
(464, 139, '9508284782', 'Alya Panjaitan', 'P', 'Jl. Cisalak Raya No. 50 RT 10/RW 08, Harjamukti, Cimanggis, Kota Depok', '081551191915', NULL, '2026-06-29 02:13:08', '2026-06-29 02:13:08'),
(465, 139, '9786653157', 'Farhan Sari Suryadi', 'L', 'Jl. Kartini No. 48 RT 08/RW 03, Sukamaju Baru, Kelapa Dua, Kota Depok', '085396630508', NULL, '2026-06-29 02:13:08', '2026-06-29 02:13:08'),
(466, 139, '2157398210', 'Sari Dwi Sanjaya', 'P', 'Jl. Raya Bogor No. 7 RT 11/RW 02, Pangkalan Jati, Cinere, Kota Depok', '089713569895', NULL, '2026-06-29 02:13:08', '2026-06-29 02:13:08'),
(467, 139, '9173121858', 'Adinda Setiawan', 'P', 'Jl. Cinere Raya No. 41 RT 09/RW 05, Cinangka, Sawangan, Kota Depok', '089761458835', NULL, '2026-06-29 02:13:08', '2026-06-29 02:13:08'),
(468, 139, '8597158575', 'Amanda Santika', 'P', 'Jl. Nusantara No. 105 RT 11/RW 05, Curug, Kelapa Dua, Kota Depok', '081567924824', NULL, '2026-06-29 02:13:08', '2026-06-29 02:13:08'),
(469, 139, '3589265111', 'Yeni Eka Kurniawan', 'P', 'Jl. Raya Depok No. 56 RT 08/RW 07, Kelapa Dua, Kelapa Dua, Kota Depok', '081292457798', NULL, '2026-06-29 02:13:08', '2026-06-29 02:13:08'),
(470, 139, '2534373909', 'Afifah Wijaya', 'P', 'Jl. Raya Sawangan No. 7 RT 05/RW 07, Tonjong, Bojong Sari, Kota Depok', '082180101210', NULL, '2026-06-29 02:13:08', '2026-06-29 02:13:08'),
(471, 139, '3068333313', 'Kartika Fitri Susanto', 'P', 'Jl. Anggrek No. 77 RT 03/RW 05, Limo, Limo, Kota Depok', '085336796400', NULL, '2026-06-29 02:13:08', '2026-06-29 02:13:08'),
(472, 139, '3802094617', 'Afifah Lestari Lubis', 'P', 'Jl. Siliwangi No. 69 RT 03/RW 03, Tanah Baru, Beji, Kota Depok', '081737278159', NULL, '2026-06-29 02:13:08', '2026-06-29 02:13:08'),
(473, 139, '9762059129', 'Yuli Sukma', 'P', 'Jl. Pajajaran No. 141 RT 15/RW 03, Beji Timur, Beji, Kota Depok', '089784475094', NULL, '2026-06-29 02:13:08', '2026-06-29 02:13:08'),
(474, 139, '7968818534', 'Rahayu Manurung', 'P', 'Jl. Pahlawan No. 19 RT 06/RW 01, Cipayung, Cipayung, Kota Depok', '085732389792', NULL, '2026-06-29 02:13:08', '2026-06-29 02:13:08'),
(475, 139, '8372617661', 'Sri Simbolon', 'P', 'Jl. Cinere Raya No. 44 RT 15/RW 08, Pondok Jaya, Bojong Sari, Kota Depok', '082172003563', NULL, '2026-06-29 02:13:08', '2026-06-29 02:13:08'),
(476, 139, '7611090271', 'Rafi Sudrajat', 'L', 'Jl. Raya Sawangan No. 26 RT 06/RW 08, Pengasinan, Sawangan, Kota Depok', '082359646237', NULL, '2026-06-29 02:13:08', '2026-06-29 02:13:08'),
(477, 139, '2149775091', 'Ratna Wahyuni', 'P', 'Jl. Margonda Raya No. 53 RT 15/RW 03, Gandul, Cinere, Kota Depok', '085342157309', NULL, '2026-06-29 02:13:08', '2026-06-29 02:13:08'),
(478, 139, '2426791383', 'Mawar Fadillah', 'P', 'Jl. H. Djuanda No. 99 RT 14/RW 07, Sawangan, Sawangan, Kota Depok', '081246773838', NULL, '2026-06-29 02:13:08', '2026-06-29 02:13:08'),
(479, 139, '2170911861', 'Shinta Ayu Sukma', 'P', 'Jl. Raya Cibubur No. 37 RT 01/RW 03, Duren Seribu, Sawangan, Kota Depok', '081317558796', NULL, '2026-06-29 02:13:08', '2026-06-29 02:13:08'),
(480, 139, '1627532474', 'Rizka Nur Pratama', 'P', 'Jl. Pajajaran No. 101 RT 13/RW 08, Bojong Sari Baru, Bojong Sari, Kota Depok', '081214785802', NULL, '2026-06-29 02:13:08', '2026-06-29 02:13:08'),
(481, 139, '5755669162', 'Danial Nugroho', 'L', 'Jl. Mawar No. 10 RT 07/RW 07, Mekarjaya, Sukmajaya, Kota Depok', '085164160407', NULL, '2026-06-29 02:13:08', '2026-06-29 02:13:08'),
(482, 139, '2226664501', 'Rahayu Permata Purba', 'P', 'Jl. Kelapa Dua Raya No. 47 RT 02/RW 03, Limo, Limo, Kota Depok', '081227791257', NULL, '2026-06-29 02:13:08', '2026-06-29 02:13:08'),
(483, 139, '9476655674', 'Alya Putra', 'P', 'Jl. Cisalak Raya No. 91 RT 03/RW 04, Mekarsari, Cimanggis, Kota Depok', '087799203062', NULL, '2026-06-29 02:13:08', '2026-06-29 02:13:08'),
(484, 139, '7015825209', 'Aini Nasution', 'P', 'Jl. Cinere Raya No. 119 RT 05/RW 02, Cisalak, Cimanggis, Kota Depok', '085315759235', NULL, '2026-06-29 02:13:08', '2026-06-29 02:13:08'),
(485, 139, '9504725401', 'Faris Agung Hasanah', 'L', 'Jl. Akasia No. 18 RT 13/RW 06, Jatijajar, Tapos, Kota Depok', '085276847434', NULL, '2026-06-29 02:13:08', '2026-06-29 02:13:08'),
(486, 139, '2003969674', 'Febri Hidayat', 'L', 'Jl. Cempaka No. 83 RT 11/RW 07, Sukamaju Baru, Kelapa Dua, Kota Depok', '089824214483', NULL, '2026-06-29 02:13:08', '2026-06-29 02:13:08'),
(487, 139, '9422602820', 'Sari Yusuf', 'P', 'Jl. Ahmad Yani No. 16 RT 02/RW 04, Depok, Pancoran Mas, Kota Depok', '081230367999', NULL, '2026-06-29 02:13:08', '2026-06-29 02:13:08'),
(488, 140, '6177287095', 'Laila Wahyuni', 'P', 'Jl. Diponegoro No. 72 RT 06/RW 02, Pasir Gunung Selatan, Cimanggis, Kota Depok', '082212923487', NULL, '2026-06-29 02:13:08', '2026-06-29 02:13:08'),
(489, 140, '3433500698', 'Nurhidayat Pratama', 'L', 'Jl. Pajajaran No. 131 RT 01/RW 04, Sawangan Baru, Sawangan, Kota Depok', '085764623621', NULL, '2026-06-29 02:13:08', '2026-06-29 02:13:08'),
(490, 140, '5359953933', 'Rina Subagyo', 'P', 'Jl. Pajajaran No. 73 RT 06/RW 05, Mampang, Pancoran Mas, Kota Depok', '085792910852', NULL, '2026-06-29 02:13:08', '2026-06-29 02:13:08'),
(491, 140, '1663000180', 'Amelia Hendra Yusuf', 'P', 'Jl. Flamboyan No. 23 RT 09/RW 07, Mampang, Pancoran Mas, Kota Depok', '089694214618', NULL, '2026-06-29 02:13:08', '2026-06-29 02:13:08'),
(492, 140, '2610018353', 'Fitriani Putri', 'P', 'Jl. Siliwangi No. 69 RT 06/RW 02, Bojong Pondok Terong, Cipayung, Kota Depok', '082264481707', NULL, '2026-06-29 02:13:08', '2026-06-29 02:13:08'),
(493, 140, '9506390310', 'Wulan Nur Ningrum', 'P', 'Jl. Flamboyan No. 15 RT 05/RW 04, Mekarsari, Cimanggis, Kota Depok', '082354417643', NULL, '2026-06-29 02:13:08', '2026-06-29 02:13:08'),
(494, 140, '4925964090', 'Dara Firmansyah', 'P', 'Jl. Diponegoro No. 69 RT 07/RW 03, Cisalak Pasar, Sukmajaya, Kota Depok', '082246960419', NULL, '2026-06-29 02:13:08', '2026-06-29 02:13:08'),
(495, 140, '9871704087', 'Fadila Hutabarat', 'P', 'Jl. Margonda Raya No. 62 RT 05/RW 03, Cipayung, Cipayung, Kota Depok', '085304964290', NULL, '2026-06-29 02:13:08', '2026-06-29 02:13:08'),
(496, 140, '1965113349', 'Hadi Hidayat', 'L', 'Jl. Pahlawan No. 11 RT 05/RW 04, Bojong Sari, Bojong Sari, Kota Depok', '085235389522', NULL, '2026-06-29 02:13:08', '2026-06-29 02:13:08'),
(497, 140, '2297090861', 'Afifah Sumarno', 'P', 'Jl. Akasia No. 71 RT 03/RW 07, Harjamukti, Cimanggis, Kota Depok', '089624156002', NULL, '2026-06-29 02:13:08', '2026-06-29 02:13:08'),
(498, 140, '7900988794', 'Wendi Wahyu Nasution', 'L', 'Jl. Kelapa Dua Raya No. 78 RT 07/RW 04, Grogol, Limo, Kota Depok', '085127588548', NULL, '2026-06-29 02:13:08', '2026-06-29 02:13:08'),
(499, 140, '8807509428', 'Yuli Tarigan', 'P', 'Jl. Mawar No. 149 RT 02/RW 05, Tonjong, Bojong Sari, Kota Depok', '081703489240', NULL, '2026-06-29 02:13:08', '2026-06-29 02:13:08'),
(500, 140, '4923504142', 'Rahmat Manurung', 'L', 'Jl. Raya Bogor No. 125 RT 02/RW 07, Sukatani, Tapos, Kota Depok', '081797629040', NULL, '2026-06-29 02:13:08', '2026-06-29 02:13:08'),
(501, 140, '8432114432', 'Fitriani Eka Hasanah', 'P', 'Jl. Raya Cibubur No. 137 RT 02/RW 04, Curug, Cimanggis, Kota Depok', '081207346128', NULL, '2026-06-29 02:13:08', '2026-06-29 02:13:08'),
(502, 140, '6538469048', 'Lina Anggraini', 'P', 'Jl. Margonda Raya No. 59 RT 09/RW 06, Cisalak Pasar, Sukmajaya, Kota Depok', '089890194409', NULL, '2026-06-29 02:13:08', '2026-06-29 02:13:08'),
(503, 140, '8890761946', 'Amelia Kurniawan', 'P', 'Jl. Tapos Raya No. 86 RT 03/RW 01, Kelapa Dua, Kelapa Dua, Kota Depok', '081156619161', NULL, '2026-06-29 02:13:08', '2026-06-29 02:13:08'),
(504, 140, '7109950169', 'Yusuf Kurnia Sudrajat', 'L', 'Jl. Gatot Subroto No. 2 RT 05/RW 07, Depok Jaya, Pancoran Mas, Kota Depok', '089667112378', NULL, '2026-06-29 02:13:08', '2026-06-29 02:13:08'),
(505, 140, '3308169589', 'Haikal Cahyo Ningrum', 'L', 'Jl. Tugu Raya No. 59 RT 01/RW 06, Meruyung, Limo, Kota Depok', '085137950178', NULL, '2026-06-29 02:13:08', '2026-06-29 02:13:08'),
(506, 140, '8829255507', 'Rita Subagyo', 'P', 'Jl. Pahlawan No. 77 RT 06/RW 08, Mekarsari, Cimanggis, Kota Depok', '081666370983', NULL, '2026-06-29 02:13:08', '2026-06-29 02:13:08'),
(507, 140, '6670201879', 'Eko Simbolon', 'L', 'Jl. Anggrek No. 25 RT 05/RW 06, Beji Timur, Beji, Kota Depok', '081675090489', NULL, '2026-06-29 02:13:08', '2026-06-29 02:13:08'),
(508, 140, '3914715615', 'Adinda Putri Sumarno', 'P', 'Jl. Raya Parung No. 34 RT 08/RW 03, Rangkapan Jaya, Pancoran Mas, Kota Depok', '081299609878', NULL, '2026-06-29 02:13:08', '2026-06-29 02:13:08'),
(509, 140, '5304767177', 'Ratna Jaya Yusuf', 'P', 'Jl. Ahmad Yani No. 64 RT 09/RW 02, Bojong Sari, Bojong Sari, Kota Depok', '085752625203', NULL, '2026-06-29 02:13:08', '2026-06-29 02:13:08'),
(510, 140, '9825888011', 'Elsa Ivan Permana', 'P', 'Jl. Kartini No. 41 RT 10/RW 05, Depok Jaya, Pancoran Mas, Kota Depok', '089890860988', NULL, '2026-06-29 02:13:08', '2026-06-29 02:13:08'),
(511, 140, '1508832669', 'Zara Yusuf', 'P', 'Jl. Seroja No. 53 RT 05/RW 06, Mekarjaya, Sukmajaya, Kota Depok', '082259859710', NULL, '2026-06-29 02:13:08', '2026-06-29 02:13:08'),
(512, 140, '6339747141', 'Soni Cahyo Napitupulu', 'L', 'Jl. Siliwangi No. 147 RT 06/RW 05, Meruyung, Limo, Kota Depok', '089814192982', NULL, '2026-06-29 02:13:08', '2026-06-29 02:13:08'),
(513, 140, '8488905028', 'Nurlaila Lestari Wahyuni', 'P', 'Jl. Akasia No. 30 RT 07/RW 01, Pondok Cina, Beji, Kota Depok', '089807939514', NULL, '2026-06-29 02:13:08', '2026-06-29 02:13:08'),
(514, 140, '5509277124', 'Fajar Situmorang', 'L', 'Jl. H. Djuanda No. 70 RT 09/RW 06, Krukut, Limo, Kota Depok', '082382774284', NULL, '2026-06-29 02:13:08', '2026-06-29 02:13:08'),
(515, 140, '6239953007', 'Afifah Saputra', 'P', 'Jl. Raya Bogor No. 11 RT 11/RW 07, Tonjong, Bojong Sari, Kota Depok', '081227619522', NULL, '2026-06-29 02:13:08', '2026-06-29 02:13:08'),
(516, 140, '1129136758', 'Hani Lubis', 'P', 'Jl. Kelapa Dua Raya No. 42 RT 08/RW 07, Mekarsari, Cimanggis, Kota Depok', '081637365349', NULL, '2026-06-29 02:13:08', '2026-06-29 02:13:08'),
(517, 140, '7561115847', 'Nia Kurniawan', 'P', 'Jl. Kelapa Dua Raya No. 60 RT 02/RW 04, Sukamaju Baru, Kelapa Dua, Kota Depok', '089822685690', NULL, '2026-06-29 02:13:08', '2026-06-29 02:13:08'),
(518, 140, '4790239924', 'Zidan Cahyo Gunawan', 'L', 'Jl. Raya Sawangan No. 120 RT 15/RW 05, Tonjong, Bojong Sari, Kota Depok', '081639334925', NULL, '2026-06-29 02:13:08', '2026-06-29 02:13:08'),
(519, 140, '5733411070', 'Alya Lubis', 'P', 'Jl. Cipayung Raya No. 144 RT 08/RW 04, Curug, Kelapa Dua, Kota Depok', '085653304637', NULL, '2026-06-29 02:13:08', '2026-06-29 02:13:08'),
(520, 140, '9016535873', 'Rita Permata Yusuf', 'P', 'Jl. Anggrek No. 143 RT 04/RW 02, Meruyung, Limo, Kota Depok', '082247693262', NULL, '2026-06-29 02:13:08', '2026-06-29 02:13:08'),
(521, 141, '6556907242', 'Amir Agung Siregar', 'L', 'Jl. Pahlawan No. 98 RT 08/RW 01, Sawangan Baru, Sawangan, Kota Depok', '081647499033', NULL, '2026-06-29 02:13:08', '2026-06-29 02:13:08'),
(522, 141, '9277022065', 'Fauzia Galih Panjaitan', 'P', 'Jl. Ahmad Yani No. 8 RT 06/RW 06, Tanah Baru, Beji, Kota Depok', '089626442558', NULL, '2026-06-29 02:13:08', '2026-06-29 02:13:08'),
(523, 141, '4650138316', 'Shinta Tri Susanto', 'P', 'Jl. Tapos Raya No. 104 RT 11/RW 05, Bedahan, Sawangan, Kota Depok', '082285411095', NULL, '2026-06-29 02:13:08', '2026-06-29 02:13:08'),
(524, 141, '5991128191', 'Pandu Yulia Setiawan', 'L', 'Jl. Margonda Raya No. 113 RT 04/RW 02, Duren Seribu, Sawangan, Kota Depok', '085185755927', NULL, '2026-06-29 02:13:08', '2026-06-29 02:13:08'),
(525, 141, '8909886993', 'Soni Wijaya', 'L', 'Jl. Tapos Raya No. 32 RT 09/RW 01, Kelapa Dua, Kelapa Dua, Kota Depok', '087836253488', NULL, '2026-06-29 02:13:08', '2026-06-29 02:13:08'),
(526, 141, '1462428155', 'Ragil Tri Fitriani', 'L', 'Jl. Pajajaran No. 25 RT 09/RW 06, Curug, Cimanggis, Kota Depok', '085313147817', NULL, '2026-06-29 02:13:08', '2026-06-29 02:13:08'),
(527, 141, '4566317319', 'Fikri Cahyo Sudrajat', 'L', 'Jl. Cemara No. 118 RT 08/RW 02, Grogol, Limo, Kota Depok', '081664515289', NULL, '2026-06-29 02:13:08', '2026-06-29 02:13:08'),
(528, 141, '9602838060', 'Dafa Maulana', 'L', 'Jl. Seroja No. 10 RT 10/RW 08, Depok, Pancoran Mas, Kota Depok', '089797718348', NULL, '2026-06-29 02:13:08', '2026-06-29 02:13:08'),
(529, 141, '4223879381', 'Arief Nur Panjaitan', 'L', 'Jl. Raya Cibubur No. 97 RT 15/RW 07, Curug, Cimanggis, Kota Depok', '085742714678', NULL, '2026-06-29 02:13:08', '2026-06-29 02:13:08'),
(530, 141, '5962919936', 'Rizqi Gunawan', 'L', 'Jl. Raya Depok No. 66 RT 04/RW 05, Sawangan, Sawangan, Kota Depok', '081191502981', NULL, '2026-06-29 02:13:08', '2026-06-29 02:13:08'),
(531, 141, '7795169020', 'Dicky Ramadhan', 'L', 'Jl. Gatot Subroto No. 54 RT 13/RW 02, Meruyung, Limo, Kota Depok', '089720485710', NULL, '2026-06-29 02:13:08', '2026-06-29 02:13:08'),
(532, 141, '4507701968', 'Haris Fitri Firmansyah', 'L', 'Jl. Flamboyan No. 111 RT 05/RW 08, Beji, Beji, Kota Depok', '085341785948', NULL, '2026-06-29 02:13:08', '2026-06-29 02:13:08'),
(533, 141, '9304086758', 'Ivan Putri', 'L', 'Jl. Cisalak Raya No. 33 RT 05/RW 02, Serua, Bojong Sari, Kota Depok', '085254124715', NULL, '2026-06-29 02:13:08', '2026-06-29 02:13:08'),
(534, 141, '5126093448', 'Mohammad Dwi Lubis', 'L', 'Jl. Gatot Subroto No. 137 RT 09/RW 05, Pangkalan Jati Baru, Cinere, Kota Depok', '089750959709', NULL, '2026-06-29 02:13:08', '2026-06-29 02:13:08'),
(535, 141, '1506897661', 'Arman Kusuma Sinambela', 'L', 'Jl. Tugu Raya No. 108 RT 15/RW 05, Tugu, Cimanggis, Kota Depok', '081664219016', NULL, '2026-06-29 02:13:08', '2026-06-29 02:13:08'),
(536, 141, '1374953911', 'Hanif Citra Suryadi', 'L', 'Jl. Raya Bogor No. 54 RT 05/RW 08, Cilangkap, Tapos, Kota Depok', '085675644828', NULL, '2026-06-29 02:13:08', '2026-06-29 02:13:08'),
(537, 141, '2781589085', 'Mahesa Ayu Ramadhan', 'L', 'Jl. Kenanga No. 131 RT 13/RW 01, Pangkalan Jati Baru, Cinere, Kota Depok', '085381687095', NULL, '2026-06-29 02:13:08', '2026-06-29 02:13:08'),
(538, 141, '9790209643', 'Wahyu Subagyo', 'L', 'Jl. Cipayung Raya No. 122 RT 10/RW 05, Pasir Gunung Selatan, Cimanggis, Kota Depok', '081190580659', NULL, '2026-06-29 02:13:08', '2026-06-29 02:13:08'),
(539, 141, '9923757961', 'Galang Budi Simanullang', 'L', 'Jl. Merdeka No. 94 RT 05/RW 03, Sawangan Baru, Sawangan, Kota Depok', '081634289602', NULL, '2026-06-29 02:13:08', '2026-06-29 02:13:08'),
(540, 141, '7889050298', 'Andika Fadillah', 'L', 'Jl. Mawar No. 101 RT 04/RW 05, Grogol, Limo, Kota Depok', '085633733903', NULL, '2026-06-29 02:13:08', '2026-06-29 02:13:08'),
(541, 141, '9372082993', 'Nadya Suranta', 'P', 'Jl. Raya Sawangan No. 126 RT 05/RW 06, Sukamaju Baru, Kelapa Dua, Kota Depok', '081514225716', NULL, '2026-06-29 02:13:08', '2026-06-29 02:13:08'),
(542, 141, '8235786037', 'Andika Kusuma Dewi', 'L', 'Jl. Beji Raya No. 71 RT 12/RW 07, Bojong Sari Baru, Bojong Sari, Kota Depok', '085332573881', NULL, '2026-06-29 02:13:08', '2026-06-29 02:13:08'),
(543, 141, '3641517546', 'Faris Susanto', 'L', 'Jl. Siliwangi No. 64 RT 05/RW 05, Cipayung Jaya, Cipayung, Kota Depok', '081314364456', NULL, '2026-06-29 02:13:08', '2026-06-29 02:13:08'),
(544, 141, '5318752553', 'Ibnu Ningrum', 'L', 'Jl. Beji Raya No. 50 RT 13/RW 01, Krukut, Limo, Kota Depok', '082291523796', NULL, '2026-06-29 02:13:08', '2026-06-29 02:13:08'),
(545, 141, '4382234494', 'Lestari Eka Firdaus', 'P', 'Jl. Dahlia No. 126 RT 12/RW 06, Pondok Jaya, Bojong Sari, Kota Depok', '081324915928', NULL, '2026-06-29 02:13:08', '2026-06-29 02:13:08'),
(546, 141, '8011169872', 'Rangga Putra', 'L', 'Jl. Ahmad Yani No. 112 RT 10/RW 01, Mampang, Pancoran Mas, Kota Depok', '081275423085', NULL, '2026-06-29 02:13:08', '2026-06-29 02:13:08'),
(547, 141, '1893588642', 'Rahmat Panjaitan', 'L', 'Jl. Kelapa Dua Raya No. 17 RT 12/RW 02, Tanah Baru, Beji, Kota Depok', '085302965598', NULL, '2026-06-29 02:13:08', '2026-06-29 02:13:08'),
(548, 141, '1259759053', 'Ibnu Rahayu', 'L', 'Jl. Imam Bonjol No. 24 RT 05/RW 06, Sukamaju Baru, Kelapa Dua, Kota Depok', '085617875778', NULL, '2026-06-29 02:13:08', '2026-06-29 02:13:08'),
(549, 141, '1614966902', 'Naufal Fitriani', 'L', 'Jl. Diponegoro No. 66 RT 04/RW 03, Cisalak Pasar, Sukmajaya, Kota Depok', '081241943373', NULL, '2026-06-29 02:13:08', '2026-06-29 02:13:08'),
(550, 141, '7487352063', 'Sekar Nasution', 'P', 'Jl. Beji Raya No. 123 RT 05/RW 01, Mampang, Pancoran Mas, Kota Depok', '081529217405', NULL, '2026-06-29 02:13:08', '2026-06-29 02:13:08'),
(551, 141, '1589845612', 'Dian Ningrum', 'P', 'Jl. Anggrek No. 30 RT 10/RW 02, Curug, Kelapa Dua, Kota Depok', '089656296654', NULL, '2026-06-29 02:13:08', '2026-06-29 02:13:08'),
(552, 141, '5310335543', 'Ahmad Simbolon', 'L', 'Jl. Pajajaran No. 66 RT 07/RW 05, Curug, Cimanggis, Kota Depok', '085829524369', NULL, '2026-06-29 02:13:08', '2026-06-29 02:13:08'),
(553, 141, '9349073654', 'Rangga Firdaus', 'L', 'Jl. Merdeka No. 56 RT 02/RW 04, Sukamaju, Sukmajaya, Kota Depok', '081587225178', NULL, '2026-06-29 02:13:08', '2026-06-29 02:13:08'),
(554, 141, '6143544775', 'Krisna Hidayat', 'L', 'Jl. Raya Parung No. 66 RT 01/RW 05, Sukamaju, Sukmajaya, Kota Depok', '087706116000', NULL, '2026-06-29 02:13:08', '2026-06-29 02:13:08'),
(555, 142, '3316702320', 'Galang Rahayu', 'L', 'Jl. Sukmajaya Raya No. 135 RT 01/RW 07, Pondok Cina, Beji, Kota Depok', '082262902179', NULL, '2026-06-29 02:13:08', '2026-06-29 02:13:08'),
(556, 142, '2887398580', 'Afifah Fitriani', 'P', 'Jl. Ahmad Yani No. 124 RT 04/RW 04, Curug, Cimanggis, Kota Depok', '081336413562', NULL, '2026-06-29 02:13:08', '2026-06-29 02:13:08'),
(557, 142, '6151774014', 'Faris Wahyu Kusuma', 'L', 'Jl. Seroja No. 137 RT 01/RW 03, Pancoran Mas, Pancoran Mas, Kota Depok', '081793696394', NULL, '2026-06-29 02:13:08', '2026-06-29 02:13:08'),
(558, 142, '6155436298', 'Ilham Simbolon', 'L', 'Jl. Tugu Raya No. 143 RT 14/RW 01, Pangkalan Jati, Cinere, Kota Depok', '081549303870', NULL, '2026-06-29 02:13:08', '2026-06-29 02:13:08'),
(559, 142, '9409497073', 'Surya Sinambela', 'L', 'Jl. Cisalak Raya No. 1 RT 12/RW 04, Pasir Gunung Selatan, Cimanggis, Kota Depok', '081172817633', NULL, '2026-06-29 02:13:08', '2026-06-29 02:13:08'),
(560, 142, '8387085918', 'Cahya Purba', 'L', 'Jl. Raya Cibubur No. 41 RT 10/RW 05, Kelapa Dua, Kelapa Dua, Kota Depok', '085187971752', NULL, '2026-06-29 02:13:08', '2026-06-29 02:13:08'),
(561, 142, '4099865630', 'Reza Rahayu', 'L', 'Jl. Merdeka No. 58 RT 11/RW 03, Tanah Baru, Beji, Kota Depok', '089708175644', NULL, '2026-06-29 02:13:08', '2026-06-29 02:13:08'),
(562, 142, '8252893367', 'Siti Hidayat', 'P', 'Jl. H. Djuanda No. 149 RT 09/RW 01, Pangkalan Jati, Cinere, Kota Depok', '081784728068', NULL, '2026-06-29 02:13:08', '2026-06-29 02:13:08'),
(563, 142, '3009968417', 'Arman Aldi Gunawan', 'L', 'Jl. Kelapa Dua Raya No. 95 RT 02/RW 01, Jatijajar, Tapos, Kota Depok', '081592448788', NULL, '2026-06-29 02:13:08', '2026-06-29 02:13:08'),
(564, 142, '3535111715', 'Dion Kurniawan', 'L', 'Jl. Raya Sawangan No. 83 RT 13/RW 03, Curug, Kelapa Dua, Kota Depok', '089841984361', NULL, '2026-06-29 02:13:08', '2026-06-29 02:13:08');
INSERT INTO `tbl_siswa` (`id_siswa`, `id_kelas`, `nisn`, `nama_siswa`, `jenis_kelamin`, `alamat`, `no_hp`, `foto`, `created_at`, `updated_at`) VALUES
(565, 142, '5493025515', 'Krisna Nasution', 'L', 'Jl. Anggrek No. 92 RT 14/RW 04, Cilangkap, Tapos, Kota Depok', '089810880103', NULL, '2026-06-29 02:13:08', '2026-06-29 02:13:08'),
(566, 142, '5212513154', 'Sri Putra', 'P', 'Jl. Anggrek No. 42 RT 06/RW 04, Bojong Pondok Terong, Cipayung, Kota Depok', '085299875319', NULL, '2026-06-29 02:13:08', '2026-06-29 02:13:08'),
(567, 142, '9248837814', 'Jaka Wati', 'L', 'Jl. Akasia No. 71 RT 03/RW 05, Limo, Limo, Kota Depok', '081583545657', NULL, '2026-06-29 02:13:08', '2026-06-29 02:13:08'),
(568, 142, '4423750427', 'Nurfitri Setiawan', 'P', 'Jl. Dahlia No. 78 RT 11/RW 08, Pangkalan Jati Baru, Cinere, Kota Depok', '085221679274', NULL, '2026-06-29 02:13:08', '2026-06-29 02:13:08'),
(569, 142, '1118334854', 'Hamdan Sumarno', 'L', 'Jl. Kenanga No. 58 RT 15/RW 03, Jatijajar, Tapos, Kota Depok', '082390452042', NULL, '2026-06-29 02:13:08', '2026-06-29 02:13:08'),
(570, 142, '5198995852', 'Febrianti Anggraini', 'P', 'Jl. Raya Citayam No. 123 RT 09/RW 05, Harjamukti, Cimanggis, Kota Depok', '082347836955', NULL, '2026-06-29 02:13:08', '2026-06-29 02:13:08'),
(571, 142, '3510572314', 'Rizal Kusuma Sanjaya', 'L', 'Jl. Cemara No. 83 RT 09/RW 03, Sawangan Baru, Sawangan, Kota Depok', '081575463596', NULL, '2026-06-29 02:13:08', '2026-06-29 02:13:08'),
(572, 142, '5695193477', 'Amelia Suranta', 'P', 'Jl. Cipayung Raya No. 136 RT 04/RW 01, Pondok Jaya, Bojong Sari, Kota Depok', '089823614613', NULL, '2026-06-29 02:13:08', '2026-06-29 02:13:08'),
(573, 142, '9003546811', 'Farhan Sukma', 'L', 'Jl. Imam Bonjol No. 35 RT 03/RW 02, Mampang, Pancoran Mas, Kota Depok', '082262384017', NULL, '2026-06-29 02:13:08', '2026-06-29 02:13:08'),
(574, 142, '3298658353', 'Zaki Dwi Putra', 'L', 'Jl. Raya Parung No. 96 RT 12/RW 04, Grogol, Limo, Kota Depok', '085212346115', NULL, '2026-06-29 02:13:08', '2026-06-29 02:13:08'),
(575, 142, '4300837095', 'Bagas Anggraini', 'L', 'Jl. Mawar No. 67 RT 02/RW 05, Cinere, Cinere, Kota Depok', '081780978581', NULL, '2026-06-29 02:13:08', '2026-06-29 02:13:08'),
(576, 142, '9869177737', 'Yuda Ginting', 'L', 'Jl. Raya Parung No. 30 RT 11/RW 08, Bojong Pondok Terong, Cipayung, Kota Depok', '089832308627', NULL, '2026-06-29 02:13:08', '2026-06-29 02:13:08'),
(577, 142, '8034600766', 'Arief Nur Wati', 'L', 'Jl. Tapos Raya No. 128 RT 04/RW 06, Bojong Pondok Terong, Cipayung, Kota Depok', '085266130240', NULL, '2026-06-29 02:13:08', '2026-06-29 02:13:08'),
(578, 142, '2360906233', 'Sigit Santika', 'L', 'Jl. Pajajaran No. 15 RT 05/RW 01, Sukamaju Baru, Kelapa Dua, Kota Depok', '082161334724', NULL, '2026-06-29 02:13:08', '2026-06-29 02:13:08'),
(579, 142, '2584198813', 'Dimas Susanto', 'L', 'Jl. Flamboyan No. 39 RT 09/RW 07, Pangkalan Jati, Cinere, Kota Depok', '081717285891', NULL, '2026-06-29 02:13:08', '2026-06-29 02:13:08'),
(580, 142, '8186056836', 'Gita Jaya Sudrajat', 'P', 'Jl. Diponegoro No. 20 RT 12/RW 05, Cinere, Cinere, Kota Depok', '081354516341', NULL, '2026-06-29 02:13:08', '2026-06-29 02:13:08'),
(581, 142, '4990772454', 'Shinta Purba', 'P', 'Jl. Cisalak Raya No. 65 RT 09/RW 02, Cinere, Cinere, Kota Depok', '081649348931', NULL, '2026-06-29 02:13:08', '2026-06-29 02:13:08'),
(582, 142, '1119344030', 'Rizal Citra Hasanah', 'L', 'Jl. Kelapa Dua Raya No. 150 RT 10/RW 04, Gandul, Cinere, Kota Depok', '081657474365', NULL, '2026-06-29 02:13:08', '2026-06-29 02:13:08'),
(583, 142, '2638294271', 'Robi Sinambela', 'L', 'Jl. Limo Raya No. 44 RT 01/RW 03, Cimpaeun, Tapos, Kota Depok', '085634382401', NULL, '2026-06-29 02:13:08', '2026-06-29 02:13:08'),
(584, 142, '8913696574', 'Dicky Prabowo', 'L', 'Jl. Diponegoro No. 96 RT 15/RW 07, Pancoran Mas, Pancoran Mas, Kota Depok', '085707591305', NULL, '2026-06-29 02:13:08', '2026-06-29 02:13:08'),
(585, 142, '1543218858', 'Anwar Putri Siregar', 'L', 'Jl. Beji Raya No. 116 RT 05/RW 01, Meruyung, Limo, Kota Depok', '081522927434', NULL, '2026-06-29 02:13:08', '2026-06-29 02:13:08'),
(586, 142, '5099751413', 'Arya Rahayu', 'L', 'Jl. Sukmajaya Raya No. 38 RT 08/RW 02, Tonjong, Bojong Sari, Kota Depok', '082104595646', NULL, '2026-06-29 02:13:08', '2026-06-29 02:13:08'),
(587, 142, '4881640104', 'Intan Wulan Nasution', 'P', 'Jl. Akasia No. 130 RT 13/RW 01, Cipayung, Cipayung, Kota Depok', '082189070829', NULL, '2026-06-29 02:13:08', '2026-06-29 02:13:08'),
(588, 143, '7384743823', 'Siska Aldi Purba', 'P', 'Jl. Tugu Raya No. 145 RT 09/RW 07, Mekarsari, Cimanggis, Kota Depok', '087746946072', NULL, '2026-06-29 02:13:08', '2026-06-29 02:13:08'),
(589, 143, '1240973622', 'Farhan Sanjaya', 'L', 'Jl. Merdeka No. 150 RT 03/RW 06, Depok, Pancoran Mas, Kota Depok', '085196938222', NULL, '2026-06-29 02:13:08', '2026-06-29 02:13:08'),
(590, 143, '7536872829', 'Salsabila Rahayu', 'P', 'Jl. Imam Bonjol No. 143 RT 10/RW 04, Cinangka, Sawangan, Kota Depok', '081605601141', NULL, '2026-06-29 02:13:08', '2026-06-29 02:13:08'),
(591, 143, '4961558015', 'Yosi Situmorang', 'P', 'Jl. Raya Parung No. 128 RT 11/RW 07, Pondok Cina, Beji, Kota Depok', '089899589996', NULL, '2026-06-29 02:13:08', '2026-06-29 02:13:08'),
(592, 143, '9897679059', 'Bima Manurung', 'L', 'Jl. Cemara No. 34 RT 02/RW 04, Depok, Pancoran Mas, Kota Depok', '089788732493', NULL, '2026-06-29 02:13:08', '2026-06-29 02:13:08'),
(593, 143, '3251132622', 'Fajar Rahmawati', 'L', 'Jl. Imam Bonjol No. 3 RT 05/RW 04, Serua, Bojong Sari, Kota Depok', '085693665455', NULL, '2026-06-29 02:13:08', '2026-06-29 02:13:08'),
(594, 143, '5704856315', 'Rafi Wulan Situmorang', 'L', 'Jl. Raya Sawangan No. 6 RT 02/RW 03, Duren Seribu, Sawangan, Kota Depok', '085643534855', NULL, '2026-06-29 02:13:08', '2026-06-29 02:13:08'),
(595, 143, '9136932654', 'Arief Permana', 'L', 'Jl. Flamboyan No. 72 RT 09/RW 02, Pancoran Mas, Pancoran Mas, Kota Depok', '087756571831', NULL, '2026-06-29 02:13:08', '2026-06-29 02:13:08'),
(596, 143, '1528555694', 'Bima Subagyo', 'L', 'Jl. Kelapa Dua Raya No. 45 RT 15/RW 02, Tirtajaya, Sukmajaya, Kota Depok', '087832226534', NULL, '2026-06-29 02:13:08', '2026-06-29 02:13:08'),
(597, 143, '7476739584', 'Rafi Cahyo Sembiring', 'L', 'Jl. Ahmad Yani No. 86 RT 15/RW 04, Ratujaya, Cipayung, Kota Depok', '089752566494', NULL, '2026-06-29 02:13:08', '2026-06-29 02:13:08'),
(598, 143, '2270919007', 'Umar Sumarno', 'L', 'Jl. Akasia No. 61 RT 06/RW 05, Baktijaya, Sukmajaya, Kota Depok', '081101381025', NULL, '2026-06-29 02:13:08', '2026-06-29 02:13:08'),
(599, 143, '6102589371', 'Aulia Hidayat', 'P', 'Jl. Sukmajaya Raya No. 60 RT 01/RW 07, Jatijajar, Tapos, Kota Depok', '081595403245', NULL, '2026-06-29 02:13:08', '2026-06-29 02:13:08'),
(600, 143, '2092177237', 'Dani Situmorang', 'L', 'Jl. Sukmajaya Raya No. 2 RT 02/RW 08, Bojong Sari Baru, Bojong Sari, Kota Depok', '082184608614', NULL, '2026-06-29 02:13:08', '2026-06-29 02:13:08'),
(601, 143, '2657619349', 'Dara Ayu Sari', 'P', 'Jl. Cemara No. 90 RT 15/RW 03, Mekarjaya, Sukmajaya, Kota Depok', '089680681538', NULL, '2026-06-29 02:13:08', '2026-06-29 02:13:08'),
(602, 143, '8444789583', 'Lukman Sanjaya', 'L', 'Jl. Raya Depok No. 19 RT 03/RW 01, Cisalak, Cimanggis, Kota Depok', '081553506138', NULL, '2026-06-29 02:13:08', '2026-06-29 02:13:08'),
(603, 143, '6045386370', 'Devano Lestari Ramadhan', 'L', 'Jl. Sawangan Raya No. 41 RT 03/RW 03, Kelapa Dua, Kelapa Dua, Kota Depok', '081785275867', NULL, '2026-06-29 02:13:08', '2026-06-29 02:13:08'),
(604, 143, '5390621087', 'Rahayu Panjaitan', 'P', 'Jl. Mawar No. 63 RT 03/RW 06, Beji Timur, Beji, Kota Depok', '087771862275', NULL, '2026-06-29 02:13:08', '2026-06-29 02:13:08'),
(605, 143, '5682863414', 'Arjuna Ginting', 'L', 'Jl. Seroja No. 150 RT 06/RW 07, Cinere, Cinere, Kota Depok', '087806020281', NULL, '2026-06-29 02:13:08', '2026-06-29 02:13:08'),
(606, 143, '7461544186', 'Dion Aldi Wahyuni', 'L', 'Jl. Merdeka No. 57 RT 07/RW 01, Harjamukti, Cimanggis, Kota Depok', '081353895192', NULL, '2026-06-29 02:13:08', '2026-06-29 02:13:08'),
(607, 143, '4140714731', 'Bella Ginting', 'P', 'Jl. Proklamasi No. 106 RT 07/RW 03, Duren Seribu, Sawangan, Kota Depok', '081533763852', NULL, '2026-06-29 02:13:08', '2026-06-29 02:13:08'),
(608, 143, '1067220442', 'Rangga Eka Situmorang', 'L', 'Jl. Raya Bogor No. 89 RT 10/RW 02, Rangkapan Jaya, Pancoran Mas, Kota Depok', '081197564181', NULL, '2026-06-29 02:13:08', '2026-06-29 02:13:08'),
(609, 143, '3167576026', 'Amanda Rahayu Kusuma', 'P', 'Jl. Raya Sawangan No. 139 RT 13/RW 01, Tapos, Tapos, Kota Depok', '081112555810', NULL, '2026-06-29 02:13:08', '2026-06-29 02:13:08'),
(610, 143, '6952501588', 'Mahesa Citra Santika', 'L', 'Jl. Siliwangi No. 4 RT 14/RW 05, Duren Seribu, Sawangan, Kota Depok', '081254317944', NULL, '2026-06-29 02:13:08', '2026-06-29 02:13:08'),
(611, 143, '4296136644', 'Krisna Permata Purba', 'L', 'Jl. Limo Raya No. 26 RT 10/RW 07, Tapos, Tapos, Kota Depok', '082275503464', NULL, '2026-06-29 02:13:08', '2026-06-29 02:13:08'),
(612, 143, '5062170665', 'Yogi Nur Simanullang', 'L', 'Jl. Seroja No. 107 RT 09/RW 01, Cipayung, Cipayung, Kota Depok', '082316226406', NULL, '2026-06-29 02:13:09', '2026-06-29 02:13:09'),
(613, 143, '6863220558', 'Amir Budi Simbolon', 'L', 'Jl. H. Djuanda No. 113 RT 08/RW 07, Sukamaju, Sukmajaya, Kota Depok', '081620461586', NULL, '2026-06-29 02:13:09', '2026-06-29 02:13:09'),
(614, 143, '5724825436', 'Naufal Suranta', 'L', 'Jl. Flamboyan No. 25 RT 14/RW 03, Grogol, Limo, Kota Depok', '082198929718', NULL, '2026-06-29 02:13:09', '2026-06-29 02:13:09'),
(615, 143, '2994976400', 'Fathan Citra Gunawan', 'L', 'Jl. Raya Citayam No. 65 RT 11/RW 06, Pondok Jaya, Bojong Sari, Kota Depok', '081282912804', NULL, '2026-06-29 02:13:09', '2026-06-29 02:13:09'),
(616, 143, '3857437439', 'Andika Galih Hidayat', 'L', 'Jl. Anggrek No. 118 RT 04/RW 07, Krukut, Limo, Kota Depok', '081791219647', NULL, '2026-06-29 02:13:09', '2026-06-29 02:13:09'),
(617, 143, '2049832836', 'Arman Putri Rahayu', 'L', 'Jl. Sukmajaya Raya No. 67 RT 10/RW 08, Sukamaju, Sukmajaya, Kota Depok', '081553257153', NULL, '2026-06-29 02:13:09', '2026-06-29 02:13:09'),
(618, 143, '4849610920', 'Ilham Sinambela', 'L', 'Jl. Cinere Raya No. 138 RT 05/RW 05, Beji Timur, Beji, Kota Depok', '087866244947', NULL, '2026-06-29 02:13:09', '2026-06-29 02:13:09'),
(619, 143, '1141199923', 'Wahyu Fitri Sari', 'L', 'Jl. Cisalak Raya No. 58 RT 15/RW 01, Sukamaju Baru, Kelapa Dua, Kota Depok', '089815303573', NULL, '2026-06-29 02:13:09', '2026-06-29 02:13:09'),
(620, 143, '7928117383', 'Cahya Putri Santoso', 'L', 'Jl. Cempaka No. 150 RT 06/RW 07, Beji Timur, Beji, Kota Depok', '081173804624', NULL, '2026-06-29 02:13:09', '2026-06-29 02:13:09'),
(621, 143, '4735527360', 'Faris Hutabarat', 'L', 'Jl. Nusantara No. 63 RT 03/RW 02, Bojong Sari, Bojong Sari, Kota Depok', '081611418188', NULL, '2026-06-29 02:13:09', '2026-06-29 02:13:09'),
(622, 144, '8365656166', 'Nurul Purba', 'P', 'Jl. Kenanga No. 86 RT 01/RW 03, Pancoran Mas, Pancoran Mas, Kota Depok', '085351123985', NULL, '2026-06-29 02:13:09', '2026-06-29 02:13:09'),
(623, 144, '9047509888', 'Bunga Wati', 'P', 'Jl. Nusantara No. 130 RT 01/RW 05, Sukamaju, Sukmajaya, Kota Depok', '085261445433', NULL, '2026-06-29 02:13:09', '2026-06-29 02:13:09'),
(624, 144, '9442390368', 'Nia Eka Hasanah', 'P', 'Jl. Raya Bogor No. 126 RT 12/RW 01, Jatijajar, Tapos, Kota Depok', '085856087067', NULL, '2026-06-29 02:13:09', '2026-06-29 02:13:09'),
(625, 144, '1211860810', 'Budi Setiawan', 'L', 'Jl. Anggrek No. 34 RT 08/RW 07, Gandul, Cinere, Kota Depok', '082288386741', NULL, '2026-06-29 02:13:09', '2026-06-29 02:13:09'),
(626, 144, '5509338054', 'Amanda Fitriani', 'P', 'Jl. Beji Raya No. 77 RT 07/RW 07, Kukusan, Beji, Kota Depok', '081683943736', NULL, '2026-06-29 02:13:09', '2026-06-29 02:13:09'),
(627, 144, '4968849511', 'Akbar Ramadhan', 'L', 'Jl. Cisalak Raya No. 95 RT 12/RW 01, Cinere, Cinere, Kota Depok', '081503352550', NULL, '2026-06-29 02:13:09', '2026-06-29 02:13:09'),
(628, 144, '5311993196', 'Rini Sumarno', 'P', 'Jl. Cipayung Raya No. 57 RT 02/RW 04, Meruyung, Limo, Kota Depok', '089636278353', NULL, '2026-06-29 02:13:09', '2026-06-29 02:13:09'),
(629, 144, '2770781298', 'Yunita Hidayat', 'P', 'Jl. Cinere Raya No. 145 RT 10/RW 02, Mampang, Pancoran Mas, Kota Depok', '085192723796', NULL, '2026-06-29 02:13:09', '2026-06-29 02:13:09'),
(630, 144, '9628139866', 'Puspita Hasanah', 'P', 'Jl. Melati No. 20 RT 11/RW 02, Leuwinanggung, Tapos, Kota Depok', '085899965442', NULL, '2026-06-29 02:13:09', '2026-06-29 02:13:09'),
(631, 144, '7628690704', 'Farida Fitriani', 'P', 'Jl. Raya Cibubur No. 9 RT 14/RW 08, Bojong Pondok Terong, Cipayung, Kota Depok', '081593677815', NULL, '2026-06-29 02:13:09', '2026-06-29 02:13:09'),
(632, 144, '6955859976', 'Rahayu Nur Putra', 'P', 'Jl. Raya Bogor No. 8 RT 12/RW 08, Pondok Jaya, Bojong Sari, Kota Depok', '087846289723', NULL, '2026-06-29 02:13:09', '2026-06-29 02:13:09'),
(633, 144, '7199890229', 'Ayu Susanto', 'P', 'Jl. Kenanga No. 51 RT 10/RW 06, Depok, Pancoran Mas, Kota Depok', '089678413786', NULL, '2026-06-29 02:13:09', '2026-06-29 02:13:09'),
(634, 144, '9457905823', 'Bunga Hendra Simbolon', 'P', 'Jl. Raya Cibubur No. 149 RT 14/RW 05, Depok, Pancoran Mas, Kota Depok', '089764465676', NULL, '2026-06-29 02:13:09', '2026-06-29 02:13:09'),
(635, 144, '2163235105', 'Rini Nainggolan', 'P', 'Jl. Pahlawan No. 78 RT 12/RW 06, Kukusan, Beji, Kota Depok', '085318534932', NULL, '2026-06-29 02:13:09', '2026-06-29 02:13:09'),
(636, 144, '9866346113', 'Adi Hasanah', 'L', 'Jl. Kenanga No. 70 RT 12/RW 03, Pangkalan Jati Baru, Cinere, Kota Depok', '085341466719', NULL, '2026-06-29 02:13:09', '2026-06-29 02:13:09'),
(637, 144, '5661101118', 'Anggi Firmansyah', 'P', 'Jl. Cempaka No. 36 RT 13/RW 08, Depok, Pancoran Mas, Kota Depok', '081763886135', NULL, '2026-06-29 02:13:09', '2026-06-29 02:13:09'),
(638, 144, '1175767391', 'Rizky Hakim', 'L', 'Jl. Flamboyan No. 73 RT 04/RW 07, Krukut, Limo, Kota Depok', '085147501929', NULL, '2026-06-29 02:13:09', '2026-06-29 02:13:09'),
(639, 144, '8034470372', 'Puspita Galih Nainggolan', 'P', 'Jl. H. Djuanda No. 60 RT 09/RW 07, Krukut, Limo, Kota Depok', '082396790336', NULL, '2026-06-29 02:13:09', '2026-06-29 02:13:09'),
(640, 144, '6988615284', 'Danu Manurung', 'L', 'Jl. H. Djuanda No. 127 RT 15/RW 06, Meruyung, Limo, Kota Depok', '081355433905', NULL, '2026-06-29 02:13:09', '2026-06-29 02:13:09'),
(641, 144, '5675897566', 'Devano Yusuf', 'L', 'Jl. Raya Cibubur No. 108 RT 07/RW 01, Tapos, Tapos, Kota Depok', '087701723679', NULL, '2026-06-29 02:13:09', '2026-06-29 02:13:09'),
(642, 144, '8678658519', 'Yosi Yusuf', 'P', 'Jl. Dahlia No. 119 RT 11/RW 03, Kelapa Dua, Kelapa Dua, Kota Depok', '085603087911', NULL, '2026-06-29 02:13:09', '2026-06-29 02:13:09'),
(643, 144, '9628508903', 'Zainal Agung Haryanto', 'L', 'Jl. H. Djuanda No. 113 RT 07/RW 01, Depok, Pancoran Mas, Kota Depok', '089778666539', NULL, '2026-06-29 02:13:09', '2026-06-29 02:13:09'),
(644, 144, '2322544418', 'Novi Hasanah', 'P', 'Jl. Dahlia No. 22 RT 03/RW 06, Mampang, Pancoran Mas, Kota Depok', '085621431941', NULL, '2026-06-29 02:13:09', '2026-06-29 02:13:09'),
(645, 144, '7305951681', 'Aulia Pratama', 'P', 'Jl. Raya Cibubur No. 5 RT 02/RW 01, Curug, Kelapa Dua, Kota Depok', '085208360142', NULL, '2026-06-29 02:13:09', '2026-06-29 02:13:09'),
(646, 144, '8774849581', 'Teguh Fitri Manurung', 'L', 'Jl. Raya Parung No. 4 RT 11/RW 06, Harjamukti, Cimanggis, Kota Depok', '089661883271', NULL, '2026-06-29 02:13:09', '2026-06-29 02:13:09'),
(647, 144, '4879888044', 'Siti Dwi Simbolon', 'P', 'Jl. Cinere Raya No. 9 RT 05/RW 05, Pancoran Mas, Pancoran Mas, Kota Depok', '081146123948', NULL, '2026-06-29 02:13:09', '2026-06-29 02:13:09'),
(648, 144, '3367423450', 'Sari Simanullang', 'P', 'Jl. Kartini No. 12 RT 05/RW 04, Bojong Sari, Bojong Sari, Kota Depok', '089648898082', NULL, '2026-06-29 02:13:09', '2026-06-29 02:13:09'),
(649, 144, '9979408649', 'Laras Nasution', 'P', 'Jl. Tugu Raya No. 141 RT 05/RW 08, Tapos, Tapos, Kota Depok', '087759125198', NULL, '2026-06-29 02:13:09', '2026-06-29 02:13:09'),
(650, 144, '6074558180', 'Surya Sanjaya', 'L', 'Jl. Raya Sawangan No. 23 RT 01/RW 05, Gandul, Cinere, Kota Depok', '085607179156', NULL, '2026-06-29 02:13:09', '2026-06-29 02:13:09'),
(651, 144, '7286991509', 'Ilham Anggraini', 'L', 'Jl. Tapos Raya No. 44 RT 03/RW 02, Bojong Pondok Terong, Cipayung, Kota Depok', '081627603359', NULL, '2026-06-29 02:13:09', '2026-06-29 02:13:09'),
(652, 144, '4483946701', 'Risma Ginting', 'P', 'Jl. Sukmajaya Raya No. 76 RT 06/RW 04, Ratujaya, Cipayung, Kota Depok', '087868431906', NULL, '2026-06-29 02:13:09', '2026-06-29 02:13:09'),
(653, 144, '1218178686', 'Ilham Galih Panjaitan', 'L', 'Jl. H. Djuanda No. 21 RT 12/RW 02, Duren Seribu, Sawangan, Kota Depok', '085687554048', NULL, '2026-06-29 02:13:09', '2026-06-29 02:13:09'),
(654, 144, '8281755674', 'Nurul Sudrajat', 'P', 'Jl. Limo Raya No. 53 RT 09/RW 02, Baktijaya, Sukmajaya, Kota Depok', '085263801093', NULL, '2026-06-29 02:13:09', '2026-06-29 02:13:09'),
(655, 145, '3414377282', 'Galang Suranta', 'L', 'Jl. Sawangan Raya No. 40 RT 14/RW 06, Pondok Cina, Beji, Kota Depok', '089616070170', NULL, '2026-06-29 02:13:09', '2026-06-29 02:13:09'),
(656, 145, '3596919542', 'Puspita Tri Santoso', 'P', 'Jl. Cipayung Raya No. 106 RT 14/RW 05, Bedahan, Sawangan, Kota Depok', '085871453088', NULL, '2026-06-29 02:13:09', '2026-06-29 02:13:09'),
(657, 145, '9953010386', 'Yeni Wati', 'P', 'Jl. Siliwangi No. 60 RT 10/RW 07, Sukatani, Tapos, Kota Depok', '081142618560', NULL, '2026-06-29 02:13:09', '2026-06-29 02:13:09'),
(658, 145, '2020348838', 'Dinda Rahmawati', 'P', 'Jl. Raya Sawangan No. 67 RT 08/RW 06, Depok, Pancoran Mas, Kota Depok', '082254788790', NULL, '2026-06-29 02:13:09', '2026-06-29 02:13:09'),
(659, 145, '7739119292', 'Alya Rahayu Nuraini', 'P', 'Jl. Melati No. 10 RT 05/RW 07, Sukamaju Baru, Kelapa Dua, Kota Depok', '081379499878', NULL, '2026-06-29 02:13:09', '2026-06-29 02:13:09'),
(660, 145, '9645160205', 'Ahmad Suranta', 'L', 'Jl. Imam Bonjol No. 73 RT 02/RW 08, Bojong Sari, Bojong Sari, Kota Depok', '087792755383', NULL, '2026-06-29 02:13:09', '2026-06-29 02:13:09'),
(661, 145, '4232431755', 'Amanda Napitupulu', 'P', 'Jl. H. Djuanda No. 20 RT 10/RW 05, Duren Seribu, Sawangan, Kota Depok', '082244984705', NULL, '2026-06-29 02:13:09', '2026-06-29 02:13:09'),
(662, 145, '4625799572', 'Rina Budi Dewi', 'P', 'Jl. Diponegoro No. 144 RT 01/RW 02, Tugu, Cimanggis, Kota Depok', '081770518604', NULL, '2026-06-29 02:13:09', '2026-06-29 02:13:09'),
(663, 145, '1386981217', 'Eva Nugroho', 'P', 'Jl. Gatot Subroto No. 60 RT 13/RW 07, Cipayung Jaya, Cipayung, Kota Depok', '085653500443', NULL, '2026-06-29 02:13:09', '2026-06-29 02:13:09'),
(664, 145, '5002620340', 'Rahma Fadli Wijaya', 'P', 'Jl. Raya Sawangan No. 69 RT 13/RW 08, Meruyung, Limo, Kota Depok', '081208852490', NULL, '2026-06-29 02:13:09', '2026-06-29 02:13:09'),
(665, 145, '7650479162', 'Zahra Santoso', 'P', 'Jl. Raya Parung No. 57 RT 03/RW 01, Leuwinanggung, Tapos, Kota Depok', '081127190537', NULL, '2026-06-29 02:13:09', '2026-06-29 02:13:09'),
(666, 145, '5461521689', 'Panji Santika', 'L', 'Jl. Mawar No. 100 RT 07/RW 03, Tapos, Tapos, Kota Depok', '085331336476', NULL, '2026-06-29 02:13:09', '2026-06-29 02:13:09'),
(667, 145, '4435104166', 'Rahmawati Firmansyah', 'P', 'Jl. Dahlia No. 68 RT 12/RW 01, Tugu, Cimanggis, Kota Depok', '081143337907', NULL, '2026-06-29 02:13:09', '2026-06-29 02:13:09'),
(668, 145, '2024258581', 'Teguh Manurung', 'L', 'Jl. Raya Sawangan No. 110 RT 10/RW 02, Cinere, Cinere, Kota Depok', '081555938445', NULL, '2026-06-29 02:13:09', '2026-06-29 02:13:09'),
(669, 145, '2557021515', 'Nida Nasution', 'P', 'Jl. Sukmajaya Raya No. 89 RT 01/RW 03, Curug, Kelapa Dua, Kota Depok', '085176628037', NULL, '2026-06-29 02:13:09', '2026-06-29 02:13:09'),
(670, 145, '8498123109', 'Budi Citra Lestari', 'L', 'Jl. Margonda Raya No. 10 RT 03/RW 06, Mekarsari, Cimanggis, Kota Depok', '082138396136', NULL, '2026-06-29 02:13:09', '2026-06-29 02:13:09'),
(671, 145, '7975933894', 'Nabila Subagyo', 'P', 'Jl. Raya Cibubur No. 22 RT 04/RW 06, Curug, Kelapa Dua, Kota Depok', '085217031269', NULL, '2026-06-29 02:13:09', '2026-06-29 02:13:09'),
(672, 145, '8393063583', 'Bunga Sanjaya', 'P', 'Jl. Flamboyan No. 81 RT 10/RW 05, Beji, Beji, Kota Depok', '085679311417', NULL, '2026-06-29 02:13:09', '2026-06-29 02:13:09'),
(673, 145, '5518573323', 'Hendra Citra Yusuf', 'L', 'Jl. Anggrek No. 49 RT 10/RW 04, Cipayung Jaya, Cipayung, Kota Depok', '087745806059', NULL, '2026-06-29 02:13:09', '2026-06-29 02:13:09'),
(674, 145, '4783230958', 'Rahma Putra', 'P', 'Jl. Merdeka No. 133 RT 02/RW 08, Bojong Sari, Bojong Sari, Kota Depok', '081779317986', NULL, '2026-06-29 02:13:09', '2026-06-29 02:13:09'),
(675, 145, '2614958524', 'Wulan Sanjaya', 'P', 'Jl. Raya Cibubur No. 147 RT 08/RW 08, Limo, Limo, Kota Depok', '081514691499', NULL, '2026-06-29 02:13:09', '2026-06-29 02:13:09'),
(676, 145, '7949078486', 'Ayu Putri Wati', 'P', 'Jl. Pajajaran No. 3 RT 09/RW 04, Pondok Jaya, Bojong Sari, Kota Depok', '082243001931', NULL, '2026-06-29 02:13:09', '2026-06-29 02:13:09'),
(677, 145, '2242335620', 'Ayu Ningrum', 'P', 'Jl. Kartini No. 119 RT 06/RW 07, Beji, Beji, Kota Depok', '085818245410', NULL, '2026-06-29 02:13:09', '2026-06-29 02:13:09'),
(678, 145, '6632209798', 'Hani Maulida Rahmawati', 'P', 'Jl. Beji Raya No. 21 RT 11/RW 02, Tirtajaya, Sukmajaya, Kota Depok', '089629159233', NULL, '2026-06-29 02:13:09', '2026-06-29 02:13:09'),
(679, 145, '4881435222', 'Tri Fitri Sudrajat', 'L', 'Jl. Mawar No. 72 RT 12/RW 03, Gandul, Cinere, Kota Depok', '082320975348', NULL, '2026-06-29 02:13:09', '2026-06-29 02:13:09'),
(680, 145, '3136329855', 'Nabila Sembiring', 'P', 'Jl. Seroja No. 83 RT 15/RW 07, Mampang, Pancoran Mas, Kota Depok', '085258674985', NULL, '2026-06-29 02:13:09', '2026-06-29 02:13:09'),
(681, 145, '8090246517', 'Yuli Dwi Wahyuni', 'P', 'Jl. Proklamasi No. 44 RT 03/RW 08, Serua, Bojong Sari, Kota Depok', '089796100124', NULL, '2026-06-29 02:13:09', '2026-06-29 02:13:09'),
(682, 145, '2006456673', 'Putri Wulan Tarigan', 'P', 'Jl. Diponegoro No. 37 RT 02/RW 08, Baktijaya, Sukmajaya, Kota Depok', '082304778369', NULL, '2026-06-29 02:13:09', '2026-06-29 02:13:09'),
(683, 145, '7554562363', 'Akbar Cahyo Firdaus', 'L', 'Jl. Proklamasi No. 88 RT 04/RW 01, Pangkalan Jati, Cinere, Kota Depok', '085857430227', NULL, '2026-06-29 02:13:09', '2026-06-29 02:13:09'),
(684, 145, '3147008667', 'Rini Danu Lubis', 'P', 'Jl. Imam Bonjol No. 44 RT 08/RW 07, Jatijajar, Tapos, Kota Depok', '082343643423', NULL, '2026-06-29 02:13:09', '2026-06-29 02:13:09'),
(685, 145, '7005015763', 'Fadila Yusuf', 'P', 'Jl. Flamboyan No. 31 RT 05/RW 07, Sawangan, Sawangan, Kota Depok', '085371356897', NULL, '2026-06-29 02:13:09', '2026-06-29 02:13:09'),
(686, 145, '2791796668', 'Intan Rahayu Sembiring', 'P', 'Jl. Tugu Raya No. 70 RT 02/RW 03, Ratujaya, Cipayung, Kota Depok', '085311878917', NULL, '2026-06-29 02:13:09', '2026-06-29 02:13:09'),
(687, 145, '8965899701', 'Umar Subagyo', 'L', 'Jl. Kelapa Dua Raya No. 66 RT 08/RW 04, Pengasinan, Sawangan, Kota Depok', '085866252662', NULL, '2026-06-29 02:13:09', '2026-06-29 02:13:09'),
(688, 146, '3459763482', 'Fatimah Lubis', 'P', 'Jl. Raya Cibubur No. 51 RT 15/RW 07, Kelapa Dua, Kelapa Dua, Kota Depok', '085274608985', NULL, '2026-06-29 02:13:09', '2026-06-29 02:13:09'),
(689, 146, '7626816837', 'Yeni Wahyu Subagyo', 'P', 'Jl. Tugu Raya No. 50 RT 03/RW 05, Beji Timur, Beji, Kota Depok', '085368780778', NULL, '2026-06-29 02:13:09', '2026-06-29 02:13:09'),
(690, 146, '6035253760', 'Zaki Manurung', 'L', 'Jl. Nusantara No. 72 RT 12/RW 07, Gandul, Cinere, Kota Depok', '085638077370', NULL, '2026-06-29 02:13:09', '2026-06-29 02:13:09'),
(691, 146, '8357124445', 'Arman Nainggolan', 'L', 'Jl. Mawar No. 111 RT 05/RW 03, Sukamaju, Sukmajaya, Kota Depok', '082110467520', NULL, '2026-06-29 02:13:09', '2026-06-29 02:13:09'),
(692, 146, '6532081930', 'Dian Firdaus', 'P', 'Jl. Tugu Raya No. 5 RT 03/RW 04, Bojong Sari, Bojong Sari, Kota Depok', '081355480985', NULL, '2026-06-29 02:13:09', '2026-06-29 02:13:09'),
(693, 146, '9093541552', 'Yogi Fadli Ginting', 'L', 'Jl. Kartini No. 55 RT 05/RW 05, Pangkalan Jati Baru, Cinere, Kota Depok', '085393166616', NULL, '2026-06-29 02:13:09', '2026-06-29 02:13:09'),
(694, 146, '6701150413', 'Tiara Wijaya', 'P', 'Jl. Merdeka No. 119 RT 05/RW 05, Mekarsari, Cimanggis, Kota Depok', '081162345290', NULL, '2026-06-29 02:13:09', '2026-06-29 02:13:09'),
(695, 146, '1962339286', 'Surya Yusuf', 'L', 'Jl. Raya Citayam No. 123 RT 13/RW 03, Sukamaju Baru, Kelapa Dua, Kota Depok', '085193302470', NULL, '2026-06-29 02:13:09', '2026-06-29 02:13:09'),
(696, 146, '9598804521', 'Budi Putri Nuraini', 'L', 'Jl. Siliwangi No. 91 RT 06/RW 04, Cipayung Jaya, Cipayung, Kota Depok', '082112466277', NULL, '2026-06-29 02:13:09', '2026-06-29 02:13:09'),
(697, 146, '1253156412', 'Melisa Sanjaya', 'P', 'Jl. Proklamasi No. 21 RT 15/RW 05, Cipayung Jaya, Cipayung, Kota Depok', '085704836652', NULL, '2026-06-29 02:13:09', '2026-06-29 02:13:09'),
(698, 146, '1927844118', 'Vina Hendra Setiawan', 'P', 'Jl. Anggrek No. 98 RT 07/RW 08, Sawangan, Sawangan, Kota Depok', '081166434883', NULL, '2026-06-29 02:13:09', '2026-06-29 02:13:09'),
(699, 146, '2837211377', 'Budi Sudrajat', 'L', 'Jl. Melati No. 60 RT 01/RW 07, Bedahan, Sawangan, Kota Depok', '081162807617', NULL, '2026-06-29 02:13:09', '2026-06-29 02:13:09'),
(700, 146, '4911383537', 'Herlan Simanjuntak', 'L', 'Jl. Sawangan Raya No. 110 RT 06/RW 05, Beji, Beji, Kota Depok', '082138393904', NULL, '2026-06-29 02:13:09', '2026-06-29 02:13:09'),
(701, 146, '5959670682', 'Ragil Maulida Hutabarat', 'L', 'Jl. Imam Bonjol No. 19 RT 06/RW 03, Pangkalan Jati Baru, Cinere, Kota Depok', '082217741947', NULL, '2026-06-29 02:13:09', '2026-06-29 02:13:09'),
(702, 146, '7615597286', 'Siti Indah Anggraini', 'P', 'Jl. Mawar No. 136 RT 09/RW 08, Cilangkap, Tapos, Kota Depok', '089677903284', NULL, '2026-06-29 02:13:09', '2026-06-29 02:13:09'),
(703, 146, '4654026490', 'Nadya Siregar', 'P', 'Jl. Flamboyan No. 63 RT 05/RW 05, Cimpaeun, Tapos, Kota Depok', '085650867153', NULL, '2026-06-29 02:13:09', '2026-06-29 02:13:09'),
(704, 146, '8660536942', 'Puspita Hakim', 'P', 'Jl. Melati No. 110 RT 15/RW 05, Cimpaeun, Tapos, Kota Depok', '089759235288', NULL, '2026-06-29 02:13:09', '2026-06-29 02:13:09'),
(705, 146, '6240796335', 'Yosi Anggraini', 'P', 'Jl. H. Djuanda No. 78 RT 14/RW 03, Sukamaju Baru, Kelapa Dua, Kota Depok', '087857202623', NULL, '2026-06-29 02:13:09', '2026-06-29 02:13:09'),
(706, 146, '5932195819', 'Dewi Putri Subagyo', 'P', 'Jl. Kartini No. 67 RT 09/RW 04, Pasir Gunung Selatan, Cimanggis, Kota Depok', '085246751575', NULL, '2026-06-29 02:13:09', '2026-06-29 02:13:09'),
(707, 146, '5016994666', 'Zulfikar Gunawan', 'L', 'Jl. Raya Cibubur No. 112 RT 03/RW 07, Curug, Kelapa Dua, Kota Depok', '085794976433', NULL, '2026-06-29 02:13:09', '2026-06-29 02:13:09'),
(708, 146, '9268889738', 'Zainal Panjaitan', 'L', 'Jl. Kartini No. 27 RT 13/RW 05, Pangkalan Jati, Cinere, Kota Depok', '085759454474', NULL, '2026-06-29 02:13:09', '2026-06-29 02:13:09'),
(709, 146, '9252640206', 'Risma Situmorang', 'P', 'Jl. Sawangan Raya No. 142 RT 15/RW 04, Pangkalan Jati Baru, Cinere, Kota Depok', '081743378283', NULL, '2026-06-29 02:13:09', '2026-06-29 02:13:09'),
(710, 146, '1909158613', 'Wendi Nainggolan', 'L', 'Jl. Dahlia No. 138 RT 13/RW 07, Sawangan Baru, Sawangan, Kota Depok', '085768983611', NULL, '2026-06-29 02:13:09', '2026-06-29 02:13:09'),
(711, 146, '6988103986', 'Nurafni Pratama', 'P', 'Jl. Gatot Subroto No. 12 RT 03/RW 07, Pondok Cina, Beji, Kota Depok', '081200956538', NULL, '2026-06-29 02:13:09', '2026-06-29 02:13:09'),
(712, 146, '2211701231', 'Maulana Haryanto', 'L', 'Jl. H. Djuanda No. 147 RT 12/RW 06, Tugu, Cimanggis, Kota Depok', '089795849632', NULL, '2026-06-29 02:13:09', '2026-06-29 02:13:09'),
(713, 146, '7361110919', 'Anisa Nugroho', 'P', 'Jl. Limo Raya No. 78 RT 15/RW 01, Baktijaya, Sukmajaya, Kota Depok', '081170908394', NULL, '2026-06-29 02:13:09', '2026-06-29 02:13:09'),
(714, 146, '3159184517', 'Fauzia Sembiring', 'P', 'Jl. Raya Bogor No. 35 RT 11/RW 02, Meruyung, Limo, Kota Depok', '081603071076', NULL, '2026-06-29 02:13:09', '2026-06-29 02:13:09'),
(715, 146, '5617414239', 'Ivan Anggraini', 'L', 'Jl. Siliwangi No. 92 RT 11/RW 04, Cipayung Jaya, Cipayung, Kota Depok', '089601055312', NULL, '2026-06-29 02:13:09', '2026-06-29 02:13:09'),
(716, 146, '7504143758', 'Uswatun Lestari', 'P', 'Jl. Cempaka No. 123 RT 12/RW 04, Tapos, Tapos, Kota Depok', '081272875236', NULL, '2026-06-29 02:13:09', '2026-06-29 02:13:09'),
(717, 146, '8730651223', 'Dian Nuraini', 'P', 'Jl. Kelapa Dua Raya No. 97 RT 15/RW 05, Meruyung, Limo, Kota Depok', '085388247120', NULL, '2026-06-29 02:13:09', '2026-06-29 02:13:09'),
(718, 146, '7074632325', 'Diah Aldi Sanjaya', 'P', 'Jl. Raya Depok No. 94 RT 06/RW 03, Curug, Cimanggis, Kota Depok', '085363313398', NULL, '2026-06-29 02:13:09', '2026-06-29 02:13:09'),
(719, 146, '2689952274', 'Hana Sukma', 'P', 'Jl. Imam Bonjol No. 54 RT 04/RW 08, Curug, Kelapa Dua, Kota Depok', '085262830268', NULL, '2026-06-29 02:13:09', '2026-06-29 02:13:09'),
(720, 146, '1183831398', 'Alfarizi Dewi', 'L', 'Jl. Merdeka No. 16 RT 04/RW 06, Pangkalan Jati, Cinere, Kota Depok', '082304147266', NULL, '2026-06-29 02:13:09', '2026-06-29 02:13:09'),
(721, 146, '2511637267', 'Arum Aldi Firdaus', 'P', 'Jl. Cemara No. 116 RT 08/RW 06, Bojong Sari, Bojong Sari, Kota Depok', '087727593616', NULL, '2026-06-29 02:13:09', '2026-06-29 02:13:09'),
(722, 147, '8986399827', 'Herlan Saputra', 'L', 'Jl. Nusantara No. 103 RT 01/RW 07, Bojong Sari Baru, Bojong Sari, Kota Depok', '087827341763', NULL, '2026-06-29 02:13:09', '2026-06-29 02:13:09'),
(723, 147, '3970292181', 'Ahmad Setiawan', 'L', 'Jl. Beji Raya No. 141 RT 07/RW 03, Harjamukti, Cimanggis, Kota Depok', '085614405133', NULL, '2026-06-29 02:13:09', '2026-06-29 02:13:09'),
(724, 147, '8602337784', 'Haris Siregar', 'L', 'Jl. Seroja No. 77 RT 14/RW 07, Meruyung, Limo, Kota Depok', '082149670216', NULL, '2026-06-29 02:13:09', '2026-06-29 02:13:09'),
(725, 147, '6100342799', 'Nurul Hutabarat', 'P', 'Jl. Cisalak Raya No. 65 RT 05/RW 04, Pangkalan Jati Baru, Cinere, Kota Depok', '081705851375', NULL, '2026-06-29 02:13:09', '2026-06-29 02:13:09'),
(726, 147, '7224449357', 'Yuli Nugroho', 'P', 'Jl. Siliwangi No. 21 RT 07/RW 03, Bedahan, Sawangan, Kota Depok', '089880604565', NULL, '2026-06-29 02:13:09', '2026-06-29 02:13:09'),
(727, 147, '5676562996', 'Alif Manurung', 'L', 'Jl. Margonda Raya No. 45 RT 04/RW 02, Curug, Kelapa Dua, Kota Depok', '081200586474', NULL, '2026-06-29 02:13:09', '2026-06-29 02:13:09'),
(728, 147, '9392498220', 'Fajar Anggraini', 'L', 'Jl. Cisalak Raya No. 132 RT 03/RW 02, Cilangkap, Tapos, Kota Depok', '082243433900', NULL, '2026-06-29 02:13:09', '2026-06-29 02:13:09'),
(729, 147, '9726674644', 'Diah Subagyo', 'P', 'Jl. Ahmad Yani No. 45 RT 03/RW 01, Sukamaju Baru, Kelapa Dua, Kota Depok', '081283033454', NULL, '2026-06-29 02:13:09', '2026-06-29 02:13:09'),
(730, 147, '9418539654', 'Dinda Permata Dewi', 'P', 'Jl. Limo Raya No. 53 RT 10/RW 02, Kelapa Dua, Kelapa Dua, Kota Depok', '089614426585', NULL, '2026-06-29 02:13:09', '2026-06-29 02:13:09'),
(731, 147, '8964546449', 'Robi Sumarno', 'L', 'Jl. Raya Bogor No. 50 RT 13/RW 02, Krukut, Limo, Kota Depok', '082389179850', NULL, '2026-06-29 02:13:09', '2026-06-29 02:13:09'),
(732, 147, '4831692290', 'Rahmat Fadillah', 'L', 'Jl. Pajajaran No. 31 RT 11/RW 07, Pondok Cina, Beji, Kota Depok', '085383407424', NULL, '2026-06-29 02:13:09', '2026-06-29 02:13:09'),
(733, 147, '7823860738', 'Hani Jaya Saputra', 'P', 'Jl. Imam Bonjol No. 30 RT 03/RW 06, Cilangkap, Tapos, Kota Depok', '085291451144', NULL, '2026-06-29 02:13:09', '2026-06-29 02:13:09'),
(734, 147, '1390536473', 'Bima Kusuma Lubis', 'L', 'Jl. H. Djuanda No. 75 RT 09/RW 07, Kelapa Dua, Kelapa Dua, Kota Depok', '081152598022', NULL, '2026-06-29 02:13:09', '2026-06-29 02:13:09'),
(735, 147, '1264722962', 'Taufik Sembiring', 'L', 'Jl. Ahmad Yani No. 31 RT 10/RW 01, Tonjong, Bojong Sari, Kota Depok', '089852876941', NULL, '2026-06-29 02:13:09', '2026-06-29 02:13:09'),
(736, 147, '8029375382', 'Siti Agung Anggraini', 'P', 'Jl. Raya Bogor No. 110 RT 04/RW 02, Pancoran Mas, Pancoran Mas, Kota Depok', '082365754262', NULL, '2026-06-29 02:13:09', '2026-06-29 02:13:09'),
(737, 147, '8517796682', 'Taufik Purba', 'L', 'Jl. Diponegoro No. 54 RT 11/RW 08, Sukamaju, Sukmajaya, Kota Depok', '081714500859', NULL, '2026-06-29 02:13:09', '2026-06-29 02:13:09'),
(738, 147, '5076022812', 'Yuli Simanullang', 'P', 'Jl. Cinere Raya No. 140 RT 14/RW 04, Bedahan, Sawangan, Kota Depok', '089827404940', NULL, '2026-06-29 02:13:09', '2026-06-29 02:13:09'),
(739, 147, '4432232716', 'Yunita Siregar', 'P', 'Jl. Melati No. 108 RT 02/RW 03, Tapos, Tapos, Kota Depok', '081667176079', NULL, '2026-06-29 02:13:09', '2026-06-29 02:13:09'),
(740, 147, '3619578417', 'Gita Gunawan', 'P', 'Jl. Flamboyan No. 140 RT 08/RW 08, Pangkalan Jati, Cinere, Kota Depok', '082344839336', NULL, '2026-06-29 02:13:09', '2026-06-29 02:13:09'),
(741, 147, '8964676979', 'Zidan Firmansyah', 'L', 'Jl. Sawangan Raya No. 101 RT 03/RW 01, Pangkalan Jati, Cinere, Kota Depok', '089700602813', NULL, '2026-06-29 02:13:09', '2026-06-29 02:13:09'),
(742, 147, '5383155481', 'Hani Fitriani', 'P', 'Jl. Limo Raya No. 94 RT 05/RW 01, Tanah Baru, Beji, Kota Depok', '089620802417', NULL, '2026-06-29 02:13:09', '2026-06-29 02:13:09'),
(743, 147, '2588727028', 'Muhammad Wati', 'L', 'Jl. Cisalak Raya No. 138 RT 12/RW 08, Leuwinanggung, Tapos, Kota Depok', '081665072003', NULL, '2026-06-29 02:13:09', '2026-06-29 02:13:09'),
(744, 147, '2862393411', 'Dava Indah Wahyuni', 'L', 'Jl. Raya Citayam No. 70 RT 08/RW 01, Jatijajar, Tapos, Kota Depok', '085880457644', NULL, '2026-06-29 02:13:09', '2026-06-29 02:13:09'),
(745, 147, '8637383876', 'Agnes Purba', 'P', 'Jl. Cinere Raya No. 69 RT 03/RW 03, Krukut, Limo, Kota Depok', '085304047631', NULL, '2026-06-29 02:13:09', '2026-06-29 02:13:09'),
(746, 147, '2133615626', 'Wulan Galih Panjaitan', 'P', 'Jl. Margonda Raya No. 40 RT 02/RW 02, Gandul, Cinere, Kota Depok', '089790637661', NULL, '2026-06-29 02:13:09', '2026-06-29 02:13:09'),
(747, 147, '3467759187', 'Lestari Nasution', 'P', 'Jl. Beji Raya No. 81 RT 02/RW 06, Pasir Gunung Selatan, Cimanggis, Kota Depok', '089676315119', NULL, '2026-06-29 02:13:09', '2026-06-29 02:13:09'),
(748, 147, '5265078863', 'Ryan Manurung', 'L', 'Jl. Cipayung Raya No. 33 RT 13/RW 01, Sawangan, Sawangan, Kota Depok', '081387644263', NULL, '2026-06-29 02:13:09', '2026-06-29 02:13:09'),
(749, 147, '8417226962', 'Wendi Simanjuntak', 'L', 'Jl. Merdeka No. 124 RT 12/RW 07, Pangkalan Jati Baru, Cinere, Kota Depok', '085886327053', NULL, '2026-06-29 02:13:09', '2026-06-29 02:13:09'),
(750, 147, '6571275271', 'Rangga Pratama', 'L', 'Jl. Cisalak Raya No. 91 RT 12/RW 04, Cipayung, Cipayung, Kota Depok', '085320390279', NULL, '2026-06-29 02:13:09', '2026-06-29 02:13:09'),
(751, 147, '2395506774', 'Cahya Fitri Fadillah', 'L', 'Jl. Raya Depok No. 62 RT 10/RW 01, Tugu, Cimanggis, Kota Depok', '085779636367', NULL, '2026-06-29 02:13:09', '2026-06-29 02:13:09'),
(752, 147, '9796263109', 'Budi Simanullang', 'L', 'Jl. Gatot Subroto No. 44 RT 05/RW 07, Depok, Pancoran Mas, Kota Depok', '087702185648', NULL, '2026-06-29 02:13:09', '2026-06-29 02:13:09'),
(753, 147, '6457188231', 'Yosi Ramadhan', 'P', 'Jl. Raya Citayam No. 18 RT 01/RW 04, Grogol, Limo, Kota Depok', '089853622672', NULL, '2026-06-29 02:13:09', '2026-06-29 02:13:09'),
(754, 147, '9894032423', 'Yuda Sudrajat', 'L', 'Jl. H. Djuanda No. 69 RT 10/RW 07, Cisalak, Cimanggis, Kota Depok', '085761117310', NULL, '2026-06-29 02:13:09', '2026-06-29 02:13:09'),
(755, 147, '3724359063', 'Nilam Aldi Anggraini', 'P', 'Jl. Limo Raya No. 59 RT 08/RW 05, Curug, Cimanggis, Kota Depok', '085848406772', NULL, '2026-06-29 02:13:09', '2026-06-29 02:13:09'),
(756, 148, '6448958067', 'Amanda Gunawan', 'P', 'Jl. Gatot Subroto No. 80 RT 06/RW 05, Pancoran Mas, Pancoran Mas, Kota Depok', '081731672155', NULL, '2026-06-29 02:13:09', '2026-06-29 02:13:09'),
(757, 148, '9389846739', 'Umar Sari Sari', 'L', 'Jl. Kelapa Dua Raya No. 57 RT 12/RW 05, Sukatani, Tapos, Kota Depok', '081229399998', NULL, '2026-06-29 02:13:09', '2026-06-29 02:13:09'),
(758, 148, '3197516304', 'Febrianti Maulana', 'P', 'Jl. Kelapa Dua Raya No. 8 RT 02/RW 04, Sukatani, Tapos, Kota Depok', '087786009933', NULL, '2026-06-29 02:13:09', '2026-06-29 02:13:09'),
(759, 148, '1413510639', 'Teguh Tri Ramadhan', 'L', 'Jl. Raya Citayam No. 8 RT 10/RW 03, Sawangan Baru, Sawangan, Kota Depok', '081137385758', NULL, '2026-06-29 02:13:09', '2026-06-29 02:13:09'),
(760, 148, '5077421990', 'Reni Situmorang', 'P', 'Jl. Cempaka No. 18 RT 03/RW 08, Sawangan, Sawangan, Kota Depok', '087801926369', NULL, '2026-06-29 02:13:09', '2026-06-29 02:13:09'),
(761, 148, '4143086293', 'Lisa Sumarno', 'P', 'Jl. Margonda Raya No. 23 RT 02/RW 02, Pondok Jaya, Bojong Sari, Kota Depok', '081303115210', NULL, '2026-06-29 02:13:09', '2026-06-29 02:13:09'),
(762, 148, '8027794571', 'Zaki Sari Haryanto', 'L', 'Jl. Cinere Raya No. 56 RT 11/RW 08, Bojong Pondok Terong, Cipayung, Kota Depok', '081136209470', NULL, '2026-06-29 02:13:09', '2026-06-29 02:13:09'),
(763, 148, '6949135114', 'Hani Jaya Nasution', 'P', 'Jl. Cipayung Raya No. 97 RT 14/RW 03, Beji, Beji, Kota Depok', '085394934174', NULL, '2026-06-29 02:13:09', '2026-06-29 02:13:09'),
(764, 148, '1913435386', 'Haikal Fitri Saputra', 'L', 'Jl. H. Djuanda No. 83 RT 13/RW 07, Krukut, Limo, Kota Depok', '085100021113', NULL, '2026-06-29 02:13:09', '2026-06-29 02:13:09'),
(765, 148, '3468579453', 'Rahma Anggraini', 'P', 'Jl. Akasia No. 116 RT 06/RW 06, Rangkapan Jaya, Pancoran Mas, Kota Depok', '081179125264', NULL, '2026-06-29 02:13:09', '2026-06-29 02:13:09'),
(766, 148, '7185618516', 'Rita Fadillah', 'P', 'Jl. Pajajaran No. 112 RT 13/RW 06, Grogol, Limo, Kota Depok', '081724093483', NULL, '2026-06-29 02:13:09', '2026-06-29 02:13:09'),
(767, 148, '6312013984', 'Arif Yusuf', 'L', 'Jl. Tapos Raya No. 108 RT 11/RW 01, Tugu, Cimanggis, Kota Depok', '089759510150', NULL, '2026-06-29 02:13:09', '2026-06-29 02:13:09'),
(768, 148, '7329557052', 'Ryan Lestari Wijaya', 'L', 'Jl. Nusantara No. 70 RT 06/RW 05, Depok, Pancoran Mas, Kota Depok', '089728010098', NULL, '2026-06-29 02:13:09', '2026-06-29 02:13:09'),
(769, 148, '3713176989', 'Novi Panjaitan', 'P', 'Jl. Mawar No. 136 RT 02/RW 05, Sawangan, Sawangan, Kota Depok', '089892705780', NULL, '2026-06-29 02:13:09', '2026-06-29 02:13:09'),
(770, 148, '9421744262', 'Nisa Hakim', 'P', 'Jl. Melati No. 12 RT 01/RW 05, Pancoran Mas, Pancoran Mas, Kota Depok', '085266497840', NULL, '2026-06-29 02:13:09', '2026-06-29 02:13:09'),
(771, 148, '7962691393', 'Yuli Rahmawati', 'P', 'Jl. Tapos Raya No. 124 RT 09/RW 03, Cipayung, Cipayung, Kota Depok', '085850312505', NULL, '2026-06-29 02:13:09', '2026-06-29 02:13:09'),
(772, 148, '5163372636', 'Wicaksono Gunawan', 'L', 'Jl. Raya Parung No. 47 RT 03/RW 04, Cipayung, Cipayung, Kota Depok', '081613401763', NULL, '2026-06-29 02:13:09', '2026-06-29 02:13:09'),
(773, 148, '6003071427', 'Leon Fitri Suranta', 'L', 'Jl. Melati No. 98 RT 04/RW 01, Mampang, Pancoran Mas, Kota Depok', '081150199296', NULL, '2026-06-29 02:13:09', '2026-06-29 02:13:09'),
(774, 148, '8997268688', 'Nurul Fadillah', 'P', 'Jl. Limo Raya No. 12 RT 06/RW 05, Krukut, Limo, Kota Depok', '085188253021', NULL, '2026-06-29 02:13:09', '2026-06-29 02:13:09'),
(775, 148, '1522718308', 'Selvi Maulana', 'P', 'Jl. Raya Cibubur No. 50 RT 04/RW 01, Ratujaya, Cipayung, Kota Depok', '085721167503', NULL, '2026-06-29 02:13:09', '2026-06-29 02:13:09'),
(776, 148, '1314466264', 'Rizky Yulia Kurniawan', 'L', 'Jl. H. Djuanda No. 63 RT 09/RW 07, Jatijajar, Tapos, Kota Depok', '081584510521', NULL, '2026-06-29 02:13:09', '2026-06-29 02:13:09'),
(777, 148, '8343498634', 'Siti Wijaya', 'P', 'Jl. Akasia No. 93 RT 04/RW 08, Sukatani, Tapos, Kota Depok', '081331088681', NULL, '2026-06-29 02:13:09', '2026-06-29 02:13:09'),
(778, 148, '2172254198', 'Nisa Situmorang', 'P', 'Jl. Sawangan Raya No. 66 RT 10/RW 07, Pasir Gunung Selatan, Cimanggis, Kota Depok', '082222424729', NULL, '2026-06-29 02:13:09', '2026-06-29 02:13:09'),
(779, 148, '5668417176', 'Wahyu Nainggolan', 'L', 'Jl. Raya Cibubur No. 103 RT 05/RW 06, Pasir Gunung Selatan, Cimanggis, Kota Depok', '081355569138', NULL, '2026-06-29 02:13:09', '2026-06-29 02:13:09'),
(780, 148, '3972147191', 'Amanda Lestari', 'P', 'Jl. Kartini No. 29 RT 05/RW 01, Beji, Beji, Kota Depok', '082399430835', NULL, '2026-06-29 02:13:09', '2026-06-29 02:13:09'),
(781, 148, '1747270817', 'Ivan Manurung', 'L', 'Jl. Tugu Raya No. 10 RT 11/RW 01, Harjamukti, Cimanggis, Kota Depok', '085353674008', NULL, '2026-06-29 02:13:09', '2026-06-29 02:13:09'),
(782, 148, '3229939052', 'Nurhayati Citra Lestari', 'P', 'Jl. Kartini No. 42 RT 08/RW 05, Cipayung Jaya, Cipayung, Kota Depok', '085862392702', NULL, '2026-06-29 02:13:09', '2026-06-29 02:13:09'),
(783, 148, '4510173380', 'Hendra Maulana', 'L', 'Jl. Siliwangi No. 104 RT 12/RW 01, Depok Jaya, Pancoran Mas, Kota Depok', '089615244915', NULL, '2026-06-29 02:13:09', '2026-06-29 02:13:09'),
(784, 148, '8868212863', 'Hamdan Hendra Ramadhan', 'L', 'Jl. Raya Parung No. 109 RT 06/RW 07, Curug, Cimanggis, Kota Depok', '082290344346', NULL, '2026-06-29 02:13:09', '2026-06-29 02:13:09'),
(785, 148, '2355973950', 'Robby Galih Nainggolan', 'L', 'Jl. Kartini No. 95 RT 01/RW 08, Grogol, Limo, Kota Depok', '081397270289', NULL, '2026-06-29 02:13:09', '2026-06-29 02:13:09'),
(786, 148, '8040578722', 'Nisa Pratama', 'P', 'Jl. Ahmad Yani No. 87 RT 03/RW 01, Krukut, Limo, Kota Depok', '085277364462', NULL, '2026-06-29 02:13:09', '2026-06-29 02:13:09'),
(787, 148, '2589899884', 'Puspita Rahayu', 'P', 'Jl. Flamboyan No. 56 RT 08/RW 03, Tonjong, Bojong Sari, Kota Depok', '085646013267', NULL, '2026-06-29 02:13:09', '2026-06-29 02:13:09'),
(788, 148, '2300159965', 'Arjuna Suranta', 'L', 'Jl. Cinere Raya No. 95 RT 07/RW 08, Grogol, Limo, Kota Depok', '081247156458', NULL, '2026-06-29 02:13:09', '2026-06-29 02:13:09'),
(789, 149, '5636802762', 'Agus Fitri Wati', 'L', 'Jl. Limo Raya No. 3 RT 10/RW 04, Cisalak, Cimanggis, Kota Depok', '082254258306', NULL, '2026-06-29 02:13:09', '2026-06-29 02:13:09'),
(790, 149, '2360847260', 'Rahma Firdaus', 'P', 'Jl. Beji Raya No. 107 RT 06/RW 05, Beji, Beji, Kota Depok', '089626340784', NULL, '2026-06-29 02:13:09', '2026-06-29 02:13:09'),
(791, 149, '8988103343', 'Wendi Sumarno', 'L', 'Jl. Raya Citayam No. 91 RT 15/RW 06, Cipayung, Cipayung, Kota Depok', '089835366798', NULL, '2026-06-29 02:13:09', '2026-06-29 02:13:09'),
(792, 149, '5710336614', 'Yuli Nur Wijaya', 'P', 'Jl. Ahmad Yani No. 10 RT 05/RW 04, Harjamukti, Cimanggis, Kota Depok', '082280346719', NULL, '2026-06-29 02:13:09', '2026-06-29 02:13:09'),
(793, 149, '7006348765', 'Eko Hendra Subagyo', 'L', 'Jl. Raya Bogor No. 87 RT 06/RW 05, Tugu, Cimanggis, Kota Depok', '085860943482', NULL, '2026-06-29 02:13:09', '2026-06-29 02:13:09'),
(794, 149, '3999754433', 'Wahyu Budi Siregar', 'L', 'Jl. Kartini No. 123 RT 09/RW 03, Krukut, Limo, Kota Depok', '082312827044', NULL, '2026-06-29 02:13:09', '2026-06-29 02:13:09'),
(795, 149, '7402606635', 'Oktavia Ramadhan', 'P', 'Jl. Akasia No. 33 RT 15/RW 01, Gandul, Cinere, Kota Depok', '082211826074', NULL, '2026-06-29 02:13:09', '2026-06-29 02:13:09'),
(796, 149, '4155929551', 'Rafi Nugroho', 'L', 'Jl. Kartini No. 32 RT 10/RW 01, Cinangka, Sawangan, Kota Depok', '085214786759', NULL, '2026-06-29 02:13:09', '2026-06-29 02:13:09'),
(797, 149, '2981360460', 'Fathan Sumarno', 'L', 'Jl. Kenanga No. 66 RT 05/RW 08, Cimpaeun, Tapos, Kota Depok', '081358546653', NULL, '2026-06-29 02:13:09', '2026-06-29 02:13:09'),
(798, 149, '1974356276', 'Alya Nainggolan', 'P', 'Jl. Raya Depok No. 121 RT 11/RW 05, Krukut, Limo, Kota Depok', '081693885251', NULL, '2026-06-29 02:13:09', '2026-06-29 02:13:09'),
(799, 149, '3065590596', 'Dinda Santika', 'P', 'Jl. Raya Depok No. 55 RT 10/RW 08, Cisalak, Cimanggis, Kota Depok', '087899425783', NULL, '2026-06-29 02:13:09', '2026-06-29 02:13:09'),
(800, 149, '4408827407', 'Puspita Sari', 'P', 'Jl. Cemara No. 13 RT 12/RW 05, Sawangan Baru, Sawangan, Kota Depok', '082355735444', NULL, '2026-06-29 02:13:09', '2026-06-29 02:13:09'),
(801, 149, '8156684836', 'Nisa Indah Sudrajat', 'P', 'Jl. Flamboyan No. 20 RT 04/RW 02, Pasir Gunung Selatan, Cimanggis, Kota Depok', '082212470917', NULL, '2026-06-29 02:13:09', '2026-06-29 02:13:09'),
(802, 149, '2794233868', 'Devi Setiawan', 'P', 'Jl. Imam Bonjol No. 71 RT 06/RW 07, Kelapa Dua, Kelapa Dua, Kota Depok', '089888164097', NULL, '2026-06-29 02:13:09', '2026-06-29 02:13:09'),
(803, 149, '7546294057', 'Eva Nur Situmorang', 'P', 'Jl. Gatot Subroto No. 150 RT 12/RW 04, Bojong Pondok Terong, Cipayung, Kota Depok', '081604237867', NULL, '2026-06-29 02:13:09', '2026-06-29 02:13:09'),
(804, 149, '1950895274', 'Reni Putri', 'P', 'Jl. Raya Sawangan No. 79 RT 13/RW 04, Tirtajaya, Sukmajaya, Kota Depok', '085665777188', NULL, '2026-06-29 02:13:09', '2026-06-29 02:13:09'),
(805, 149, '8428497412', 'Tiara Agung Gunawan', 'P', 'Jl. Margonda Raya No. 37 RT 12/RW 02, Rangkapan Jaya, Pancoran Mas, Kota Depok', '082137576178', NULL, '2026-06-29 02:13:09', '2026-06-29 02:13:09'),
(806, 149, '3662564756', 'Soni Wati', 'L', 'Jl. Tapos Raya No. 9 RT 04/RW 07, Grogol, Limo, Kota Depok', '085892617855', NULL, '2026-06-29 02:13:09', '2026-06-29 02:13:09'),
(807, 149, '2690613454', 'Sari Nur Hakim', 'P', 'Jl. Tapos Raya No. 110 RT 14/RW 05, Sukatani, Tapos, Kota Depok', '081773294898', NULL, '2026-06-29 02:13:09', '2026-06-29 02:13:09'),
(808, 149, '8812583018', 'Putri Maulana', 'P', 'Jl. Cipayung Raya No. 135 RT 03/RW 07, Harjamukti, Cimanggis, Kota Depok', '087865781974', NULL, '2026-06-29 02:13:09', '2026-06-29 02:13:09'),
(809, 149, '7632006262', 'Faisal Yusuf', 'L', 'Jl. H. Djuanda No. 139 RT 05/RW 03, Meruyung, Limo, Kota Depok', '085125029888', NULL, '2026-06-29 02:13:09', '2026-06-29 02:13:09'),
(810, 149, '9227529640', 'Lestari Prabowo', 'P', 'Jl. Proklamasi No. 49 RT 02/RW 08, Gandul, Cinere, Kota Depok', '085663575222', NULL, '2026-06-29 02:13:09', '2026-06-29 02:13:09'),
(811, 149, '3504093220', 'Aulia Putri Permana', 'P', 'Jl. Kelapa Dua Raya No. 116 RT 11/RW 01, Curug, Cimanggis, Kota Depok', '085117342476', NULL, '2026-06-29 02:13:09', '2026-06-29 02:13:09'),
(812, 149, '9306563146', 'Siti Panjaitan', 'P', 'Jl. Gatot Subroto No. 134 RT 15/RW 03, Cinere, Cinere, Kota Depok', '087783909976', NULL, '2026-06-29 02:13:09', '2026-06-29 02:13:09'),
(813, 149, '2370105572', 'Dion Ningrum', 'L', 'Jl. Gatot Subroto No. 28 RT 10/RW 02, Sawangan, Sawangan, Kota Depok', '081327779356', NULL, '2026-06-29 02:13:09', '2026-06-29 02:13:09'),
(814, 149, '1065214346', 'Dara Hutabarat', 'P', 'Jl. Cempaka No. 71 RT 14/RW 07, Mampang, Pancoran Mas, Kota Depok', '089829250382', NULL, '2026-06-29 02:13:09', '2026-06-29 02:13:09'),
(815, 149, '5396075337', 'Anwar Panjaitan', 'L', 'Jl. Limo Raya No. 118 RT 06/RW 06, Tapos, Tapos, Kota Depok', '089878127409', NULL, '2026-06-29 02:13:09', '2026-06-29 02:13:09'),
(816, 149, '4833954280', 'Novi Permata Sinambela', 'P', 'Jl. Proklamasi No. 47 RT 03/RW 08, Sawangan, Sawangan, Kota Depok', '081276410486', NULL, '2026-06-29 02:13:09', '2026-06-29 02:13:09'),
(817, 149, '2641550145', 'Annisa Subagyo', 'P', 'Jl. Margonda Raya No. 56 RT 06/RW 06, Tapos, Tapos, Kota Depok', '085668174807', NULL, '2026-06-29 02:13:09', '2026-06-29 02:13:09'),
(818, 149, '1005522450', 'Rizky Sembiring', 'L', 'Jl. Cipayung Raya No. 88 RT 12/RW 06, Pengasinan, Sawangan, Kota Depok', '087837600806', NULL, '2026-06-29 02:13:09', '2026-06-29 02:13:09'),
(819, 149, '6477396279', 'Fadila Indah Siregar', 'P', 'Jl. Raya Parung No. 81 RT 07/RW 05, Serua, Bojong Sari, Kota Depok', '081282659278', NULL, '2026-06-29 02:13:09', '2026-06-29 02:13:09'),
(820, 149, '6845094674', 'Siti Nasution', 'P', 'Jl. Ahmad Yani No. 125 RT 08/RW 07, Sukamaju Baru, Kelapa Dua, Kota Depok', '085295565744', NULL, '2026-06-29 02:13:09', '2026-06-29 02:13:09'),
(821, 149, '2522619816', 'Rangga Susanto', 'L', 'Jl. Raya Depok No. 27 RT 15/RW 01, Mampang, Pancoran Mas, Kota Depok', '085242641050', NULL, '2026-06-29 02:13:09', '2026-06-29 02:13:09'),
(822, 149, '5387948927', 'Nadia Jaya Saputra', 'P', 'Jl. Mawar No. 138 RT 07/RW 05, Kukusan, Beji, Kota Depok', '085886880735', NULL, '2026-06-29 02:13:09', '2026-06-29 02:13:09'),
(823, 150, '6433524612', 'Arum Sinambela', 'P', 'Jl. Raya Cibubur No. 139 RT 02/RW 06, Sukatani, Tapos, Kota Depok', '081641601200', NULL, '2026-06-29 02:13:09', '2026-06-29 02:13:09'),
(824, 150, '9066045668', 'Laila Wahyu Susanto', 'P', 'Jl. Raya Depok No. 98 RT 05/RW 07, Curug, Cimanggis, Kota Depok', '081351509692', NULL, '2026-06-29 02:13:09', '2026-06-29 02:13:09'),
(825, 150, '1066564380', 'Hana Ningrum', 'P', 'Jl. Seroja No. 111 RT 11/RW 05, Pengasinan, Sawangan, Kota Depok', '081201018487', NULL, '2026-06-29 02:13:09', '2026-06-29 02:13:09'),
(826, 150, '8559208995', 'Risma Wahyu Wati', 'P', 'Jl. Mawar No. 141 RT 09/RW 04, Tonjong, Bojong Sari, Kota Depok', '081665736558', NULL, '2026-06-29 02:13:09', '2026-06-29 02:13:09'),
(827, 150, '7384430442', 'Tiara Wati', 'P', 'Jl. Pahlawan No. 121 RT 09/RW 01, Cipayung Jaya, Cipayung, Kota Depok', '082343959667', NULL, '2026-06-29 02:13:09', '2026-06-29 02:13:09'),
(828, 150, '7155276574', 'Dian Siregar', 'P', 'Jl. Anggrek No. 22 RT 10/RW 04, Sukamaju Baru, Kelapa Dua, Kota Depok', '081779198481', NULL, '2026-06-29 02:13:09', '2026-06-29 02:13:09'),
(829, 150, '4721982791', 'Nurhayati Nur Napitupulu', 'P', 'Jl. Pahlawan No. 92 RT 11/RW 07, Rangkapan Jaya, Pancoran Mas, Kota Depok', '082249272805', NULL, '2026-06-29 02:13:09', '2026-06-29 02:13:09'),
(830, 150, '1552707312', 'Wicaksono Nugroho', 'L', 'Jl. Merdeka No. 6 RT 02/RW 03, Meruyung, Limo, Kota Depok', '085860074343', NULL, '2026-06-29 02:13:09', '2026-06-29 02:13:09'),
(831, 150, '4033207347', 'Adinda Hutabarat', 'P', 'Jl. Pajajaran No. 130 RT 10/RW 02, Pancoran Mas, Pancoran Mas, Kota Depok', '081664735044', NULL, '2026-06-29 02:13:09', '2026-06-29 02:13:09');
INSERT INTO `tbl_siswa` (`id_siswa`, `id_kelas`, `nisn`, `nama_siswa`, `jenis_kelamin`, `alamat`, `no_hp`, `foto`, `created_at`, `updated_at`) VALUES
(832, 150, '8234292729', 'Haikal Maulana', 'L', 'Jl. Ahmad Yani No. 104 RT 06/RW 01, Kelapa Dua, Kelapa Dua, Kota Depok', '082188490476', NULL, '2026-06-29 02:13:09', '2026-06-29 02:13:09'),
(833, 150, '9120099646', 'Lukman Aldi Putra', 'L', 'Jl. Seroja No. 113 RT 13/RW 03, Leuwinanggung, Tapos, Kota Depok', '089764289876', NULL, '2026-06-29 02:13:09', '2026-06-29 02:13:09'),
(834, 150, '5754728627', 'Intan Tarigan', 'P', 'Jl. Gatot Subroto No. 43 RT 04/RW 06, Gandul, Cinere, Kota Depok', '082126856062', NULL, '2026-06-29 02:13:09', '2026-06-29 02:13:09'),
(835, 150, '9354351672', 'Shinta Lestari', 'P', 'Jl. Kelapa Dua Raya No. 51 RT 07/RW 04, Sukamaju, Sukmajaya, Kota Depok', '087869052539', NULL, '2026-06-29 02:13:09', '2026-06-29 02:13:09'),
(836, 150, '8282052763', 'Faris Siregar', 'L', 'Jl. Tugu Raya No. 23 RT 12/RW 03, Cinangka, Sawangan, Kota Depok', '081616646400', NULL, '2026-06-29 02:13:09', '2026-06-29 02:13:09'),
(837, 150, '6411011668', 'Fitriani Eka Putri', 'P', 'Jl. Imam Bonjol No. 118 RT 10/RW 03, Cinere, Cinere, Kota Depok', '081656169182', NULL, '2026-06-29 02:13:09', '2026-06-29 02:13:09'),
(838, 150, '1058396080', 'Rahayu Subagyo', 'P', 'Jl. Tugu Raya No. 26 RT 04/RW 04, Bojong Pondok Terong, Cipayung, Kota Depok', '085669222958', NULL, '2026-06-29 02:13:09', '2026-06-29 02:13:09'),
(839, 150, '3203066276', 'Selvi Jaya Putri', 'P', 'Jl. Raya Bogor No. 58 RT 14/RW 05, Mekarjaya, Sukmajaya, Kota Depok', '082289074185', NULL, '2026-06-29 02:13:09', '2026-06-29 02:13:09'),
(840, 150, '5324832482', 'Agnes Danu Nuraini', 'P', 'Jl. Tugu Raya No. 72 RT 02/RW 08, Sukamaju Baru, Kelapa Dua, Kota Depok', '085319762658', NULL, '2026-06-29 02:13:09', '2026-06-29 02:13:09'),
(841, 150, '3323777775', 'Dara Bagas Hutabarat', 'P', 'Jl. Tugu Raya No. 125 RT 02/RW 05, Cipayung, Cipayung, Kota Depok', '082363593127', NULL, '2026-06-29 02:13:09', '2026-06-29 02:13:09'),
(842, 150, '4473191748', 'Panji Purba', 'L', 'Jl. Akasia No. 143 RT 13/RW 05, Cisalak Pasar, Sukmajaya, Kota Depok', '085359311333', NULL, '2026-06-29 02:13:09', '2026-06-29 02:13:09'),
(843, 150, '4206262994', 'Sri Sembiring', 'P', 'Jl. Merdeka No. 51 RT 08/RW 03, Pancoran Mas, Pancoran Mas, Kota Depok', '089873272868', NULL, '2026-06-29 02:13:09', '2026-06-29 02:13:09'),
(844, 150, '4173864897', 'Ratna Nur Haryanto', 'P', 'Jl. Raya Depok No. 76 RT 07/RW 03, Cisalak, Cimanggis, Kota Depok', '081575865999', NULL, '2026-06-29 02:13:09', '2026-06-29 02:13:09'),
(845, 150, '3029835850', 'Siska Fadli Simanullang', 'P', 'Jl. Kartini No. 95 RT 01/RW 01, Krukut, Limo, Kota Depok', '085689204530', NULL, '2026-06-29 02:13:09', '2026-06-29 02:13:09'),
(846, 150, '3573387344', 'Sri Purba', 'P', 'Jl. Raya Parung No. 39 RT 10/RW 04, Tugu, Cimanggis, Kota Depok', '089670996273', NULL, '2026-06-29 02:13:09', '2026-06-29 02:13:09'),
(847, 150, '1481869540', 'Lestari Panjaitan', 'P', 'Jl. Ahmad Yani No. 30 RT 10/RW 07, Curug, Cimanggis, Kota Depok', '081646580872', NULL, '2026-06-29 02:13:09', '2026-06-29 02:13:09'),
(848, 150, '7230458197', 'Dewi Permana', 'P', 'Jl. Raya Depok No. 109 RT 07/RW 02, Cinere, Cinere, Kota Depok', '081178167113', NULL, '2026-06-29 02:13:09', '2026-06-29 02:13:09'),
(849, 150, '6536233563', 'Selvi Fitriani', 'P', 'Jl. Raya Depok No. 141 RT 01/RW 05, Depok, Pancoran Mas, Kota Depok', '089636859853', NULL, '2026-06-29 02:13:09', '2026-06-29 02:13:09'),
(850, 150, '4842609446', 'Nanda Sinambela', 'L', 'Jl. Sukmajaya Raya No. 101 RT 10/RW 04, Pengasinan, Sawangan, Kota Depok', '081600669992', NULL, '2026-06-29 02:13:09', '2026-06-29 02:13:09'),
(851, 150, '1720135835', 'Nisa Danu Putri', 'P', 'Jl. Mawar No. 74 RT 07/RW 07, Pangkalan Jati Baru, Cinere, Kota Depok', '082247303807', NULL, '2026-06-29 02:13:09', '2026-06-29 02:13:09'),
(852, 150, '2599497596', 'Amanda Yusuf', 'P', 'Jl. Limo Raya No. 138 RT 13/RW 05, Serua, Bojong Sari, Kota Depok', '082197191090', NULL, '2026-06-29 02:13:09', '2026-06-29 02:13:09'),
(853, 150, '4176350140', 'Hamdan Lestari', 'L', 'Jl. Merdeka No. 95 RT 04/RW 03, Tapos, Tapos, Kota Depok', '085273508613', NULL, '2026-06-29 02:13:10', '2026-06-29 02:13:10'),
(854, 150, '3546755365', 'Dewi Permata Sembiring', 'P', 'Jl. Limo Raya No. 129 RT 03/RW 08, Cinere, Cinere, Kota Depok', '082168132404', NULL, '2026-06-29 02:13:10', '2026-06-29 02:13:10'),
(855, 150, '4336216880', 'Rizqi Simanullang', 'L', 'Jl. Cemara No. 15 RT 12/RW 07, Cimpaeun, Tapos, Kota Depok', '081611490075', NULL, '2026-06-29 02:13:10', '2026-06-29 02:13:10'),
(856, 150, '8173085944', 'Cantika Nainggolan', 'P', 'Jl. Ahmad Yani No. 66 RT 15/RW 08, Mekarjaya, Sukmajaya, Kota Depok', '082350164879', NULL, '2026-06-29 02:13:10', '2026-06-29 02:13:10'),
(857, 151, '3208688920', 'Surya Citra Dewi', 'L', 'Jl. Imam Bonjol No. 29 RT 12/RW 06, Bojong Pondok Terong, Cipayung, Kota Depok', '089846818937', NULL, '2026-06-29 02:13:10', '2026-06-29 02:13:10'),
(858, 151, '8736896217', 'Rahma Purba', 'P', 'Jl. Raya Bogor No. 106 RT 03/RW 05, Mampang, Pancoran Mas, Kota Depok', '081516455401', NULL, '2026-06-29 02:13:10', '2026-06-29 02:13:10'),
(859, 151, '2598368836', 'Alfarizi Sembiring', 'L', 'Jl. Flamboyan No. 16 RT 05/RW 08, Abadijaya, Sukmajaya, Kota Depok', '082306830654', NULL, '2026-06-29 02:13:10', '2026-06-29 02:13:10'),
(860, 151, '8675691005', 'Nadhira Gunawan', 'P', 'Jl. Cisalak Raya No. 53 RT 12/RW 03, Mampang, Pancoran Mas, Kota Depok', '081186055506', NULL, '2026-06-29 02:13:10', '2026-06-29 02:13:10'),
(861, 151, '7603658146', 'Maulana Simanullang', 'L', 'Jl. Diponegoro No. 39 RT 05/RW 07, Duren Seribu, Sawangan, Kota Depok', '082344456499', NULL, '2026-06-29 02:13:10', '2026-06-29 02:13:10'),
(862, 151, '8449318942', 'Arisandi Wijaya', 'L', 'Jl. Cipayung Raya No. 29 RT 14/RW 03, Duren Seribu, Sawangan, Kota Depok', '085292032005', NULL, '2026-06-29 02:13:10', '2026-06-29 02:13:10'),
(863, 151, '7075578495', 'Fathan Hasanah', 'L', 'Jl. Ahmad Yani No. 34 RT 06/RW 06, Pondok Jaya, Bojong Sari, Kota Depok', '089772466838', NULL, '2026-06-29 02:13:10', '2026-06-29 02:13:10'),
(864, 151, '1102051886', 'Fadila Cahyo Hasanah', 'P', 'Jl. Kartini No. 99 RT 14/RW 03, Sukamaju, Sukmajaya, Kota Depok', '087741411980', NULL, '2026-06-29 02:13:10', '2026-06-29 02:13:10'),
(865, 151, '4199284984', 'Arman Simbolon', 'L', 'Jl. Raya Sawangan No. 12 RT 10/RW 03, Sukatani, Tapos, Kota Depok', '082255662783', NULL, '2026-06-29 02:13:10', '2026-06-29 02:13:10'),
(866, 151, '3288439935', 'Hamdan Sanjaya', 'L', 'Jl. Raya Bogor No. 18 RT 14/RW 02, Sawangan, Sawangan, Kota Depok', '082336048825', NULL, '2026-06-29 02:13:10', '2026-06-29 02:13:10'),
(867, 151, '4780566744', 'Eva Kusuma', 'P', 'Jl. Margonda Raya No. 81 RT 15/RW 06, Pangkalan Jati, Cinere, Kota Depok', '082156824744', NULL, '2026-06-29 02:13:10', '2026-06-29 02:13:10'),
(868, 151, '5334170258', 'Arjuna Napitupulu', 'L', 'Jl. Sukmajaya Raya No. 82 RT 11/RW 08, Pangkalan Jati, Cinere, Kota Depok', '082204120627', NULL, '2026-06-29 02:13:10', '2026-06-29 02:13:10'),
(869, 151, '4155265380', 'Bella Santoso', 'P', 'Jl. Gatot Subroto No. 18 RT 09/RW 03, Bedahan, Sawangan, Kota Depok', '082240794257', NULL, '2026-06-29 02:13:10', '2026-06-29 02:13:10'),
(870, 151, '4287488805', 'Nurlaila Firdaus', 'P', 'Jl. Cipayung Raya No. 47 RT 09/RW 08, Pasir Gunung Selatan, Cimanggis, Kota Depok', '089815514254', NULL, '2026-06-29 02:13:10', '2026-06-29 02:13:10'),
(871, 151, '4069209010', 'Shinta Tarigan', 'P', 'Jl. Raya Sawangan No. 18 RT 08/RW 03, Beji, Beji, Kota Depok', '085881444387', NULL, '2026-06-29 02:13:10', '2026-06-29 02:13:10'),
(872, 151, '4977875667', 'Dimas Aldi Purba', 'L', 'Jl. Kelapa Dua Raya No. 85 RT 14/RW 06, Sukatani, Tapos, Kota Depok', '085289038140', NULL, '2026-06-29 02:13:10', '2026-06-29 02:13:10'),
(873, 151, '4329747750', 'Faris Putri Napitupulu', 'L', 'Jl. Dahlia No. 48 RT 05/RW 06, Kukusan, Beji, Kota Depok', '081625359904', NULL, '2026-06-29 02:13:10', '2026-06-29 02:13:10'),
(874, 151, '2272802952', 'Nurfitri Santika', 'P', 'Jl. Nusantara No. 92 RT 02/RW 08, Beji, Beji, Kota Depok', '081583598493', NULL, '2026-06-29 02:13:10', '2026-06-29 02:13:10'),
(875, 151, '1782402042', 'Ilham Kurnia Wati', 'L', 'Jl. Merdeka No. 22 RT 05/RW 01, Cinere, Cinere, Kota Depok', '085677581126', NULL, '2026-06-29 02:13:10', '2026-06-29 02:13:10'),
(876, 151, '8692375974', 'Selvi Kurniawan', 'P', 'Jl. Flamboyan No. 13 RT 13/RW 06, Limo, Limo, Kota Depok', '081703318919', NULL, '2026-06-29 02:13:10', '2026-06-29 02:13:10'),
(877, 151, '2513125223', 'Dwi Hidayat', 'L', 'Jl. Diponegoro No. 142 RT 06/RW 02, Pengasinan, Sawangan, Kota Depok', '087773217199', NULL, '2026-06-29 02:13:10', '2026-06-29 02:13:10'),
(878, 151, '8897802893', 'Gilang Nur Sudrajat', 'L', 'Jl. Limo Raya No. 22 RT 08/RW 02, Meruyung, Limo, Kota Depok', '081348171257', NULL, '2026-06-29 02:13:10', '2026-06-29 02:13:10'),
(879, 151, '6324036584', 'Leon Sari', 'L', 'Jl. Kelapa Dua Raya No. 6 RT 07/RW 03, Curug, Kelapa Dua, Kota Depok', '082106681908', NULL, '2026-06-29 02:13:10', '2026-06-29 02:13:10'),
(880, 151, '5406638726', 'Budi Gunawan', 'L', 'Jl. Kenanga No. 40 RT 12/RW 05, Cinere, Cinere, Kota Depok', '082157807098', NULL, '2026-06-29 02:13:10', '2026-06-29 02:13:10'),
(881, 151, '7255368441', 'Wendi Kusuma Dewi', 'L', 'Jl. Flamboyan No. 142 RT 14/RW 03, Krukut, Limo, Kota Depok', '081153980404', NULL, '2026-06-29 02:13:10', '2026-06-29 02:13:10'),
(882, 151, '5437824705', 'Alfarizi Citra Rahayu', 'L', 'Jl. Cinere Raya No. 134 RT 04/RW 01, Depok, Pancoran Mas, Kota Depok', '081524457677', NULL, '2026-06-29 02:13:10', '2026-06-29 02:13:10'),
(883, 151, '5331686695', 'Intan Saputra', 'P', 'Jl. Sukmajaya Raya No. 102 RT 02/RW 04, Curug, Cimanggis, Kota Depok', '081769505447', NULL, '2026-06-29 02:13:10', '2026-06-29 02:13:10'),
(884, 151, '9156459621', 'Hani Saputra', 'P', 'Jl. Limo Raya No. 122 RT 08/RW 08, Pasir Gunung Selatan, Cimanggis, Kota Depok', '085817721026', NULL, '2026-06-29 02:13:10', '2026-06-29 02:13:10'),
(885, 151, '8249973861', 'Alfarizi Santoso', 'L', 'Jl. Seroja No. 2 RT 01/RW 05, Bojong Sari, Bojong Sari, Kota Depok', '089813896086', NULL, '2026-06-29 02:13:10', '2026-06-29 02:13:10'),
(886, 151, '2393330206', 'Dani Wati', 'L', 'Jl. Tugu Raya No. 66 RT 13/RW 08, Depok, Pancoran Mas, Kota Depok', '082292872233', NULL, '2026-06-29 02:13:10', '2026-06-29 02:13:10'),
(887, 151, '5347312305', 'Hendra Cahyo Kurniawan', 'L', 'Jl. Cipayung Raya No. 40 RT 05/RW 02, Grogol, Limo, Kota Depok', '089698559931', NULL, '2026-06-29 02:13:10', '2026-06-29 02:13:10'),
(888, 151, '6469811936', 'Mia Sari Suranta', 'P', 'Jl. H. Djuanda No. 114 RT 10/RW 06, Baktijaya, Sukmajaya, Kota Depok', '082357096272', NULL, '2026-06-29 02:13:10', '2026-06-29 02:13:10'),
(889, 151, '1559281106', 'Mahesa Fitriani', 'L', 'Jl. Anggrek No. 88 RT 01/RW 07, Sawangan, Sawangan, Kota Depok', '085777743863', NULL, '2026-06-29 02:13:10', '2026-06-29 02:13:10'),
(890, 152, '8414197175', 'Robby Haryanto', 'L', 'Jl. Siliwangi No. 128 RT 02/RW 07, Sukatani, Tapos, Kota Depok', '085164986145', NULL, '2026-06-29 02:13:10', '2026-06-29 02:13:10'),
(891, 152, '2235179464', 'Novi Sumarno', 'P', 'Jl. Raya Citayam No. 146 RT 02/RW 06, Kelapa Dua, Kelapa Dua, Kota Depok', '082326600126', NULL, '2026-06-29 02:13:10', '2026-06-29 02:13:10'),
(892, 152, '5843787103', 'Arif Simbolon', 'L', 'Jl. Kenanga No. 48 RT 07/RW 08, Curug, Kelapa Dua, Kota Depok', '085718418398', NULL, '2026-06-29 02:13:10', '2026-06-29 02:13:10'),
(893, 152, '2377587040', 'Arya Santoso', 'L', 'Jl. Beji Raya No. 107 RT 10/RW 03, Pasir Gunung Selatan, Cimanggis, Kota Depok', '085667309089', NULL, '2026-06-29 02:13:10', '2026-06-29 02:13:10'),
(894, 152, '7277506085', 'Krisna Dwi Haryanto', 'L', 'Jl. Merdeka No. 23 RT 13/RW 01, Tirtajaya, Sukmajaya, Kota Depok', '081661391785', NULL, '2026-06-29 02:13:10', '2026-06-29 02:13:10'),
(895, 152, '1145326587', 'Dara Sari', 'P', 'Jl. Cisalak Raya No. 25 RT 05/RW 02, Curug, Cimanggis, Kota Depok', '081655481226', NULL, '2026-06-29 02:13:10', '2026-06-29 02:13:10'),
(896, 152, '9025377812', 'Oktavia Jaya Santika', 'P', 'Jl. Melati No. 110 RT 10/RW 02, Tanah Baru, Beji, Kota Depok', '085612431232', NULL, '2026-06-29 02:13:10', '2026-06-29 02:13:10'),
(897, 152, '5339763161', 'Rizqi Aldi Kusuma', 'L', 'Jl. Cinere Raya No. 130 RT 11/RW 08, Cipayung Jaya, Cipayung, Kota Depok', '089692821122', NULL, '2026-06-29 02:13:10', '2026-06-29 02:13:10'),
(898, 152, '6189569045', 'Gilang Putri Putri', 'L', 'Jl. Limo Raya No. 62 RT 03/RW 04, Pangkalan Jati Baru, Cinere, Kota Depok', '081128375070', NULL, '2026-06-29 02:13:10', '2026-06-29 02:13:10'),
(899, 152, '4792024261', 'Fauzia Sukma', 'P', 'Jl. Anggrek No. 122 RT 06/RW 08, Sawangan Baru, Sawangan, Kota Depok', '085183937030', NULL, '2026-06-29 02:13:10', '2026-06-29 02:13:10'),
(900, 152, '8106059065', 'Zaki Tri Sari', 'L', 'Jl. Siliwangi No. 52 RT 12/RW 06, Pancoran Mas, Pancoran Mas, Kota Depok', '081589754523', NULL, '2026-06-29 02:13:10', '2026-06-29 02:13:10'),
(901, 152, '4028304853', 'Rini Indah Situmorang', 'P', 'Jl. Margonda Raya No. 63 RT 10/RW 03, Sawangan, Sawangan, Kota Depok', '087830128421', NULL, '2026-06-29 02:13:10', '2026-06-29 02:13:10'),
(902, 152, '6005946331', 'Rangga Danu Wati', 'L', 'Jl. Nusantara No. 3 RT 09/RW 04, Beji Timur, Beji, Kota Depok', '087725662394', NULL, '2026-06-29 02:13:10', '2026-06-29 02:13:10'),
(903, 152, '1293683505', 'Muhammad Panjaitan', 'L', 'Jl. Raya Depok No. 126 RT 13/RW 01, Ratujaya, Cipayung, Kota Depok', '081277726161', NULL, '2026-06-29 02:13:10', '2026-06-29 02:13:10'),
(904, 152, '4191139234', 'Ilham Dwi Pratama', 'L', 'Jl. Beji Raya No. 134 RT 13/RW 06, Gandul, Cinere, Kota Depok', '089753075210', NULL, '2026-06-29 02:13:10', '2026-06-29 02:13:10'),
(905, 152, '1550099270', 'Zainal Galih Siregar', 'L', 'Jl. Proklamasi No. 31 RT 14/RW 01, Rangkapan Jaya, Pancoran Mas, Kota Depok', '085665406146', NULL, '2026-06-29 02:13:10', '2026-06-29 02:13:10'),
(906, 152, '7640868702', 'Fatimah Bagas Setiawan', 'P', 'Jl. Raya Parung No. 128 RT 02/RW 02, Mekarsari, Cimanggis, Kota Depok', '085895466269', NULL, '2026-06-29 02:13:10', '2026-06-29 02:13:10'),
(907, 152, '5555371097', 'Zaki Wahyuni', 'L', 'Jl. Cemara No. 35 RT 04/RW 07, Depok Jaya, Pancoran Mas, Kota Depok', '087870336264', NULL, '2026-06-29 02:13:10', '2026-06-29 02:13:10'),
(908, 152, '7059122186', 'Indah Sinambela', 'P', 'Jl. Akasia No. 11 RT 04/RW 08, Pondok Jaya, Bojong Sari, Kota Depok', '085139684749', NULL, '2026-06-29 02:13:10', '2026-06-29 02:13:10'),
(909, 152, '1004454843', 'Febrianti Lestari', 'P', 'Jl. Cempaka No. 48 RT 10/RW 05, Harjamukti, Cimanggis, Kota Depok', '082358170386', NULL, '2026-06-29 02:13:10', '2026-06-29 02:13:10'),
(910, 152, '5094961624', 'Ahmad Kusuma Suranta', 'L', 'Jl. Kartini No. 28 RT 08/RW 03, Rangkapan Jaya, Pancoran Mas, Kota Depok', '081356020704', NULL, '2026-06-29 02:13:10', '2026-06-29 02:13:10'),
(911, 152, '6717452812', 'Sekar Wulan Suryadi', 'P', 'Jl. Raya Cibubur No. 104 RT 11/RW 01, Rangkapan Jaya, Pancoran Mas, Kota Depok', '085757967562', NULL, '2026-06-29 02:13:10', '2026-06-29 02:13:10'),
(912, 152, '1190254578', 'Sidik Nur Hasanah', 'L', 'Jl. Raya Parung No. 128 RT 04/RW 03, Serua, Bojong Sari, Kota Depok', '082115457864', NULL, '2026-06-29 02:13:10', '2026-06-29 02:13:10'),
(913, 152, '3197839723', 'Umar Nuraini', 'L', 'Jl. Sawangan Raya No. 79 RT 04/RW 05, Cimpaeun, Tapos, Kota Depok', '087800945966', NULL, '2026-06-29 02:13:10', '2026-06-29 02:13:10'),
(914, 152, '3005782674', 'Hana Santika', 'P', 'Jl. Imam Bonjol No. 39 RT 03/RW 01, Serua, Bojong Sari, Kota Depok', '082206207130', NULL, '2026-06-29 02:13:10', '2026-06-29 02:13:10'),
(915, 152, '8588699233', 'Amir Kurniawan', 'L', 'Jl. Cisalak Raya No. 20 RT 05/RW 06, Bojong Sari, Bojong Sari, Kota Depok', '081723137406', NULL, '2026-06-29 02:13:10', '2026-06-29 02:13:10'),
(916, 152, '6209532804', 'Wahyu Suryadi', 'L', 'Jl. Pahlawan No. 56 RT 13/RW 03, Pasir Gunung Selatan, Cimanggis, Kota Depok', '081311195770', NULL, '2026-06-29 02:13:10', '2026-06-29 02:13:10'),
(917, 152, '8932947190', 'Ibnu Santika', 'L', 'Jl. Melati No. 15 RT 03/RW 04, Kelapa Dua, Kelapa Dua, Kota Depok', '081246747514', NULL, '2026-06-29 02:13:10', '2026-06-29 02:13:10'),
(918, 152, '1065612568', 'Robi Haryanto', 'L', 'Jl. Tapos Raya No. 17 RT 05/RW 01, Tapos, Tapos, Kota Depok', '085820269275', NULL, '2026-06-29 02:13:10', '2026-06-29 02:13:10'),
(919, 152, '3126993578', 'Haikal Manurung', 'L', 'Jl. Nusantara No. 47 RT 06/RW 05, Cisalak Pasar, Sukmajaya, Kota Depok', '087757039220', NULL, '2026-06-29 02:13:10', '2026-06-29 02:13:10'),
(920, 152, '5848209863', 'Zulfikar Rahayu Yusuf', 'L', 'Jl. Raya Cibubur No. 46 RT 02/RW 02, Mekarjaya, Sukmajaya, Kota Depok', '089773411241', NULL, '2026-06-29 02:13:10', '2026-06-29 02:13:10'),
(921, 152, '4410780428', 'Ayu Santoso', 'P', 'Jl. Gatot Subroto No. 44 RT 07/RW 07, Beji Timur, Beji, Kota Depok', '082378908011', NULL, '2026-06-29 02:13:10', '2026-06-29 02:13:10'),
(922, 152, '1216834028', 'Miftah Ayu Nugroho', 'L', 'Jl. Sukmajaya Raya No. 81 RT 07/RW 02, Cilangkap, Tapos, Kota Depok', '085174777759', NULL, '2026-06-29 02:13:10', '2026-06-29 02:13:10'),
(923, 153, '1589723318', 'Bella Putri', 'P', 'Jl. Tapos Raya No. 106 RT 03/RW 07, Sawangan, Sawangan, Kota Depok', '081186813479', NULL, '2026-06-29 02:13:10', '2026-06-29 02:13:10'),
(924, 153, '5096086999', 'Lestari Sudrajat', 'P', 'Jl. Beji Raya No. 77 RT 04/RW 06, Rangkapan Jaya, Pancoran Mas, Kota Depok', '082250880272', NULL, '2026-06-29 02:13:10', '2026-06-29 02:13:10'),
(925, 153, '7351058569', 'Robby Budi Hutabarat', 'L', 'Jl. Merdeka No. 112 RT 10/RW 05, Cinere, Cinere, Kota Depok', '081156663151', NULL, '2026-06-29 02:13:10', '2026-06-29 02:13:10'),
(926, 153, '7320985112', 'Rizqi Maulana', 'L', 'Jl. Margonda Raya No. 20 RT 01/RW 07, Leuwinanggung, Tapos, Kota Depok', '081734044325', NULL, '2026-06-29 02:13:10', '2026-06-29 02:13:10'),
(927, 153, '6835302857', 'Nadhira Wijaya', 'P', 'Jl. Dahlia No. 93 RT 01/RW 05, Baktijaya, Sukmajaya, Kota Depok', '081677436388', NULL, '2026-06-29 02:13:10', '2026-06-29 02:13:10'),
(928, 153, '8893058047', 'Nurhayati Yulia Sanjaya', 'P', 'Jl. Mawar No. 60 RT 04/RW 07, Tirtajaya, Sukmajaya, Kota Depok', '081668657727', NULL, '2026-06-29 02:13:10', '2026-06-29 02:13:10'),
(929, 153, '6193471140', 'Rahmawati Eka Rahmawati', 'P', 'Jl. Cemara No. 100 RT 02/RW 01, Tanah Baru, Beji, Kota Depok', '085362987427', NULL, '2026-06-29 02:13:10', '2026-06-29 02:13:10'),
(930, 153, '7274713545', 'Risma Wati', 'P', 'Jl. Anggrek No. 35 RT 11/RW 01, Krukut, Limo, Kota Depok', '087883292819', NULL, '2026-06-29 02:13:10', '2026-06-29 02:13:10'),
(931, 153, '5262743033', 'Muhammad Saputra', 'L', 'Jl. Cemara No. 111 RT 05/RW 07, Beji Timur, Beji, Kota Depok', '081732977933', NULL, '2026-06-29 02:13:10', '2026-06-29 02:13:10'),
(932, 153, '4733626224', 'Dimas Indah Siregar', 'L', 'Jl. Melati No. 5 RT 05/RW 04, Meruyung, Limo, Kota Depok', '089699514137', NULL, '2026-06-29 02:13:10', '2026-06-29 02:13:10'),
(933, 153, '8755473076', 'Ragil Rahayu', 'L', 'Jl. Sawangan Raya No. 9 RT 06/RW 02, Cisalak, Cimanggis, Kota Depok', '082219412180', NULL, '2026-06-29 02:13:10', '2026-06-29 02:13:10'),
(934, 153, '5800034754', 'Dafa Santoso', 'L', 'Jl. Siliwangi No. 89 RT 08/RW 05, Pangkalan Jati, Cinere, Kota Depok', '081531060039', NULL, '2026-06-29 02:13:10', '2026-06-29 02:13:10'),
(935, 153, '4030500985', 'Aini Firdaus', 'P', 'Jl. Sawangan Raya No. 54 RT 09/RW 04, Cisalak Pasar, Sukmajaya, Kota Depok', '081795018966', NULL, '2026-06-29 02:13:10', '2026-06-29 02:13:10'),
(936, 153, '8393655562', 'Rina Manurung', 'P', 'Jl. Kenanga No. 93 RT 07/RW 03, Rangkapan Jaya, Pancoran Mas, Kota Depok', '081220278641', NULL, '2026-06-29 02:13:10', '2026-06-29 02:13:10'),
(937, 153, '8921639705', 'Nurhayati Suranta', 'P', 'Jl. Cemara No. 47 RT 01/RW 07, Tonjong, Bojong Sari, Kota Depok', '081638125667', NULL, '2026-06-29 02:13:10', '2026-06-29 02:13:10'),
(938, 153, '9560882506', 'Tiara Fitriani', 'P', 'Jl. Cisalak Raya No. 45 RT 05/RW 08, Ratujaya, Cipayung, Kota Depok', '082300512007', NULL, '2026-06-29 02:13:10', '2026-06-29 02:13:10'),
(939, 153, '9823623831', 'Fikri Nasution', 'L', 'Jl. Flamboyan No. 144 RT 11/RW 03, Cinere, Cinere, Kota Depok', '081698193015', NULL, '2026-06-29 02:13:10', '2026-06-29 02:13:10'),
(940, 153, '5203963932', 'Isnaini Napitupulu', 'P', 'Jl. Raya Citayam No. 113 RT 13/RW 01, Curug, Kelapa Dua, Kota Depok', '082222520578', NULL, '2026-06-29 02:13:10', '2026-06-29 02:13:10'),
(941, 153, '7125245141', 'Nida Cahyo Wijaya', 'P', 'Jl. Raya Parung No. 40 RT 10/RW 02, Curug, Cimanggis, Kota Depok', '087851911629', NULL, '2026-06-29 02:13:10', '2026-06-29 02:13:10'),
(942, 153, '4674497698', 'Lisa Hendra Manurung', 'P', 'Jl. Sawangan Raya No. 53 RT 07/RW 03, Beji, Beji, Kota Depok', '081611751661', NULL, '2026-06-29 02:13:10', '2026-06-29 02:13:10'),
(943, 153, '7353228112', 'Yeni Ayu Kurniawan', 'P', 'Jl. Nusantara No. 95 RT 05/RW 08, Mampang, Pancoran Mas, Kota Depok', '082304089465', NULL, '2026-06-29 02:13:10', '2026-06-29 02:13:10'),
(944, 153, '5236625954', 'Indah Fadillah', 'P', 'Jl. Cemara No. 150 RT 12/RW 01, Tonjong, Bojong Sari, Kota Depok', '081244692637', NULL, '2026-06-29 02:13:10', '2026-06-29 02:13:10'),
(945, 153, '7129490293', 'Septian Lestari Nasution', 'L', 'Jl. Pajajaran No. 86 RT 08/RW 04, Mekarsari, Cimanggis, Kota Depok', '081354078086', NULL, '2026-06-29 02:13:10', '2026-06-29 02:13:10'),
(946, 153, '3458867704', 'Rizka Tarigan', 'P', 'Jl. Sukmajaya Raya No. 21 RT 06/RW 03, Curug, Cimanggis, Kota Depok', '087859159105', NULL, '2026-06-29 02:13:10', '2026-06-29 02:13:10'),
(947, 153, '8805852216', 'Robi Wahyu Prabowo', 'L', 'Jl. Nusantara No. 31 RT 04/RW 02, Tanah Baru, Beji, Kota Depok', '089600542392', NULL, '2026-06-29 02:13:10', '2026-06-29 02:13:10'),
(948, 153, '1636440968', 'Dicky Nugroho', 'L', 'Jl. Beji Raya No. 119 RT 11/RW 06, Bojong Sari Baru, Bojong Sari, Kota Depok', '081382440738', NULL, '2026-06-29 02:13:10', '2026-06-29 02:13:10'),
(949, 153, '9612022697', 'Suci Sukma', 'P', 'Jl. Flamboyan No. 15 RT 03/RW 05, Mekarjaya, Sukmajaya, Kota Depok', '085858862489', NULL, '2026-06-29 02:13:10', '2026-06-29 02:13:10'),
(950, 153, '5132233359', 'Dion Tarigan', 'L', 'Jl. Raya Depok No. 12 RT 01/RW 02, Cipayung, Cipayung, Kota Depok', '089829884578', NULL, '2026-06-29 02:13:10', '2026-06-29 02:13:10'),
(951, 153, '3704276449', 'Nurafni Haryanto', 'P', 'Jl. Akasia No. 19 RT 03/RW 04, Depok Jaya, Pancoran Mas, Kota Depok', '081568440912', NULL, '2026-06-29 02:13:10', '2026-06-29 02:13:10'),
(952, 153, '5391633686', 'Nadhira Indah Ningrum', 'P', 'Jl. Raya Depok No. 46 RT 04/RW 05, Pangkalan Jati Baru, Cinere, Kota Depok', '085388249171', NULL, '2026-06-29 02:13:10', '2026-06-29 02:13:10'),
(953, 153, '3175296488', 'Fadli Rahayu', 'L', 'Jl. Raya Citayam No. 23 RT 06/RW 05, Bojong Pondok Terong, Cipayung, Kota Depok', '082226054746', NULL, '2026-06-29 02:13:10', '2026-06-29 02:13:10'),
(954, 153, '1067289963', 'Lisa Maulana', 'P', 'Jl. Kartini No. 60 RT 04/RW 08, Bojong Pondok Terong, Cipayung, Kota Depok', '089889226583', NULL, '2026-06-29 02:13:10', '2026-06-29 02:13:10'),
(955, 153, '2214703234', 'Sekar Fitriani', 'P', 'Jl. Raya Citayam No. 72 RT 01/RW 02, Pangkalan Jati Baru, Cinere, Kota Depok', '087778554137', NULL, '2026-06-29 02:13:10', '2026-06-29 02:13:10'),
(956, 153, '2817626297', 'Anwar Nasution', 'L', 'Jl. Tapos Raya No. 72 RT 13/RW 01, Pangkalan Jati Baru, Cinere, Kota Depok', '081539494662', NULL, '2026-06-29 02:13:10', '2026-06-29 02:13:10'),
(957, 154, '5459074874', 'Agnes Citra Santoso', 'P', 'Jl. Flamboyan No. 135 RT 12/RW 08, Duren Seribu, Sawangan, Kota Depok', '089800149002', NULL, '2026-06-29 02:13:10', '2026-06-29 02:13:10'),
(958, 154, '9287395058', 'Bella Hidayat', 'P', 'Jl. Melati No. 66 RT 05/RW 05, Cisalak Pasar, Sukmajaya, Kota Depok', '081224675244', NULL, '2026-06-29 02:13:10', '2026-06-29 02:13:10'),
(959, 154, '5684890656', 'Febrianti Sukma', 'P', 'Jl. Dahlia No. 112 RT 10/RW 03, Beji, Beji, Kota Depok', '089812341805', NULL, '2026-06-29 02:13:10', '2026-06-29 02:13:10'),
(960, 154, '6144696544', 'Melani Indah Tarigan', 'P', 'Jl. Cipayung Raya No. 20 RT 14/RW 06, Cipayung, Cipayung, Kota Depok', '085701767771', NULL, '2026-06-29 02:13:10', '2026-06-29 02:13:10'),
(961, 154, '2860712344', 'Dara Kusuma', 'P', 'Jl. Kartini No. 41 RT 10/RW 06, Curug, Kelapa Dua, Kota Depok', '081262146297', NULL, '2026-06-29 02:13:10', '2026-06-29 02:13:10'),
(962, 154, '9224248631', 'Hadi Tarigan', 'L', 'Jl. Imam Bonjol No. 7 RT 09/RW 01, Rangkapan Jaya, Pancoran Mas, Kota Depok', '089836748659', NULL, '2026-06-29 02:13:10', '2026-06-29 02:13:10'),
(963, 154, '8430200023', 'Dimas Kurniawan', 'L', 'Jl. Siliwangi No. 150 RT 08/RW 05, Beji Timur, Beji, Kota Depok', '081553148179', NULL, '2026-06-29 02:13:10', '2026-06-29 02:13:10'),
(964, 154, '5674320577', 'Arya Lestari Dewi', 'L', 'Jl. Kenanga No. 131 RT 04/RW 07, Pangkalan Jati Baru, Cinere, Kota Depok', '087745978843', NULL, '2026-06-29 02:13:10', '2026-06-29 02:13:10'),
(965, 154, '7432737112', 'Annisa Setiawan', 'P', 'Jl. Anggrek No. 29 RT 10/RW 05, Mampang, Pancoran Mas, Kota Depok', '085772288230', NULL, '2026-06-29 02:13:10', '2026-06-29 02:13:10'),
(966, 154, '4401598459', 'Rita Wahyu Subagyo', 'P', 'Jl. Cemara No. 50 RT 07/RW 01, Harjamukti, Cimanggis, Kota Depok', '085750816148', NULL, '2026-06-29 02:13:10', '2026-06-29 02:13:10'),
(967, 154, '6777931565', 'Robby Manurung', 'L', 'Jl. Diponegoro No. 31 RT 07/RW 05, Cinangka, Sawangan, Kota Depok', '082381914660', NULL, '2026-06-29 02:13:10', '2026-06-29 02:13:10'),
(968, 154, '6379140460', 'Oktavia Agung Putra', 'P', 'Jl. Cempaka No. 93 RT 04/RW 03, Kelapa Dua, Kelapa Dua, Kota Depok', '085686802225', NULL, '2026-06-29 02:13:10', '2026-06-29 02:13:10'),
(969, 154, '9003620982', 'Eva Rahmawati', 'P', 'Jl. Raya Citayam No. 23 RT 14/RW 06, Pondok Jaya, Bojong Sari, Kota Depok', '081711005031', NULL, '2026-06-29 02:13:10', '2026-06-29 02:13:10'),
(970, 154, '9114205608', 'Rafi Wulan Sari', 'L', 'Jl. Raya Sawangan No. 72 RT 11/RW 07, Depok, Pancoran Mas, Kota Depok', '089644164859', NULL, '2026-06-29 02:13:10', '2026-06-29 02:13:10'),
(971, 154, '5940890819', 'Alya Rahayu', 'P', 'Jl. Raya Bogor No. 60 RT 13/RW 07, Jatijajar, Tapos, Kota Depok', '085704830863', NULL, '2026-06-29 02:13:10', '2026-06-29 02:13:10'),
(972, 154, '6509056530', 'Tri Nuraini', 'L', 'Jl. Cinere Raya No. 133 RT 10/RW 04, Pancoran Mas, Pancoran Mas, Kota Depok', '081225178440', NULL, '2026-06-29 02:13:10', '2026-06-29 02:13:10'),
(973, 154, '1872419239', 'Devi Hakim', 'P', 'Jl. Sukmajaya Raya No. 22 RT 12/RW 08, Pangkalan Jati, Cinere, Kota Depok', '089602094926', NULL, '2026-06-29 02:13:10', '2026-06-29 02:13:10'),
(974, 154, '8964178122', 'Anggi Ramadhan', 'P', 'Jl. Raya Parung No. 65 RT 09/RW 07, Cinere, Cinere, Kota Depok', '081605974943', NULL, '2026-06-29 02:13:10', '2026-06-29 02:13:10'),
(975, 154, '5985733312', 'Sekar Sudrajat', 'P', 'Jl. Gatot Subroto No. 42 RT 15/RW 04, Pengasinan, Sawangan, Kota Depok', '085702977778', NULL, '2026-06-29 02:13:10', '2026-06-29 02:13:10'),
(976, 154, '6797064031', 'Anisa Ivan Wahyuni', 'P', 'Jl. Melati No. 138 RT 03/RW 02, Mekarsari, Cimanggis, Kota Depok', '085237732465', NULL, '2026-06-29 02:13:10', '2026-06-29 02:13:10'),
(977, 154, '7158265920', 'Robi Dwi Hidayat', 'L', 'Jl. Kenanga No. 74 RT 05/RW 06, Tapos, Tapos, Kota Depok', '087736195832', NULL, '2026-06-29 02:13:10', '2026-06-29 02:13:10'),
(978, 154, '8677933514', 'Novi Ningrum', 'P', 'Jl. Gatot Subroto No. 24 RT 12/RW 01, Tanah Baru, Beji, Kota Depok', '087777077665', NULL, '2026-06-29 02:13:10', '2026-06-29 02:13:10'),
(979, 154, '5505238481', 'Rita Maulida Nainggolan', 'P', 'Jl. Raya Bogor No. 14 RT 09/RW 04, Sukamaju, Sukmajaya, Kota Depok', '085176270566', NULL, '2026-06-29 02:13:10', '2026-06-29 02:13:10'),
(980, 154, '3728431138', 'Alif Bagas Tarigan', 'L', 'Jl. Pajajaran No. 111 RT 08/RW 06, Cisalak, Cimanggis, Kota Depok', '089768341932', NULL, '2026-06-29 02:13:10', '2026-06-29 02:13:10'),
(981, 154, '5557107031', 'Dion Hasanah', 'L', 'Jl. Dahlia No. 86 RT 05/RW 02, Tugu, Cimanggis, Kota Depok', '089740215909', NULL, '2026-06-29 02:13:10', '2026-06-29 02:13:10'),
(982, 154, '3092556851', 'Alya Ivan Putri', 'P', 'Jl. Sawangan Raya No. 78 RT 15/RW 01, Pondok Cina, Beji, Kota Depok', '085221086171', NULL, '2026-06-29 02:13:10', '2026-06-29 02:13:10'),
(983, 154, '3493507716', 'Arum Hasanah', 'P', 'Jl. Raya Citayam No. 126 RT 03/RW 08, Bojong Pondok Terong, Cipayung, Kota Depok', '085219735897', NULL, '2026-06-29 02:13:10', '2026-06-29 02:13:10'),
(984, 154, '6631567870', 'Uswatun Fadillah', 'P', 'Jl. Cipayung Raya No. 54 RT 06/RW 08, Cipayung, Cipayung, Kota Depok', '087811345437', NULL, '2026-06-29 02:13:10', '2026-06-29 02:13:10'),
(985, 154, '2107283745', 'Nisa Panjaitan', 'P', 'Jl. Siliwangi No. 73 RT 02/RW 07, Curug, Cimanggis, Kota Depok', '087851443061', NULL, '2026-06-29 02:13:10', '2026-06-29 02:13:10'),
(986, 154, '2503173184', 'Oktavia Anggraini', 'P', 'Jl. Pahlawan No. 74 RT 01/RW 07, Cinangka, Sawangan, Kota Depok', '089632473514', NULL, '2026-06-29 02:13:10', '2026-06-29 02:13:10'),
(987, 154, '1028342601', 'Nia Purba', 'P', 'Jl. Margonda Raya No. 51 RT 04/RW 04, Rangkapan Jaya, Pancoran Mas, Kota Depok', '082274929607', NULL, '2026-06-29 02:13:10', '2026-06-29 02:13:10'),
(988, 154, '1436445948', 'Fadila Sembiring', 'P', 'Jl. Flamboyan No. 116 RT 03/RW 07, Cisalak Pasar, Sukmajaya, Kota Depok', '087885372877', NULL, '2026-06-29 02:13:10', '2026-06-29 02:13:10'),
(989, 154, '3906111560', 'Rizka Dewi', 'P', 'Jl. Nusantara No. 141 RT 11/RW 05, Sukamaju Baru, Kelapa Dua, Kota Depok', '082216377602', NULL, '2026-06-29 02:13:10', '2026-06-29 02:13:10'),
(990, 155, '4756450345', 'Hana Anggraini', 'P', 'Jl. Gatot Subroto No. 70 RT 10/RW 04, Serua, Bojong Sari, Kota Depok', '087898054170', NULL, '2026-06-29 02:13:10', '2026-06-29 02:13:10'),
(991, 155, '6642894541', 'Amanda Nuraini', 'P', 'Jl. Raya Parung No. 135 RT 15/RW 03, Bojong Sari Baru, Bojong Sari, Kota Depok', '085749857795', NULL, '2026-06-29 02:13:10', '2026-06-29 02:13:10'),
(992, 155, '4097904875', 'Isnaini Sudrajat', 'P', 'Jl. Kenanga No. 36 RT 13/RW 07, Bedahan, Sawangan, Kota Depok', '085389068268', NULL, '2026-06-29 02:13:10', '2026-06-29 02:13:10'),
(993, 155, '9440425034', 'Sri Nuraini', 'P', 'Jl. Limo Raya No. 81 RT 08/RW 01, Curug, Cimanggis, Kota Depok', '089613844428', NULL, '2026-06-29 02:13:10', '2026-06-29 02:13:10'),
(994, 155, '7171158886', 'Satria Pratama', 'L', 'Jl. Kartini No. 120 RT 02/RW 02, Cilangkap, Tapos, Kota Depok', '082256457341', NULL, '2026-06-29 02:13:10', '2026-06-29 02:13:10'),
(995, 155, '5536984125', 'Hani Suranta', 'P', 'Jl. Raya Parung No. 53 RT 12/RW 02, Cipayung, Cipayung, Kota Depok', '085106964033', NULL, '2026-06-29 02:13:10', '2026-06-29 02:13:10'),
(996, 155, '7988900439', 'Amir Ginting', 'L', 'Jl. Cipayung Raya No. 144 RT 08/RW 04, Cinangka, Sawangan, Kota Depok', '082103993725', NULL, '2026-06-29 02:13:10', '2026-06-29 02:13:10'),
(997, 155, '1323321431', 'Dian Sanjaya', 'P', 'Jl. Sukmajaya Raya No. 108 RT 07/RW 06, Bojong Pondok Terong, Cipayung, Kota Depok', '081669632177', NULL, '2026-06-29 02:13:10', '2026-06-29 02:13:10'),
(998, 155, '7017628637', 'Dafa Manurung', 'L', 'Jl. Anggrek No. 51 RT 11/RW 02, Cinangka, Sawangan, Kota Depok', '081532123380', NULL, '2026-06-29 02:13:10', '2026-06-29 02:13:10'),
(999, 155, '6620880575', 'Reni Tarigan', 'P', 'Jl. Cempaka No. 14 RT 11/RW 07, Krukut, Limo, Kota Depok', '082293883151', NULL, '2026-06-29 02:13:10', '2026-06-29 02:13:10'),
(1000, 155, '1979008057', 'Miftah Sanjaya', 'L', 'Jl. Raya Bogor No. 88 RT 11/RW 03, Ratujaya, Cipayung, Kota Depok', '089812406860', NULL, '2026-06-29 02:13:10', '2026-06-29 02:13:10'),
(1001, 155, '5255729741', 'Fajar Agung Panjaitan', 'L', 'Jl. H. Djuanda No. 137 RT 02/RW 02, Kelapa Dua, Kelapa Dua, Kota Depok', '089820678705', NULL, '2026-06-29 02:13:10', '2026-06-29 02:13:10'),
(1002, 155, '5500005003', 'Arif Aldi Ramadhan', 'L', 'Jl. Beji Raya No. 29 RT 15/RW 04, Gandul, Cinere, Kota Depok', '087745612855', NULL, '2026-06-29 02:13:10', '2026-06-29 02:13:10'),
(1003, 155, '2452891668', 'Dara Jaya Ramadhan', 'P', 'Jl. Cemara No. 129 RT 14/RW 05, Tanah Baru, Beji, Kota Depok', '087866979390', NULL, '2026-06-29 02:13:10', '2026-06-29 02:13:10'),
(1004, 155, '9391031794', 'Nadya Danu Rahayu', 'P', 'Jl. Sawangan Raya No. 70 RT 11/RW 03, Tugu, Cimanggis, Kota Depok', '081529653911', NULL, '2026-06-29 02:13:10', '2026-06-29 02:13:10'),
(1005, 155, '4932046291', 'Alya Wahyuni', 'P', 'Jl. Nusantara No. 4 RT 11/RW 08, Mekarjaya, Sukmajaya, Kota Depok', '082191992021', NULL, '2026-06-29 02:13:10', '2026-06-29 02:13:10'),
(1006, 155, '6777187420', 'Puspita Kusuma', 'P', 'Jl. Raya Parung No. 113 RT 11/RW 06, Sukamaju Baru, Kelapa Dua, Kota Depok', '081606967946', NULL, '2026-06-29 02:13:10', '2026-06-29 02:13:10'),
(1007, 155, '3225240833', 'Alif Santika', 'L', 'Jl. Anggrek No. 49 RT 05/RW 06, Sukamaju, Sukmajaya, Kota Depok', '085397842186', NULL, '2026-06-29 02:13:10', '2026-06-29 02:13:10'),
(1008, 155, '1785657016', 'Pandu Ningrum', 'L', 'Jl. Proklamasi No. 106 RT 08/RW 04, Serua, Bojong Sari, Kota Depok', '081670141477', NULL, '2026-06-29 02:13:10', '2026-06-29 02:13:10'),
(1009, 155, '8598159104', 'Rahma Susanto', 'P', 'Jl. Pajajaran No. 103 RT 12/RW 07, Sukamaju, Sukmajaya, Kota Depok', '085693159180', NULL, '2026-06-29 02:13:10', '2026-06-29 02:13:10'),
(1010, 155, '2266473280', 'Yeni Danu Wati', 'P', 'Jl. Seroja No. 137 RT 02/RW 06, Bojong Pondok Terong, Cipayung, Kota Depok', '085892977037', NULL, '2026-06-29 02:13:10', '2026-06-29 02:13:10'),
(1011, 155, '8636253471', 'Alya Manurung', 'P', 'Jl. Kenanga No. 54 RT 12/RW 05, Gandul, Cinere, Kota Depok', '081719643112', NULL, '2026-06-29 02:13:10', '2026-06-29 02:13:10'),
(1012, 155, '3787857564', 'Cahya Suranta', 'L', 'Jl. Mawar No. 106 RT 07/RW 04, Curug, Cimanggis, Kota Depok', '085318481296', NULL, '2026-06-29 02:13:10', '2026-06-29 02:13:10'),
(1013, 155, '1936315221', 'Anisa Saputra', 'P', 'Jl. Tugu Raya No. 36 RT 15/RW 06, Limo, Limo, Kota Depok', '085332840779', NULL, '2026-06-29 02:13:10', '2026-06-29 02:13:10'),
(1014, 155, '2865172855', 'Fikri Dewi', 'L', 'Jl. Seroja No. 55 RT 07/RW 06, Krukut, Limo, Kota Depok', '082340245297', NULL, '2026-06-29 02:13:10', '2026-06-29 02:13:10'),
(1015, 155, '3389855810', 'Pandu Saputra', 'L', 'Jl. Nusantara No. 128 RT 02/RW 01, Sukamaju, Sukmajaya, Kota Depok', '089769258355', NULL, '2026-06-29 02:13:10', '2026-06-29 02:13:10'),
(1016, 155, '4460482110', 'Robby Sinambela', 'L', 'Jl. Pahlawan No. 66 RT 05/RW 08, Cipayung Jaya, Cipayung, Kota Depok', '085224319913', NULL, '2026-06-29 02:13:10', '2026-06-29 02:13:10'),
(1017, 155, '5257200216', 'Laras Hakim', 'P', 'Jl. Akasia No. 142 RT 04/RW 07, Pangkalan Jati, Cinere, Kota Depok', '085221000010', NULL, '2026-06-29 02:13:10', '2026-06-29 02:13:10'),
(1018, 155, '2283991087', 'Nurul Yusuf', 'P', 'Jl. Mawar No. 143 RT 08/RW 06, Grogol, Limo, Kota Depok', '081252811875', NULL, '2026-06-29 02:13:10', '2026-06-29 02:13:10'),
(1019, 155, '7156751825', 'Rizal Suranta', 'L', 'Jl. Cisalak Raya No. 16 RT 08/RW 07, Bojong Pondok Terong, Cipayung, Kota Depok', '082323490516', NULL, '2026-06-29 02:13:10', '2026-06-29 02:13:10'),
(1020, 155, '4070233048', 'Lisa Lestari', 'P', 'Jl. H. Djuanda No. 61 RT 08/RW 08, Pangkalan Jati, Cinere, Kota Depok', '085871006223', NULL, '2026-06-29 02:13:10', '2026-06-29 02:13:10'),
(1021, 155, '7191917213', 'Ragil Sembiring', 'L', 'Jl. Ahmad Yani No. 147 RT 01/RW 05, Pangkalan Jati Baru, Cinere, Kota Depok', '085800970770', NULL, '2026-06-29 02:13:10', '2026-06-29 02:13:10'),
(1022, 155, '5992202958', 'Lukman Wati', 'L', 'Jl. Tugu Raya No. 35 RT 15/RW 08, Krukut, Limo, Kota Depok', '081717111582', NULL, '2026-06-29 02:13:10', '2026-06-29 02:13:10');

-- --------------------------------------------------------

--
-- Table structure for table `tbl_users`
--

CREATE TABLE `tbl_users` (
  `id_user` int(11) NOT NULL,
  `username` varchar(50) NOT NULL,
  `nama` varchar(100) DEFAULT NULL,
  `password` varchar(255) NOT NULL,
  `email` varchar(100) DEFAULT NULL,
  `role` enum('admin','guru','siswa','bk') NOT NULL DEFAULT 'admin',
  `id_guru` int(11) DEFAULT NULL,
  `id_siswa` int(11) DEFAULT NULL,
  `created_at` timestamp NOT NULL DEFAULT current_timestamp(),
  `updated_at` timestamp NOT NULL DEFAULT current_timestamp() ON UPDATE current_timestamp(),
  `status` varchar(20) DEFAULT 'aktif'
) ENGINE=InnoDB DEFAULT CHARSET=utf8mb4 COLLATE=utf8mb4_unicode_ci;

--
-- Dumping data for table `tbl_users`
--

INSERT INTO `tbl_users` (`id_user`, `username`, `nama`, `password`, `email`, `role`, `id_guru`, `id_siswa`, `created_at`, `updated_at`, `status`) VALUES
(1, 'admin', 'Administrator', '$2y$10$SjgwuNpUMQZK3Ir.BNmeWO2qHv5cFSIe4tqCyvAh.G25A.t/bZPNW', 'admin@sekolah.local', 'admin', NULL, NULL, '2026-06-14 12:52:39', '2026-06-14 05:55:53', 'aktif'),
(10, '197201241999041001', 'Ali Imran', '$2y$10$ikTx1rwruYbucFUHuuQun.3RGeg9fvenRvr3qdt2f5ErYOqweNGq2', NULL, 'guru', 1983, NULL, '2026-06-28 04:49:08', '2026-06-28 04:49:08', 'aktif'),
(11, '198106202010111001', 'Achmad Faisal Ghifari', '$2y$10$/JXuQWZl2jcUn4E84fosNO6FhrARSoKLQyhUO9Mf7kwiL.Llf/TLK', NULL, 'bk', 2040, NULL, '2026-06-28 04:49:20', '2026-06-28 04:49:20', 'aktif');

--
-- Indexes for dumped tables
--

--
-- Indexes for table `migrations`
--
ALTER TABLE `migrations`
  ADD PRIMARY KEY (`id`);

--
-- Indexes for table `tbl_absensi`
--
ALTER TABLE `tbl_absensi`
  ADD PRIMARY KEY (`id_absensi`);

--
-- Indexes for table `tbl_guru`
--
ALTER TABLE `tbl_guru`
  ADD PRIMARY KEY (`id_guru`),
  ADD UNIQUE KEY `uq_nip` (`nip`);

--
-- Indexes for table `tbl_jadwal`
--
ALTER TABLE `tbl_jadwal`
  ADD PRIMARY KEY (`id_jadwal`),
  ADD KEY `fk_jadwal_kelas` (`id_kelas`),
  ADD KEY `fk_jadwal_mapel` (`id_mapel`),
  ADD KEY `fk_jadwal_guru` (`id_guru`);

--
-- Indexes for table `tbl_jurusan`
--
ALTER TABLE `tbl_jurusan`
  ADD PRIMARY KEY (`id_jurusan`),
  ADD UNIQUE KEY `uq_kode_jurusan` (`kode_jurusan`),
  ADD KEY `fk_jurusan_kaprog` (`id_kaprog`);

--
-- Indexes for table `tbl_kelas`
--
ALTER TABLE `tbl_kelas`
  ADD PRIMARY KEY (`id_kelas`),
  ADD KEY `fk_kelas_jurusan` (`id_jurusan`),
  ADD KEY `fk_kelas_wali` (`id_wali_kelas`);

--
-- Indexes for table `tbl_mata_pelajaran`
--
ALTER TABLE `tbl_mata_pelajaran`
  ADD PRIMARY KEY (`id_mapel`),
  ADD KEY `idx_mapel_guru` (`id_guru`);

--
-- Indexes for table `tbl_siswa`
--
ALTER TABLE `tbl_siswa`
  ADD PRIMARY KEY (`id_siswa`),
  ADD UNIQUE KEY `uq_nisn` (`nisn`),
  ADD KEY `fk_siswa_kelas` (`id_kelas`);

--
-- Indexes for table `tbl_users`
--
ALTER TABLE `tbl_users`
  ADD PRIMARY KEY (`id_user`);

--
-- AUTO_INCREMENT for dumped tables
--

--
-- AUTO_INCREMENT for table `migrations`
--
ALTER TABLE `migrations`
  MODIFY `id` bigint(20) UNSIGNED NOT NULL AUTO_INCREMENT, AUTO_INCREMENT=14;

--
-- AUTO_INCREMENT for table `tbl_absensi`
--
ALTER TABLE `tbl_absensi`
  MODIFY `id_absensi` int(11) NOT NULL AUTO_INCREMENT, AUTO_INCREMENT=45;

--
-- AUTO_INCREMENT for table `tbl_guru`
--
ALTER TABLE `tbl_guru`
  MODIFY `id_guru` int(11) NOT NULL AUTO_INCREMENT, AUTO_INCREMENT=2045;

--
-- AUTO_INCREMENT for table `tbl_jadwal`
--
ALTER TABLE `tbl_jadwal`
  MODIFY `id_jadwal` int(11) NOT NULL AUTO_INCREMENT, AUTO_INCREMENT=751;

--
-- AUTO_INCREMENT for table `tbl_jurusan`
--
ALTER TABLE `tbl_jurusan`
  MODIFY `id_jurusan` int(11) NOT NULL AUTO_INCREMENT, AUTO_INCREMENT=12;

--
-- AUTO_INCREMENT for table `tbl_kelas`
--
ALTER TABLE `tbl_kelas`
  MODIFY `id_kelas` int(11) NOT NULL AUTO_INCREMENT, AUTO_INCREMENT=156;

--
-- AUTO_INCREMENT for table `tbl_mata_pelajaran`
--
ALTER TABLE `tbl_mata_pelajaran`
  MODIFY `id_mapel` int(11) NOT NULL AUTO_INCREMENT, AUTO_INCREMENT=106;

--
-- AUTO_INCREMENT for table `tbl_siswa`
--
ALTER TABLE `tbl_siswa`
  MODIFY `id_siswa` int(11) NOT NULL AUTO_INCREMENT, AUTO_INCREMENT=1023;

--
-- AUTO_INCREMENT for table `tbl_users`
--
ALTER TABLE `tbl_users`
  MODIFY `id_user` int(11) NOT NULL AUTO_INCREMENT, AUTO_INCREMENT=12;

--
-- Constraints for dumped tables
--

--
-- Constraints for table `tbl_jadwal`
--
ALTER TABLE `tbl_jadwal`
  ADD CONSTRAINT `fk_jadwal_guru` FOREIGN KEY (`id_guru`) REFERENCES `tbl_guru` (`id_guru`) ON UPDATE CASCADE,
  ADD CONSTRAINT `fk_jadwal_kelas` FOREIGN KEY (`id_kelas`) REFERENCES `tbl_kelas` (`id_kelas`) ON UPDATE CASCADE,
  ADD CONSTRAINT `fk_jadwal_mapel` FOREIGN KEY (`id_mapel`) REFERENCES `tbl_mata_pelajaran` (`id_mapel`) ON UPDATE CASCADE;

--
-- Constraints for table `tbl_jurusan`
--
ALTER TABLE `tbl_jurusan`
  ADD CONSTRAINT `fk_jurusan_kaprog` FOREIGN KEY (`id_kaprog`) REFERENCES `tbl_guru` (`id_guru`) ON DELETE SET NULL ON UPDATE CASCADE;

--
-- Constraints for table `tbl_kelas`
--
ALTER TABLE `tbl_kelas`
  ADD CONSTRAINT `fk_kelas_jurusan` FOREIGN KEY (`id_jurusan`) REFERENCES `tbl_jurusan` (`id_jurusan`) ON UPDATE CASCADE,
  ADD CONSTRAINT `fk_kelas_wali` FOREIGN KEY (`id_wali_kelas`) REFERENCES `tbl_guru` (`id_guru`) ON DELETE SET NULL ON UPDATE CASCADE;

--
-- Constraints for table `tbl_mata_pelajaran`
--
ALTER TABLE `tbl_mata_pelajaran`
  ADD CONSTRAINT `fk_mapel_guru` FOREIGN KEY (`id_guru`) REFERENCES `tbl_guru` (`id_guru`) ON DELETE SET NULL ON UPDATE CASCADE;

--
-- Constraints for table `tbl_siswa`
--
ALTER TABLE `tbl_siswa`
  ADD CONSTRAINT `fk_siswa_kelas` FOREIGN KEY (`id_kelas`) REFERENCES `tbl_kelas` (`id_kelas`) ON UPDATE CASCADE;
COMMIT;

/*!40101 SET CHARACTER_SET_CLIENT=@OLD_CHARACTER_SET_CLIENT */;
/*!40101 SET CHARACTER_SET_RESULTS=@OLD_CHARACTER_SET_RESULTS */;
/*!40101 SET COLLATION_CONNECTION=@OLD_COLLATION_CONNECTION */;
